customer_id,customer_name,email,country,signup_date,customer_segment,lifetime_value
1,Mark Moore,0iq2fa39@outlook.com,Spain,2024-08-13,Standard,18674.76
2,Jennifer Jackson,v7c9hx3d@mail.com,UK,2020-03-28,Standard,2626.82
3,Sandra Roberts,0rnpm6jq@outlook.com,Canada,2023-06-11,Basic,30887.16
4,Christopher Thomas,otckeh5s@gmail.com,Australia,2024-05-20,Basic,18019.69
5,Andrew Perez,r6snglh6@company.com,Canada,2024-07-14,Standard,26518.67
6,Thomas Garcia,dxj37c9h@email.com,Brazil,2024-09-14,Premium,8887.41
7,Daniel Perez,0mvzmuf8@test.com,Norway,2021-09-24,Premium,24572.78
8,Jennifer Johnson,ihsa7hez@mail.com,Canada,2020-02-14,Premium,29371.8
9,Barbara Thompson,dsnczxvm@mail.com,France,2020-11-18,Basic,47439.81
10,Kimberly Lee,lzu6wmx3@email.com,China,2024-02-12,Basic,14796.41
11,Susan Martin,azu41ugl@example.com,UK,2022-10-13,Premium,16625.3
12,Michael Davis,mlw83y0m@gmail.com,Japan,2021-03-05,Premium,34689.49
13,Matthew Rodriguez,2zbppfo5@mail.com,Norway,2022-02-07,Premium,41457.47
14,Thomas Garcia,q2bajdm5@outlook.com,Mexico,2023-01-25,Premium,16963.73
15,Steven Harris,b7f6fdhg@company.com,China,2021-09-01,Premium,4886.2
16,Margaret Jackson,trbad3wr@yahoo.com,USA,2021-02-27,Premium,31945.71
17,Jennifer Thomas,4lorxdtg@email.com,Brazil,2021-01-17,Standard,2326.38
18,Mark Anderson,j4ufzdy3@email.com,Italy,2023-02-07,Premium,42055.78
19,Emily Wilson,8y7uiko4@gmail.com,Sweden,2023-03-15,Basic,40042.47
20,Barbara Jones,8q8ghgbc@email.com,Spain,2024-08-11,Basic,7479.12
21,Charles Hernandez,66cnoljq@gmail.com,Sweden,2024-05-19,Standard,5714.69
22,Barbara Brown,uu8dd225@mail.com,South Korea,2021-06-24,Standard,32773.9
23,Steven Johnson,gowyoo5y@gmail.com,Switzerland,2021-07-04,Standard,1109.62
24,Nancy Martinez,krzd5e9p@mail.com,Japan,2024-02-01,Standard,30288.46
25,Jennifer Miller,p6orsnc2@yahoo.com,China,2023-12-24,Basic,20228.92
26,Emily Collins,ug5hcbbm@example.com,Japan,2022-01-24,Standard,25305.81
27,Linda White,bnvg5vmf@company.com,Mexico,2021-08-06,Premium,19389.63
28,Richard Edwards,u84xyjoa@gmail.com,Switzerland,2020-09-27,Basic,8742.71
29,James Davis,j2k8xpnm@company.com,Spain,2022-08-13,Standard,33892.09
30,Margaret Jackson,dsx4nxvk@yahoo.com,Switzerland,2020-05-10,Standard,49419.21
31,Daniel Edwards,jx8xgsic@email.com,India,2023-10-26,Premium,36092.03
32,Kimberly Martinez,jpnbzug0@example.com,Norway,2023-07-31,Standard,45335.67
33,Matthew Taylor,kgxukq00@outlook.com,India,2023-09-02,Premium,11190.45
34,Thomas Martin,5p5nvqeb@yahoo.com,Switzerland,2024-12-26,Premium,25073.82
35,John Taylor,kb4ehou6@test.com,France,2021-10-09,Basic,9099.8
36,Jennifer Thomas,l9lcqh1u@outlook.com,Switzerland,2024-05-27,Premium,6557.36
37,Sandra Lee,pprat086@example.com,USA,2023-10-17,Premium,31371.68
38,Sarah Davis,ymenvg3k@company.com,Netherlands,2024-01-30,Basic,29858.86
39,Lisa Wilson,59m6mg87@email.com,USA,2021-04-12,Premium,36385.72
40,David Miller,0vgnxb5j@gmail.com,Canada,2023-09-17,Premium,32713.02
41,Mary Johnson,ypntrfzw@company.com,South Korea,2023-09-17,Premium,33157.9
42,Karen Martin,ve3dzeed@example.com,Spain,2024-05-12,Standard,41591.79
43,Joseph Lopez,zkbrh7la@yahoo.com,UK,2024-09-06,Basic,33484.19
44,Barbara Williams,2c06xq9j@gmail.com,UK,2024-07-23,Premium,43719.61
45,Christopher Lopez,2l0d1b4x@outlook.com,India,2022-01-02,Standard,47758.95
46,Karen Collins,0nmeoq4y@test.com,South Korea,2023-08-21,Premium,5741.52
47,Patricia Edwards,fov2ygnm@gmail.com,France,2022-09-16,Standard,5735.58
48,Donald Anderson,bjlzy1uu@mail.com,Sweden,2022-12-07,Basic,35058.95
49,William Wilson,ximyn4u9@gmail.com,USA,2023-08-10,Premium,25327.82
50,Steven Edwards,rf1llkst@email.com,Australia,2024-07-31,Premium,4033.65
51,Mark Perez,udrl90ao@gmail.com,Norway,2023-01-29,Premium,41312.85
52,Nancy Collins,shy8nbiq@test.com,Brazil,2024-01-06,Standard,5789.77
53,Thomas Smith,m38kszbf@outlook.com,South Korea,2020-08-07,Standard,30581.5
54,Joseph Jones,7oq2zdo7@yahoo.com,Netherlands,2022-07-25,Basic,29506.88
55,Paul Brown,8a0tpv72@outlook.com,Germany,2024-02-05,Premium,5267.34
56,Daniel Taylor,5pvyiomk@outlook.com,France,2022-04-25,Basic,35030.71
57,Paul Martinez,4tl0thhz@mail.com,France,2023-12-25,Basic,48761.46
58,Susan Taylor,twz1uu7z@company.com,South Korea,2024-07-13,Premium,26184.23
59,Mary Gonzalez,fyh1fkj4@company.com,Spain,2024-03-23,Basic,1712.09
60,Mark Jones,wyuixns2@company.com,Canada,2022-02-20,Standard,20886.66
61,Daniel Moore,b0h54piw@mail.com,Norway,2024-02-21,Basic,9903.81
62,Joseph Martinez,q9c80ebk@company.com,France,2020-11-25,Basic,42316.11
63,James Hernandez,q7b7v1w4@company.com,Switzerland,2024-06-05,Basic,27552.99
64,Michael Perez,zs8s2fto@mail.com,Italy,2024-12-14,Premium,33200.39
65,Lisa Lopez,k8wru1xe@mail.com,Netherlands,2021-05-07,Basic,30723.68
66,Sarah Johnson,yl68ntk6@mail.com,Sweden,2024-07-02,Basic,22333.29
67,Robert Martinez,6gs8g8ta@yahoo.com,Spain,2023-10-04,Basic,38701.76
68,Sandra Roberts,dtz91x70@outlook.com,USA,2022-07-29,Basic,16652.6
69,Jennifer Williams,b2uuijnw@email.com,India,2020-02-04,Standard,33697.61
70,Andrew Smith,xw1vzc7d@company.com,Mexico,2021-07-30,Standard,19132.54
71,Mary Thomas,fh024kwk@mail.com,USA,2023-02-07,Basic,7154.56
72,Robert Smith,uotdh00h@outlook.com,Germany,2021-01-11,Premium,30882.56
73,Charles Miller,eyub19tx@yahoo.com,China,2023-10-07,Premium,12609.31
74,Joseph Martin,u8myikcg@test.com,Netherlands,2021-11-03,Basic,33005.17
75,Barbara Jackson,u38gl2zx@company.com,Brazil,2020-10-02,Basic,36675.34
76,Steven Anderson,q1rdxck3@example.com,Japan,2024-02-11,Basic,3915.47
77,Michael Collins,asbuov6t@test.com,France,2022-01-19,Standard,11243.0
78,Christopher Brown,qsosx43w@outlook.com,Sweden,2020-10-14,Standard,8045.2
79,Barbara Martin,07b1ijiy@mail.com,Australia,2022-08-19,Standard,44089.44
80,Robert Lee,lzs34jtg@email.com,Brazil,2023-04-18,Basic,44921.51
81,Michael Taylor,j9io3m25@gmail.com,Sweden,2024-12-11,Premium,22050.95
82,Thomas Williams,skffv3xo@mail.com,UK,2022-09-13,Basic,23992.85
83,Jessica Jackson,f4abufwb@outlook.com,Canada,2020-12-06,Standard,46130.1
84,Emily Gonzalez,vuazxkdq@test.com,Switzerland,2020-12-15,Premium,41535.14
85,Barbara Perez,u1wsgy7v@yahoo.com,Italy,2022-02-13,Standard,6697.44
86,Mary Miller,s6y3vg6v@yahoo.com,Mexico,2022-09-14,Basic,6603.41
87,Andrew Roberts,a7ypp5zp@test.com,Australia,2021-12-18,Basic,40250.59
88,William Wilson,eri4k5og@gmail.com,Sweden,2020-08-29,Basic,458.98
89,Jessica Harris,2odpvjtu@company.com,Australia,2024-03-26,Premium,20720.09
90,Donna Thomas,gur9u1oe@yahoo.com,Italy,2022-07-03,Basic,47467.33
91,William Miller,s22wybow@yahoo.com,France,2022-08-23,Basic,21825.33
92,Michael Rodriguez,hcbn9wsz@gmail.com,Germany,2023-08-04,Standard,22004.71
93,Joseph Edwards,x2kbvsig@gmail.com,Brazil,2021-05-04,Basic,114.33
94,Richard Williams,92movs0c@yahoo.com,Norway,2021-08-05,Basic,41505.26
95,Matthew Lopez,8jvh7ujo@yahoo.com,Norway,2020-05-28,Basic,14783.17
96,Linda Perez,sjt2jpnr@example.com,India,2024-05-07,Standard,34111.57
97,Mary Thomas,ecw9yil8@gmail.com,Japan,2021-05-23,Standard,4741.17
98,Lisa Williams,tglhug07@example.com,Switzerland,2024-02-18,Premium,11819.58
99,Sarah Edwards,ji44m2ec@test.com,USA,2024-04-14,Basic,47903.86
100,Steven Lopez,wr965r96@company.com,Australia,2021-03-30,Basic,6499.47
101,Emily Perez,p7bm41qe@test.com,India,2023-11-12,Premium,689.82
102,Jessica Gonzalez,ulwjtiqw@mail.com,Germany,2022-10-18,Standard,10605.57
103,Betty Lopez,4kgeuidj@example.com,Norway,2022-06-04,Standard,9883.55
104,Barbara Thomas,3gr94sz2@company.com,Japan,2023-02-25,Basic,2480.69
105,William Harris,fhj4d0jm@company.com,Brazil,2020-02-10,Standard,6149.75
106,Joseph Jackson,uxg2myr0@yahoo.com,Australia,2023-06-10,Standard,23241.23
107,Barbara Edwards,g3mwu4cf@example.com,India,2021-10-10,Basic,14638.68
108,Karen Martin,xjq5nv8o@outlook.com,USA,2020-09-13,Basic,11807.9
109,Charles Martin,zcgdc5ta@email.com,Sweden,2024-04-15,Premium,5286.03
110,Barbara Williams,x5likwe4@gmail.com,Canada,2023-09-20,Standard,43032.4
111,Daniel Edwards,r9tjq8zg@test.com,South Korea,2022-12-08,Basic,32012.46
112,Nancy Reeves,mt2pnjka@outlook.com,Brazil,2021-08-10,Standard,26801.43
113,Kimberly Thompson,rapkiano@email.com,Australia,2021-05-26,Premium,35775.41
114,John Roberts,njpi163y@company.com,Norway,2024-07-14,Standard,20703.9
115,Michael Garcia,edqqzrlf@gmail.com,Germany,2020-07-28,Standard,13532.84
116,Mark Martin,adahp2rn@gmail.com,India,2020-06-13,Premium,2896.31
117,Margaret Williams,tg6jna9z@email.com,Netherlands,2021-05-21,Basic,49727.32
118,Joseph Anderson,0dxho87f@gmail.com,Norway,2022-12-02,Premium,12740.31
119,Nancy Miller,mby9ipa2@yahoo.com,Australia,2024-06-04,Premium,545.6
120,Robert Jackson,2rvndfdw@gmail.com,Canada,2021-12-29,Basic,7780.53
121,Andrew Perez,drluxm60@gmail.com,Australia,2022-01-03,Basic,6823.14
122,Robert Thomas,zutrutlq@outlook.com,Mexico,2022-12-23,Premium,22524.27
123,Charles Moore,nawnga41@example.com,India,2024-01-16,Premium,32948.64
124,Andrew Roberts,nsrtwlxd@yahoo.com,Canada,2024-09-06,Premium,9014.08
125,Robert Miller,dgbxnrwv@gmail.com,Brazil,2021-03-28,Basic,35920.48
126,James Reeves,7x73qxm0@email.com,Brazil,2024-06-14,Basic,3009.17
127,Karen Taylor,bck88d0t@example.com,Spain,2022-12-13,Basic,12513.28
128,Susan Moore,0odwmqx5@outlook.com,Germany,2023-01-31,Standard,25284.17
129,Richard Moore,9pml9ln1@email.com,India,2023-05-31,Premium,28200.92
130,Jessica Gonzalez,17j8qo09@gmail.com,Sweden,2020-10-03,Standard,427.78
131,Thomas Miller,4a3yjtu7@outlook.com,UK,2020-03-18,Standard,17847.22
132,David Rodriguez,nui3do70@mail.com,Switzerland,2020-12-20,Standard,41302.69
133,William Martin,xb3n27m5@email.com,South Korea,2024-11-12,Premium,43502.35
134,Thomas Martin,xva1nkbt@outlook.com,India,2022-10-25,Basic,11117.78
135,Patricia White,0oqvshko@outlook.com,India,2020-06-18,Standard,28614.89
136,Patricia Moore,ods1eeur@example.com,Norway,2023-06-15,Basic,26259.96
137,Sarah Williams,jpyueong@mail.com,USA,2024-04-25,Standard,8545.84
138,Matthew Martin,32wp7iyf@yahoo.com,UK,2024-02-23,Premium,12228.11
139,Barbara Edwards,3km2kql0@example.com,Spain,2023-01-24,Basic,37542.72
140,Donna Thomas,w9zyn6sj@gmail.com,China,2021-02-15,Basic,30936.44
141,Patricia Anderson,xanj4x5a@email.com,Italy,2022-02-18,Basic,48832.94
142,William Collins,l5tgsq7a@example.com,Sweden,2021-09-16,Standard,24547.65
143,Richard Smith,mmwi9s3w@email.com,USA,2023-02-10,Standard,11356.58
144,Lisa Collins,oe0sy5yp@outlook.com,South Korea,2021-10-01,Basic,16531.31
145,Andrew Brown,het25lzs@outlook.com,South Korea,2024-04-26,Premium,32845.96
146,Richard Hernandez,ctzg4fbl@email.com,South Korea,2021-09-13,Standard,37305.93
147,Karen Brown,2dg1wjui@example.com,Italy,2023-11-08,Premium,18027.14
148,Steven Brown,svzn4reg@gmail.com,South Korea,2024-04-14,Premium,46279.21
149,Donald Davis,091c795r@mail.com,Netherlands,2024-12-22,Premium,21435.03
150,Robert Martin,0nlw0vs5@gmail.com,Sweden,2020-08-11,Standard,22899.33
151,Robert Collins,9so0uswb@company.com,Netherlands,2022-03-26,Standard,38706.48
152,Christopher Anderson,fk7y6qxd@yahoo.com,Germany,2024-05-13,Basic,46898.34
153,Andrew Brown,olaq665d@mail.com,Germany,2024-01-11,Basic,6264.86
154,Linda Harris,qnsn2s8n@email.com,Canada,2024-04-22,Premium,45621.41
155,Barbara Garcia,5gzpl1qw@yahoo.com,France,2021-02-19,Premium,31165.76
156,Charles Smith,q4ta5ivr@email.com,Netherlands,2020-06-11,Basic,30045.1
157,Sarah Collins,twu3bfxb@gmail.com,China,2021-11-09,Premium,2546.67
158,Donald Garcia,fkxzuu80@mail.com,Canada,2020-07-09,Standard,16208.81
159,John Roberts,cptkezjs@example.com,Spain,2023-06-07,Premium,5554.18
160,Emily Williams,ry79kvls@mail.com,France,2023-06-12,Basic,24870.21
161,Kimberly Thomas,35ikgeq2@example.com,South Korea,2022-04-27,Premium,16756.23
162,Donna Perez,wahk2lsl@gmail.com,UK,2023-11-05,Standard,17133.94
163,Mary Roberts,glmy62xr@test.com,Norway,2021-11-17,Standard,39221.05
164,Donald Reeves,04k0lthy@mail.com,Mexico,2020-11-01,Standard,42052.88
165,Lisa Gonzalez,w4uov51z@mail.com,Canada,2021-07-10,Standard,4431.21
166,Sarah Lopez,q8hke226@test.com,Sweden,2020-02-21,Standard,45257.29
167,Barbara Miller,mr5ll1d9@outlook.com,Spain,2024-01-23,Premium,23022.48
168,Emily Jones,a7yvdqbs@company.com,USA,2023-03-28,Standard,31978.66
169,Jessica Hernandez,hkt1yjfe@yahoo.com,Spain,2023-01-16,Standard,27513.35
170,Karen Brown,72ugl6tb@gmail.com,Switzerland,2023-10-15,Premium,5385.75
171,Patricia Williams,pgvv4zwl@example.com,Norway,2020-06-09,Standard,28432.69
172,Jennifer Roberts,2zdlx1q8@outlook.com,Japan,2022-01-14,Standard,9249.32
173,Lisa Perez,4lrcer4k@mail.com,France,2022-11-06,Premium,20343.73
174,William Hernandez,uckqviif@test.com,Australia,2020-05-15,Standard,10491.08
175,Sandra Perez,9umygy0z@test.com,UK,2023-04-27,Basic,23199.13
176,Donna Jones,3g8cd31n@test.com,Canada,2020-07-04,Premium,40869.98
177,James Thompson,fftouhyl@company.com,South Korea,2024-01-10,Standard,49515.43
178,James Martin,9oekntbz@mail.com,UK,2024-10-29,Standard,43297.41
179,Sarah Wilson,zolnntxr@example.com,Norway,2022-02-26,Standard,42014.14
180,Barbara Martinez,9yecazrp@outlook.com,Mexico,2020-10-08,Basic,40316.49
181,Ashley Collins,2vpgstqm@outlook.com,South Korea,2023-05-23,Premium,28939.13
182,Sarah Harris,sotn9uze@test.com,Mexico,2020-10-17,Basic,36591.53
183,Karen Anderson,ssviwxyy@company.com,Canada,2021-12-04,Basic,38948.5
184,Steven Anderson,sq0p82kb@company.com,Japan,2020-05-05,Basic,23710.71
185,Richard Jackson,b93wkcs4@company.com,Japan,2020-09-28,Basic,14120.5
186,Charles Smith,0v60xng2@example.com,Switzerland,2021-01-05,Basic,43114.52
187,Lisa Williams,8v341onx@outlook.com,Spain,2023-03-29,Basic,42107.47
188,Patricia Lee,j3bqrr87@example.com,Australia,2023-10-31,Basic,19564.52
189,Charles Brown,tpk2nlt8@yahoo.com,Norway,2023-07-29,Standard,47813.56
190,Sandra Martin,74mjdxo1@example.com,Spain,2022-11-30,Standard,33918.14
191,Susan Hernandez,ty3addqh@company.com,Japan,2021-01-30,Premium,1282.65
192,Jennifer Johnson,7x48wze4@outlook.com,Australia,2023-09-06,Basic,28346.83
193,Susan Collins,dgkxcq91@mail.com,Japan,2020-11-27,Premium,13936.65
194,Patricia Gonzalez,n9j3gc9h@email.com,Germany,2023-08-14,Standard,5510.68
195,Andrew Thompson,pwdpjbc0@test.com,USA,2022-10-16,Premium,32677.98
196,James Reeves,bofloaz1@test.com,South Korea,2022-04-07,Basic,39068.76
197,Michael Moore,iny2et9m@company.com,Australia,2020-04-23,Basic,49851.09
198,Jennifer Lopez,t8cq1xgb@email.com,Spain,2021-09-04,Basic,19566.23
199,William Lee,yr5pgba9@example.com,Switzerland,2022-03-07,Premium,39657.68
200,Nancy Thomas,t4q9bc2b@yahoo.com,Spain,2024-07-10,Basic,33399.09
201,Ashley White,5t0ic0ra@gmail.com,Italy,2023-12-07,Basic,6613.83
202,Susan Lee,bl2qgv3d@test.com,Italy,2020-05-09,Premium,21367.95
203,Margaret Hernandez,eytl8hbg@yahoo.com,UK,2021-07-14,Premium,37901.75
204,Richard Harris,nfiue2wn@outlook.com,USA,2024-12-06,Standard,4128.06
205,James Garcia,7zvky2re@outlook.com,Japan,2022-12-07,Standard,20660.36
206,Susan Martin,yvzwd3kp@example.com,Spain,2020-08-28,Basic,48841.89
207,Betty Edwards,1th1xjg2@test.com,Switzerland,2020-12-27,Premium,33540.12
208,Robert Johnson,xkpm21b0@outlook.com,Germany,2024-05-27,Premium,24304.56
209,Linda Williams,6zvlhyl2@mail.com,Italy,2020-07-19,Premium,36913.62
210,Joseph Gonzalez,6cvbphvg@mail.com,France,2022-07-26,Basic,9788.33
211,Matthew Rodriguez,heyce4qg@mail.com,Italy,2024-12-20,Standard,30221.44
212,Richard Jackson,84d4r9v4@company.com,USA,2024-02-04,Standard,36835.33
213,Sarah Davis,lu6vfua9@gmail.com,Switzerland,2024-02-11,Basic,1777.67
214,Emily Gonzalez,r23qiua0@example.com,France,2022-01-04,Standard,12029.21
215,Jennifer Smith,rkz40aq1@email.com,Germany,2024-06-05,Standard,31377.87
216,James Edwards,wnytk1zw@example.com,Mexico,2023-06-24,Standard,36814.46
217,Patricia Taylor,8y5dnwng@yahoo.com,Norway,2023-12-23,Premium,7006.45
218,Lisa Davis,tx015z11@mail.com,Brazil,2021-07-01,Basic,34043.31
219,Karen Johnson,cmrsezyt@company.com,Netherlands,2023-06-25,Standard,40015.2
220,Michael Miller,6qc6k8dj@outlook.com,Switzerland,2020-11-04,Premium,26082.31
221,Mary Martinez,oy7rp0ag@gmail.com,Italy,2024-09-05,Basic,32269.13
222,Donald Jackson,mxlvz4qk@outlook.com,China,2020-12-17,Standard,11416.42
223,Betty Martinez,1bmqf7zk@outlook.com,France,2020-11-26,Premium,5934.18
224,Daniel Jackson,ejgublmn@outlook.com,Norway,2021-09-09,Premium,46029.66
225,Margaret Reeves,rfqla09l@company.com,Switzerland,2021-08-16,Basic,33377.7
226,Mark Hernandez,y06ftlo4@test.com,Brazil,2020-07-08,Standard,2846.18
227,Joseph Jackson,s21hd4y8@email.com,Spain,2022-10-01,Standard,30198.28
228,Paul Johnson,6mf4nnkm@test.com,Norway,2020-06-28,Premium,36419.88
229,Mark Martin,92k38p6f@yahoo.com,France,2021-03-01,Standard,23783.2
230,Emily Hernandez,c81do6ou@outlook.com,Spain,2021-01-15,Standard,14544.21
231,Kimberly Johnson,3kvr0i2f@company.com,Switzerland,2020-09-11,Basic,33329.08
232,Christopher Wilson,g6xb1r8v@mail.com,Switzerland,2023-03-04,Standard,43430.46
233,Steven Harris,3n0ajufq@outlook.com,Brazil,2020-11-30,Premium,13706.25
234,Donald Lee,6mkt7s1g@yahoo.com,Germany,2023-01-18,Standard,43634.91
235,Nancy Rodriguez,yydu3asn@test.com,South Korea,2021-11-27,Premium,5210.65
236,Barbara Taylor,hg6w3stt@yahoo.com,South Korea,2022-08-01,Premium,5916.63
237,David Reeves,amyfp9s8@outlook.com,China,2020-02-28,Basic,40747.25
238,Thomas Brown,4fieecy2@yahoo.com,USA,2024-05-05,Standard,37890.97
239,Robert Miller,d2scejcy@yahoo.com,UK,2023-05-17,Premium,29421.39
240,Joseph Garcia,ybf0jum4@example.com,Sweden,2023-03-13,Premium,5045.37
241,James Taylor,hgk6t9dh@test.com,Brazil,2023-11-30,Basic,9337.78
242,William Garcia,49pso1lq@outlook.com,Switzerland,2024-04-10,Standard,35266.07
243,Donna Martin,blekvl9p@email.com,China,2024-10-17,Standard,9520.37
244,Michael Collins,4ryg9rdp@yahoo.com,UK,2020-10-20,Standard,20091.15
245,William Martin,79c9mv9e@email.com,Switzerland,2021-07-24,Basic,38322.01
246,Karen Thompson,2xorvork@test.com,UK,2020-09-07,Standard,24518.13
247,Thomas Lee,7b03ragv@mail.com,France,2021-09-12,Basic,31199.31
248,Michael White,112hxrjm@gmail.com,Canada,2022-05-31,Premium,19243.13
249,Daniel Edwards,nqbu4kzr@outlook.com,China,2024-01-05,Standard,24424.0
250,Linda Jackson,yxyur4so@test.com,Australia,2023-06-17,Basic,17702.91
251,Christopher Hernandez,cven3v1w@email.com,UK,2022-05-26,Standard,49598.08
252,Donald Lopez,ciildy5e@outlook.com,USA,2023-01-07,Standard,1965.14
253,Sandra Jackson,spaqalul@yahoo.com,Switzerland,2020-07-23,Basic,33788.05
254,Lisa Thomas,s1mwnpr4@yahoo.com,Norway,2021-03-14,Standard,13331.24
255,Nancy Jackson,oi0d4dmc@test.com,South Korea,2021-03-05,Standard,39803.02
256,Nancy Taylor,2pthowq1@outlook.com,USA,2023-07-09,Basic,25859.58
257,Susan Jackson,rx37jw34@email.com,Canada,2022-12-05,Premium,18277.31
258,Barbara Davis,fykpl3ch@email.com,Japan,2024-08-13,Standard,32337.53
259,Charles White,voegi3qu@email.com,South Korea,2023-08-17,Premium,10179.33
260,Karen Brown,b2jtxb02@gmail.com,Mexico,2021-10-04,Basic,14969.16
261,Michael Collins,86y5o44i@yahoo.com,Sweden,2023-09-22,Basic,47488.76
262,Emily Rodriguez,rdv1l303@example.com,South Korea,2021-03-22,Premium,5430.02
263,Jessica Rodriguez,pjvrn8lp@example.com,Japan,2024-12-06,Premium,18213.6
264,Betty Roberts,lx6b02b7@example.com,Japan,2023-02-05,Standard,15532.5
265,Betty Collins,3e54n6o9@company.com,China,2020-07-03,Premium,14941.4
266,Richard Reeves,pl3x2jc2@test.com,Switzerland,2024-02-18,Standard,46332.21
267,Lisa Harris,p7dfjcp0@mail.com,Netherlands,2023-11-24,Premium,38122.57
268,Susan Lee,pxahkudi@outlook.com,South Korea,2024-06-11,Standard,22629.35
269,David Rodriguez,gvlkdnon@example.com,USA,2020-02-17,Basic,32390.62
270,Thomas Reeves,dqj4bwvf@mail.com,Germany,2023-03-07,Premium,804.33
271,Emily Wilson,173rih83@company.com,China,2024-03-08,Standard,19165.47
272,Sandra Edwards,hh30gg2b@company.com,Italy,2023-06-19,Standard,45375.68
273,Betty Jackson,yqaelyyz@email.com,Japan,2020-05-29,Premium,27894.3
274,Patricia Hernandez,7qmvy2z3@gmail.com,Japan,2022-10-30,Basic,19108.79
275,Margaret White,n8uujs75@outlook.com,Mexico,2021-10-11,Basic,26568.15
276,Barbara Rodriguez,ebe5407k@company.com,Japan,2022-11-24,Standard,21845.19
277,Richard Hernandez,0r8u7wpg@gmail.com,Italy,2021-01-10,Premium,23565.35
278,Richard Harris,qe6rp9uq@yahoo.com,France,2020-09-10,Standard,4769.54
279,Christopher Garcia,403uxh9a@outlook.com,South Korea,2020-06-06,Premium,38435.85
280,William Collins,lk9en7dl@gmail.com,Mexico,2022-07-31,Basic,33011.01
281,Ashley Lee,8va8x8l0@outlook.com,Spain,2024-11-02,Premium,40097.74
282,Christopher Hernandez,20tvdji1@email.com,Mexico,2020-02-12,Premium,8230.74
283,Margaret Martinez,x8fk2076@outlook.com,Brazil,2023-09-24,Premium,41619.44
284,Paul Miller,r5rup13w@email.com,South Korea,2020-07-09,Premium,25715.74
285,Ashley White,iyfrwskp@test.com,China,2020-10-31,Premium,34247.27
286,Nancy Roberts,iput7sso@test.com,Japan,2021-12-28,Standard,29319.84
287,Paul Smith,exggoc5k@test.com,Netherlands,2023-07-01,Standard,17132.59
288,Susan Miller,g0v5dtae@outlook.com,Switzerland,2022-07-31,Basic,20314.07
289,Kimberly Martinez,w9myyoke@gmail.com,Spain,2020-08-17,Premium,34832.02
290,Joseph Edwards,arfi44td@test.com,France,2022-08-28,Standard,1188.66
291,Richard Collins,fz8q4vhu@email.com,Canada,2021-11-14,Premium,5222.91
292,Sandra Wilson,40vtkrrv@test.com,Italy,2024-01-02,Premium,26462.61
293,Sandra Jackson,lc6prr7m@email.com,USA,2020-11-26,Standard,36337.84
294,Steven Lopez,psvy74zq@company.com,Australia,2022-05-03,Basic,32659.76
295,Betty Perez,r8fhydrg@outlook.com,Switzerland,2020-07-25,Standard,47158.43
296,Kimberly Martinez,iu9mjyg4@gmail.com,Mexico,2021-11-22,Standard,5787.07
297,Thomas Jones,ur9211u6@yahoo.com,Canada,2022-06-15,Standard,48136.09
298,Linda Jones,2v4dusge@example.com,Brazil,2020-11-17,Basic,14676.94
299,Mark Thompson,s0dxme4p@email.com,USA,2021-05-17,Standard,17131.87
300,Paul Garcia,dn1mxf1p@example.com,France,2024-06-30,Standard,20729.13
301,Donald Collins,q42nbfa3@yahoo.com,Mexico,2021-11-23,Standard,20142.38
302,Richard Wilson,c1xx6cwz@company.com,South Korea,2022-04-03,Basic,35069.44
303,Nancy Martin,06akt7zq@example.com,Norway,2023-07-02,Basic,32636.65
304,Matthew Collins,3x15dtoz@outlook.com,Sweden,2023-01-12,Standard,10765.35
305,Paul Moore,lmwa6tj3@company.com,South Korea,2022-10-31,Premium,36626.11
306,Betty Rodriguez,wmbxek0q@example.com,Norway,2024-09-25,Basic,11768.51
307,Nancy Martinez,y3ufn0ds@example.com,Brazil,2022-07-19,Premium,7413.01
308,Sandra Roberts,odpehcyo@email.com,Japan,2023-04-11,Standard,31859.41
309,Mark Harris,7r93feze@yahoo.com,Spain,2022-07-21,Standard,1727.11
310,Richard Moore,n8voeubf@mail.com,China,2022-02-05,Standard,14769.67
311,Mary Perez,f2p7kkg0@gmail.com,UK,2023-01-26,Standard,3471.47
312,Robert Wilson,rlqmn44e@outlook.com,Sweden,2023-07-27,Standard,38107.77
313,Mark Brown,5l2xoiot@test.com,Japan,2023-08-15,Premium,43311.08
314,Mary Jackson,w1lxxd8t@gmail.com,Sweden,2021-01-22,Standard,25181.68
315,Mary Jones,xt8jh34u@yahoo.com,Norway,2023-05-27,Standard,20149.71
316,Robert Thomas,5apo4lje@yahoo.com,Norway,2020-12-10,Standard,7287.31
317,Charles Thompson,dlogwlac@email.com,UK,2021-10-17,Premium,20699.86
318,Daniel Rodriguez,n3eh1vr1@email.com,UK,2021-07-05,Premium,15984.99
319,Donna Wilson,cbw6atvd@outlook.com,China,2023-03-09,Standard,22354.51
320,Paul Miller,2ftgi88t@gmail.com,USA,2024-07-22,Standard,48059.61
321,Christopher Lee,8a7rv4nm@example.com,Sweden,2021-07-30,Premium,8154.67
322,Andrew Jackson,cdz3095h@mail.com,India,2023-07-24,Standard,48984.05
323,Mark Rodriguez,i9mqvayx@gmail.com,Switzerland,2020-01-09,Premium,33668.05
324,Donald Moore,6z1t2xcb@test.com,UK,2021-12-23,Standard,41390.6
325,Matthew Gonzalez,g1zaq7qh@gmail.com,Japan,2023-10-25,Basic,17955.27
326,Jennifer Roberts,wkzirnk6@example.com,USA,2021-02-05,Basic,19864.7
327,Karen Jackson,sgg0yvgv@yahoo.com,France,2021-06-15,Basic,42788.4
328,Emily Martin,2gy9ytju@test.com,USA,2022-05-24,Basic,33687.68
329,Patricia Edwards,7p9jyqn1@example.com,Canada,2021-07-23,Standard,26667.27
330,Daniel Smith,om539iy8@example.com,Spain,2020-12-02,Standard,15609.21
331,William Smith,r3vwmjdi@mail.com,Canada,2024-08-09,Standard,26031.78
332,Sarah Williams,1w1wudcb@mail.com,Mexico,2024-05-21,Premium,3193.91
333,Mark Johnson,kwcyuknd@email.com,Italy,2024-11-05,Basic,39394.99
334,James Anderson,n25wm72q@mail.com,Spain,2020-08-09,Premium,713.2
335,Michael Jackson,2guwjp0q@example.com,France,2024-06-20,Premium,3118.51
336,Nancy Jackson,p81l51fl@mail.com,China,2022-01-25,Premium,25932.26
337,Barbara Johnson,i3ubm9xh@yahoo.com,India,2021-01-22,Basic,23838.68
338,Ashley Martin,y4umkld5@gmail.com,Switzerland,2021-03-25,Premium,31974.48
339,Thomas Anderson,wi08l0hg@gmail.com,Brazil,2020-01-21,Premium,17958.54
340,Donna Jones,fpw6m9hk@example.com,Japan,2024-01-12,Premium,17056.89
341,Donna Davis,ga46ayn2@yahoo.com,India,2021-03-06,Standard,22864.56
342,Betty Perez,ngs2wpze@outlook.com,Spain,2021-01-27,Basic,18971.96
343,Betty Hernandez,v9ibwgt2@mail.com,Italy,2020-04-19,Basic,39801.03
344,David Edwards,svr022wg@email.com,Sweden,2022-02-05,Standard,25992.73
345,Susan Hernandez,zsr8ruw2@gmail.com,Spain,2021-03-25,Premium,22658.8
346,Sarah Gonzalez,hpnf4jd1@company.com,Netherlands,2022-11-28,Standard,11585.86
347,Robert Anderson,smqpnrja@test.com,Italy,2021-06-27,Basic,3886.83
348,Jennifer Martinez,4sx27dcb@example.com,India,2021-02-06,Basic,16529.14
349,Nancy Martin,3yjz9910@company.com,USA,2024-04-26,Standard,14164.08
350,Matthew Perez,9831ax98@email.com,Italy,2021-04-09,Basic,37481.94
351,Steven Davis,s210q2lg@email.com,Spain,2022-06-17,Standard,42661.91
352,Mary Lopez,f5l0rxmi@email.com,Australia,2024-04-11,Basic,26926.44
353,Daniel Jackson,a27f8lwv@email.com,Australia,2021-02-22,Standard,3279.09
354,John Miller,rl8xkgyg@test.com,USA,2021-01-17,Premium,3567.6
355,John Martinez,hksqnal6@email.com,Germany,2020-08-14,Premium,26869.01
356,Steven Martin,c85ehpzr@company.com,Spain,2022-10-26,Basic,34273.31
357,Karen Miller,afco3s65@test.com,Netherlands,2023-03-25,Premium,36890.81
358,Christopher Lee,5qzzkw3g@example.com,Germany,2023-06-19,Basic,21660.62
359,John Reeves,xzdzb5f5@company.com,Mexico,2023-11-30,Basic,36148.23
360,Jessica Reeves,r9t9cd1l@test.com,Germany,2021-06-01,Premium,25352.62
361,Ashley Smith,cz0n04oa@yahoo.com,France,2021-10-31,Basic,37458.93
362,Kimberly Anderson,cti8f34g@gmail.com,UK,2020-12-28,Standard,6295.15
363,Margaret Garcia,c1yfmhby@example.com,Netherlands,2023-11-27,Premium,41841.41
364,Emily Lee,xxdypvbn@example.com,Italy,2022-02-06,Premium,10079.29
365,Mary Wilson,ba3yc8d4@outlook.com,Germany,2020-03-31,Standard,25673.76
366,Daniel Hernandez,ught7ehm@outlook.com,USA,2022-04-03,Basic,15880.39
367,John Miller,qc3xnchk@test.com,UK,2023-12-30,Basic,39583.86
368,Richard Rodriguez,8v9zy9yl@mail.com,Switzerland,2020-05-18,Standard,980.68
369,Mark Gonzalez,s0szaa1e@example.com,South Korea,2024-03-30,Premium,31026.33
370,Patricia Brown,nkfhb7v8@mail.com,France,2021-07-23,Standard,32215.74
371,Robert Taylor,2o31i0mh@gmail.com,Italy,2024-06-29,Basic,34844.27
372,Thomas Martin,5sgwcr8b@outlook.com,Spain,2020-09-14,Premium,8766.42
373,Donna Roberts,2hspqfhp@example.com,China,2021-08-07,Basic,22468.73
374,Joseph Rodriguez,5r8mnqpv@email.com,France,2024-08-05,Standard,1088.57
375,John Wilson,417vf0jq@test.com,China,2022-02-07,Basic,30340.67
376,Michael Hernandez,eqfgas0r@email.com,Australia,2024-02-29,Standard,19263.47
377,Nancy Lee,9c59e7f1@company.com,Brazil,2022-11-09,Basic,24482.23
378,Betty Harris,cnpir7nz@gmail.com,France,2021-06-19,Basic,22827.99
379,Barbara Rodriguez,iuxfedzn@yahoo.com,Sweden,2021-01-21,Standard,8374.6
380,Sandra Rodriguez,yst5v017@yahoo.com,UK,2023-07-26,Basic,38856.89
381,Matthew Roberts,f07ol93a@yahoo.com,South Korea,2022-12-11,Standard,32760.61
382,Sandra Garcia,ggersduh@example.com,Canada,2024-03-15,Premium,40478.01
383,Joseph Rodriguez,95p6dwcd@yahoo.com,Japan,2020-05-11,Standard,1580.37
384,Sarah Thomas,r1aj8x2b@example.com,Sweden,2024-06-09,Premium,18845.72
385,Emily Thompson,jr1vmyml@example.com,Brazil,2023-09-24,Standard,18983.94
386,Patricia Lopez,53a5o47a@yahoo.com,Sweden,2021-07-26,Basic,37596.84
387,Sarah Lopez,qy5sxaw7@mail.com,USA,2023-07-21,Standard,43684.38
388,Daniel White,pvowcp77@yahoo.com,Australia,2021-08-24,Basic,9834.34
389,Barbara Edwards,su4se2ky@test.com,Germany,2022-07-02,Premium,24160.21
390,Andrew Davis,ig7zd9b7@mail.com,Australia,2024-04-18,Standard,11096.76
391,Charles White,r6eet0dy@example.com,Mexico,2023-08-11,Standard,18912.82
392,John Lee,xu43iedd@example.com,UK,2023-03-19,Standard,6458.13
393,Daniel Gonzalez,uact49ln@outlook.com,Sweden,2023-09-21,Basic,29579.72
394,William Gonzalez,a4l3khyf@company.com,France,2024-03-09,Basic,42471.46
395,Robert Martin,lsyj4uwh@company.com,Australia,2020-04-30,Standard,7719.84
396,Jessica Edwards,03zb5gro@outlook.com,USA,2023-01-27,Standard,16936.77
397,Steven Lopez,1otkzh4o@outlook.com,India,2024-03-20,Basic,43306.19
398,Patricia Edwards,7kxupr6h@example.com,USA,2022-01-11,Basic,42821.45
399,William White,24n9ygcm@test.com,Germany,2020-04-17,Premium,49015.81
400,Lisa Jackson,pf0ieokv@outlook.com,Australia,2024-05-07,Basic,49559.08
401,Jennifer Thompson,q3nwqaee@example.com,USA,2023-04-16,Basic,49368.73
402,Steven Rodriguez,ydvn9zke@mail.com,Mexico,2024-01-01,Basic,9326.0
403,Mary Gonzalez,ut3rsvz2@yahoo.com,Spain,2023-09-10,Premium,9115.14
404,Susan Smith,t2eehfu4@gmail.com,Mexico,2020-09-12,Basic,14999.04
405,Andrew Garcia,p8ak8s2x@test.com,France,2023-03-27,Standard,34785.56
406,Emily Reeves,9mthd3ig@company.com,Spain,2020-10-01,Basic,27648.32
407,Matthew Rodriguez,ewcjn6oc@company.com,South Korea,2023-11-23,Premium,26841.63
408,Michael Lee,09zgnx3v@email.com,France,2021-10-09,Standard,19009.2
409,Sarah Williams,jtyold62@outlook.com,Italy,2021-07-14,Premium,4987.55
410,Thomas Gonzalez,82es5v3d@mail.com,China,2023-02-03,Standard,30412.6
411,Patricia Garcia,l1g3y2t5@email.com,Switzerland,2023-04-28,Premium,13027.15
412,Paul Harris,fen0b09z@example.com,South Korea,2023-12-18,Standard,9236.92
413,Matthew Perez,qk8sz7iw@yahoo.com,China,2022-04-12,Standard,42277.76
414,Jennifer Williams,08fc0tr5@email.com,Sweden,2024-02-05,Premium,24034.83
415,Paul White,95zow60z@mail.com,Italy,2024-02-22,Basic,47548.33
416,Emily White,vv8y5sic@outlook.com,Sweden,2021-12-24,Premium,21193.84
417,John Garcia,ne6it1ek@company.com,Japan,2021-03-12,Premium,36927.48
418,Margaret Miller,778s6764@gmail.com,Brazil,2020-01-13,Basic,23071.66
419,Nancy Lopez,dm0oapht@outlook.com,South Korea,2020-09-10,Standard,444.83
420,Charles Davis,qnn6tj9x@test.com,Germany,2020-10-13,Standard,37379.85
421,James Lopez,5zdkeplb@example.com,Switzerland,2023-09-24,Standard,6027.74
422,Kimberly Moore,rye12o00@email.com,France,2020-08-12,Premium,39656.38
423,David Brown,mayb3pva@test.com,China,2021-07-31,Standard,4222.48
424,Sandra Davis,w0gkejzx@email.com,Spain,2022-08-28,Basic,39157.57
425,William Harris,0vg4wfeo@company.com,Spain,2020-10-26,Standard,981.3
426,Joseph Williams,5nsz9hpc@email.com,Canada,2021-09-15,Premium,13535.38
427,Karen Lopez,zi6gaxlk@company.com,UK,2022-06-01,Premium,12687.93
428,Kimberly Lopez,meyy1em3@mail.com,Italy,2023-08-24,Standard,10580.66
429,John Williams,5e0ev6xg@test.com,UK,2020-06-02,Basic,30988.62
430,Nancy Martin,r1tfepz6@mail.com,Brazil,2022-07-07,Basic,35894.56
431,Sandra Williams,rs82gj8k@gmail.com,Spain,2024-02-25,Standard,24801.79
432,Andrew Edwards,scpsuovh@gmail.com,Germany,2023-03-17,Premium,29646.43
433,James Collins,7sszj4kj@yahoo.com,Germany,2021-04-03,Premium,26724.93
434,Christopher Johnson,x7je5b99@example.com,Norway,2020-08-25,Premium,32467.41
435,Betty Hernandez,cztzowlc@gmail.com,Brazil,2021-03-25,Basic,48264.85
436,Susan Rodriguez,8t922d0n@company.com,Norway,2021-02-26,Standard,11109.89
437,Karen Miller,u31fi0n6@yahoo.com,Switzerland,2021-01-06,Standard,9332.9
438,Susan Miller,u7gkl53y@example.com,Mexico,2020-10-20,Premium,21377.11
439,Ashley Reeves,xo0e1adn@yahoo.com,USA,2024-04-12,Basic,46740.42
440,David Davis,1j7v2a2t@mail.com,Mexico,2021-02-18,Premium,24073.23
441,Mark Roberts,flfcywe3@yahoo.com,Norway,2021-08-30,Premium,25625.97
442,Donald Brown,aiinmk7y@yahoo.com,Switzerland,2020-12-13,Premium,11303.67
443,Christopher Lopez,cmm7dbfp@mail.com,Germany,2023-10-23,Standard,7595.98
444,Nancy Martin,3md6x73z@yahoo.com,USA,2024-10-30,Premium,38911.42
445,Barbara Hernandez,fq293ep0@outlook.com,Mexico,2021-10-23,Premium,9175.43
446,John Lopez,lpyo2m2x@example.com,Australia,2022-05-07,Basic,24905.4
447,Andrew Thomas,t3nupuy0@yahoo.com,Italy,2022-01-10,Premium,10243.66
448,Mary Lopez,u87cm453@company.com,Netherlands,2020-10-22,Basic,48593.8
449,Donald Davis,hi0ezf0z@email.com,Brazil,2020-04-20,Basic,5389.89
450,Michael Thomas,45bnccu3@outlook.com,Germany,2022-08-20,Basic,7091.61
451,Emily Harris,8q0pxaec@gmail.com,Germany,2022-10-27,Premium,642.29
452,Sandra White,8qzjuli7@company.com,Mexico,2022-12-04,Standard,48898.52
453,David Martin,hwhg0u43@test.com,Switzerland,2021-10-03,Basic,32130.35
454,John Garcia,bnpjdn2m@example.com,China,2020-11-29,Basic,5412.58
455,Jessica Martin,a6gh7idu@gmail.com,Switzerland,2020-04-03,Premium,15797.56
456,Nancy Smith,918slome@yahoo.com,India,2022-04-14,Basic,25228.56
457,Paul Perez,1a2r5bfy@yahoo.com,Mexico,2024-01-11,Premium,44231.66
458,Barbara Thompson,z9s9vs1q@outlook.com,India,2021-08-18,Standard,31211.19
459,Sandra Johnson,61nhvcfw@test.com,UK,2024-07-06,Premium,7216.86
460,Nancy Moore,526rqgkc@mail.com,Brazil,2020-07-01,Premium,9041.39
461,Ashley Rodriguez,991p778r@mail.com,China,2022-04-01,Standard,42864.35
462,David Anderson,n48nysj5@gmail.com,Canada,2024-02-26,Premium,35017.29
463,Donna Smith,fdnu4i5y@mail.com,Netherlands,2022-08-17,Basic,26802.28
464,Ashley Jones,d0771hll@test.com,Spain,2023-12-09,Basic,23863.35
465,Karen Anderson,bfqxlbvn@mail.com,South Korea,2022-08-27,Premium,2798.47
466,Mary Thompson,yjwdcokz@email.com,Sweden,2021-03-14,Basic,44664.36
467,Susan Roberts,b6p8kh7r@outlook.com,South Korea,2021-12-27,Basic,28558.81
468,James Moore,2vcywl97@mail.com,USA,2020-11-04,Standard,46697.59
469,Kimberly Edwards,l2yj0974@test.com,UK,2020-03-15,Premium,37310.81
470,Joseph Wilson,z1vhhgy8@mail.com,Brazil,2020-02-03,Standard,44843.08
471,Paul Roberts,5zxqomts@mail.com,UK,2020-12-26,Standard,21476.34
472,Susan Moore,vtn4ypkw@yahoo.com,Mexico,2024-07-08,Premium,4572.93
473,Mary Martin,7d0wtws3@company.com,South Korea,2021-03-09,Premium,38866.32
474,Donna Gonzalez,e48m2q6x@email.com,USA,2022-02-06,Premium,25427.28
475,Karen Collins,xl66ya6b@gmail.com,France,2024-06-06,Standard,42054.4
476,Emily Roberts,0lgupuow@email.com,Canada,2024-06-29,Basic,21512.21
477,John Martin,g6spd2sw@email.com,Japan,2024-09-10,Basic,8036.75
478,Daniel Miller,daa1fwt9@email.com,USA,2024-02-29,Basic,6614.35
479,Ashley Lee,wmi6kti2@email.com,Japan,2023-09-12,Premium,13820.74
480,Barbara Lee,a95d7efj@outlook.com,Mexico,2020-06-07,Standard,42246.72
481,Jessica Gonzalez,d2orwhp6@test.com,Germany,2021-01-03,Standard,606.0
482,Susan White,uvb99rwt@outlook.com,Sweden,2024-02-27,Standard,46336.5
483,Joseph Martin,basf5ehl@example.com,Mexico,2024-01-30,Basic,46998.42
484,Karen Rodriguez,r8mtk0rs@email.com,Spain,2021-05-27,Premium,9974.03
485,Karen Gonzalez,d2vfhzpq@company.com,India,2023-06-29,Premium,30404.05
486,Sandra Miller,unwcgbsv@company.com,Sweden,2021-12-22,Standard,1594.0
487,Susan Perez,l2mcxn2e@mail.com,USA,2024-01-08,Standard,10767.24
488,Daniel Collins,ickhhuz8@yahoo.com,South Korea,2023-10-29,Standard,15957.39
489,Daniel Miller,h2r9pegl@email.com,Italy,2023-03-26,Premium,14323.34
490,James Reeves,qe8btsma@test.com,UK,2024-08-26,Standard,36190.36
491,Karen Hernandez,1oulwozq@yahoo.com,Brazil,2023-06-19,Premium,1561.48
492,Patricia Roberts,adlypgg6@mail.com,Norway,2020-01-11,Basic,43413.94
493,Charles Collins,2d8clw3j@outlook.com,France,2023-04-09,Standard,6083.08
494,Daniel Edwards,fv46wysi@test.com,Switzerland,2021-07-28,Standard,38654.93
495,Steven Davis,d1zm4ix4@yahoo.com,Mexico,2022-10-09,Premium,10702.53
496,Jessica Anderson,3gdhvs41@company.com,Netherlands,2023-09-04,Premium,42405.57
497,William Reeves,e7nqwhoc@email.com,Germany,2023-11-06,Standard,47579.58
498,William Brown,qddaqjrt@mail.com,Japan,2020-08-30,Basic,4294.93
499,Sandra Miller,fssbjdx0@email.com,Spain,2021-08-25,Premium,20194.34
500,Karen Taylor,vsdbide6@company.com,Italy,2020-05-14,Basic,5141.5
501,Thomas Collins,wzod05jh@example.com,Brazil,2023-07-28,Standard,35322.08
502,Christopher Martin,ag6w04yg@yahoo.com,Germany,2021-01-18,Standard,45003.47
503,Barbara Smith,xpa95g1a@mail.com,Switzerland,2023-04-09,Premium,24466.54
504,Sarah Thomas,d3u94sgf@yahoo.com,UK,2021-09-15,Basic,16850.3
505,Kimberly Martin,mtxjq3km@test.com,UK,2021-07-06,Basic,26013.51
506,Mary Brown,94xfri09@mail.com,Spain,2024-03-04,Premium,9772.72
507,John Lee,djwt695g@mail.com,India,2022-03-11,Basic,20922.98
508,Karen Martinez,guz4e2u2@mail.com,China,2020-08-13,Premium,24996.46
509,Barbara Anderson,yskufrck@test.com,Canada,2021-03-21,Standard,41290.98
510,Linda Johnson,ram4be52@outlook.com,Mexico,2023-12-31,Standard,7217.95
511,Joseph Wilson,vchrm3wp@yahoo.com,Japan,2021-09-10,Basic,15605.72
512,Sandra White,52f1johk@company.com,Netherlands,2023-01-22,Premium,18860.7
513,Sandra Jones,epl7zqpp@email.com,Netherlands,2020-02-26,Basic,1418.46
514,Donald Williams,1wkisetu@company.com,Canada,2024-03-26,Standard,6384.2
515,James Anderson,35qbb3xm@yahoo.com,China,2023-03-04,Standard,34560.59
516,Patricia Jones,0y0bhf0r@example.com,France,2021-09-08,Basic,15613.45
517,James Perez,ryeavedh@test.com,USA,2024-09-01,Basic,22246.41
518,Patricia Reeves,eo934t3y@yahoo.com,South Korea,2020-10-26,Basic,1180.73
519,Barbara Roberts,0iszhrkd@test.com,Brazil,2023-09-29,Standard,19620.34
520,William Anderson,ppbquakx@test.com,Canada,2021-12-27,Premium,23448.56
521,Ashley Rodriguez,afs4h6ss@outlook.com,France,2021-12-21,Basic,35988.53
522,Lisa Anderson,z2k1ko6x@email.com,Switzerland,2023-05-25,Basic,9100.69
523,Paul Thompson,xjzvuv3c@gmail.com,Germany,2021-04-19,Premium,33296.52
524,Kimberly Reeves,yli172d5@email.com,South Korea,2020-05-11,Premium,30633.99
525,Linda Johnson,4c1v47lz@email.com,France,2023-07-29,Basic,27867.76
526,Joseph Rodriguez,ryi0pt2d@gmail.com,UK,2021-02-20,Premium,40519.44
527,James Lopez,1u5my80t@example.com,Spain,2023-03-14,Standard,25092.43
528,Matthew Martin,642pw5ue@company.com,UK,2020-08-29,Standard,11605.62
529,Andrew Hernandez,a3k3om5f@company.com,Mexico,2022-12-30,Basic,12145.78
530,Emily Reeves,wlwt6u79@gmail.com,Canada,2021-11-23,Standard,13117.97
531,Lisa Collins,1ft07x5i@yahoo.com,Canada,2021-12-09,Premium,47500.4
532,Jennifer Collins,t8jbbsxp@company.com,Italy,2020-02-13,Premium,1415.06
533,Joseph Moore,vnyarnne@email.com,Norway,2020-10-09,Premium,21953.85
534,Betty Lopez,gpcivi05@gmail.com,USA,2024-11-23,Basic,12571.13
535,Patricia Williams,cpklv69e@email.com,Switzerland,2023-09-08,Premium,32863.86
536,Michael Rodriguez,7hz364pk@mail.com,Norway,2021-08-22,Basic,12285.87
537,Karen Hernandez,zsb6zwkh@outlook.com,Sweden,2021-04-17,Standard,37121.24
538,Jessica Jones,n3f9zxqe@test.com,Canada,2021-07-07,Standard,29453.18
539,Nancy Roberts,8c4nanpi@email.com,Germany,2023-09-13,Standard,26671.35
540,Nancy Johnson,tmav6763@example.com,USA,2021-11-29,Basic,41479.05
541,Sandra Edwards,p00cdnzy@test.com,South Korea,2023-03-18,Basic,28458.32
542,Emily Rodriguez,fn07ea28@yahoo.com,Italy,2024-04-28,Basic,14861.66
543,Margaret Johnson,wnx23veu@mail.com,Japan,2024-10-01,Premium,22246.05
544,Mary Anderson,abmwuouc@mail.com,Mexico,2022-06-21,Premium,12974.55
545,Karen Rodriguez,5ewfwbeb@test.com,India,2020-03-26,Basic,35896.15
546,Patricia Harris,99a44tbi@yahoo.com,Mexico,2022-11-04,Standard,5747.81
547,Michael Davis,hu3ycpka@mail.com,India,2022-04-15,Basic,18798.31
548,Christopher Martin,bnkfvdhl@mail.com,Spain,2022-02-14,Basic,1726.72
549,Barbara Gonzalez,1x889u9w@email.com,Norway,2024-02-10,Premium,42394.99
550,Emily Perez,brspj4ki@example.com,Brazil,2021-04-17,Standard,15809.34
551,Linda Harris,i05nms6x@example.com,Netherlands,2024-05-29,Standard,11565.19
552,David Reeves,t1ovejkl@yahoo.com,South Korea,2022-05-12,Basic,49164.06
553,Kimberly Lee,5hgqgp1z@test.com,UK,2020-09-15,Premium,41709.54
554,Mary Harris,gcstnpez@example.com,China,2020-08-31,Standard,44881.57
555,Lisa Jackson,vdzc786w@email.com,China,2024-03-31,Standard,35035.67
556,Susan Martin,167d6vnx@email.com,India,2022-06-17,Premium,25482.49
557,Karen Thompson,dkmu6u4p@mail.com,Australia,2021-10-14,Premium,47680.33
558,Robert Roberts,850pk5lm@outlook.com,UK,2021-08-12,Standard,24383.12
559,Thomas Collins,g7jvdikd@outlook.com,USA,2023-05-10,Premium,47996.85
560,Andrew Moore,2a3ah7u0@outlook.com,Netherlands,2021-08-27,Premium,35840.92
561,Linda Anderson,5rdeky82@example.com,Mexico,2021-10-31,Premium,25402.3
562,Karen Anderson,ws1zl7p7@mail.com,Spain,2024-09-19,Basic,33090.41
563,Robert Lee,wiv5hhqr@outlook.com,Switzerland,2021-08-01,Premium,10008.79
564,Jennifer Taylor,40acuhgp@company.com,Australia,2023-07-16,Basic,11812.32
565,Matthew Thomas,t8545yrw@mail.com,Norway,2022-09-12,Standard,4917.01
566,Linda Collins,61pqipg8@yahoo.com,Brazil,2023-11-28,Standard,35270.46
567,Steven Roberts,2roiks62@gmail.com,Norway,2024-04-29,Standard,13154.1
568,Daniel Wilson,opo6j0m3@company.com,Netherlands,2022-04-19,Premium,28668.03
569,Richard Moore,hw8wlva0@email.com,Mexico,2024-05-17,Basic,16731.08
570,Matthew Thompson,1cbht94o@example.com,China,2024-06-29,Premium,45541.62
571,Lisa Wilson,h07ba7do@test.com,Canada,2020-11-17,Standard,15143.18
572,Thomas Lee,1ije2xe0@company.com,Mexico,2020-06-05,Premium,25275.03
573,Donald Smith,a3vf02gv@company.com,India,2022-05-20,Basic,37199.82
574,Nancy Rodriguez,qd8unpio@company.com,Switzerland,2021-08-05,Basic,26706.87
575,Sarah Gonzalez,arontdi9@email.com,Italy,2022-07-04,Standard,23892.64
576,William Lee,lfwduh7v@yahoo.com,France,2022-04-05,Basic,41919.71
577,Emily Martin,41cro04b@email.com,USA,2021-07-03,Basic,10540.29
578,Donna Perez,rr8iqrt0@yahoo.com,UK,2022-05-21,Basic,3967.47
579,David Thompson,aseh5e5r@test.com,France,2024-03-13,Basic,20965.55
580,James Martinez,e9z5jl6u@outlook.com,France,2021-08-17,Basic,34282.69
581,Betty Taylor,vqhl097f@test.com,USA,2021-10-12,Standard,9043.37
582,Steven Williams,9azhdqdw@outlook.com,Mexico,2021-12-18,Basic,28001.89
583,Thomas Lopez,w7j35vlw@email.com,Japan,2023-02-23,Basic,32115.81
584,Joseph Williams,vdhguesx@email.com,India,2023-03-24,Basic,30278.28
585,Steven Miller,g29d2ff5@mail.com,Mexico,2020-04-16,Premium,25634.09
586,Mark Wilson,xlseunnr@company.com,Sweden,2021-10-11,Basic,4002.16
587,Jessica Garcia,84z4ur2y@email.com,Brazil,2020-12-30,Premium,43320.31
588,Ashley Thompson,y0hu97ng@gmail.com,Spain,2022-06-24,Standard,26347.53
589,James Jackson,ldnj7vbj@test.com,Australia,2020-03-30,Basic,35242.8
590,Karen Lee,cubzqvqg@yahoo.com,Canada,2022-01-26,Premium,30684.73
591,Barbara Harris,05ep4cwc@yahoo.com,Norway,2021-07-22,Premium,32789.75
592,Mary Hernandez,44lz6v7s@email.com,South Korea,2024-09-11,Basic,33515.09
593,Michael Miller,3s0dpjhs@outlook.com,USA,2021-09-29,Standard,28071.91
594,Linda Hernandez,q4d7d7gd@mail.com,USA,2024-04-19,Premium,39457.96
595,Jessica Lee,nc0i4x6g@outlook.com,China,2020-04-19,Standard,35325.11
596,Susan Rodriguez,flig5gkz@company.com,Mexico,2022-09-30,Standard,28976.94
597,Matthew Thompson,xqw3b4nt@example.com,South Korea,2021-12-11,Basic,40564.33
598,Christopher Miller,m8t0jshh@company.com,Canada,2020-08-24,Basic,32950.78
599,Susan Thomas,fvnnvbzw@gmail.com,Germany,2022-05-13,Standard,16802.15
600,William Garcia,6lqga3qu@email.com,Australia,2022-08-27,Premium,12703.48
601,Betty Martin,myk8516s@email.com,South Korea,2024-05-04,Standard,47703.7
602,Margaret Jackson,bs7587h9@outlook.com,France,2023-09-20,Standard,39449.61
603,Patricia Williams,l12qfaf5@company.com,China,2020-06-13,Premium,11885.56
604,Jessica Wilson,diy4nrmq@email.com,Spain,2022-08-25,Basic,18876.95
605,Ashley Harris,i7nl7olk@email.com,Australia,2022-12-29,Premium,17408.67
606,Mary Davis,5ginsavo@yahoo.com,Italy,2020-10-09,Standard,9479.73
607,Jessica Martinez,pmxpkn3b@email.com,Germany,2020-11-30,Standard,34148.75
608,William Anderson,3m0xo3fe@email.com,Netherlands,2020-01-24,Standard,32725.48
609,Margaret Wilson,1kjwv2qn@test.com,India,2024-09-24,Basic,48591.34
610,Linda Perez,gp15ca8z@company.com,Spain,2022-11-20,Basic,36408.68
611,Ashley Wilson,bkern6yj@mail.com,China,2024-04-19,Premium,27183.15
612,Susan Martinez,malwvmb0@example.com,Germany,2020-06-21,Basic,4819.17
613,Barbara Lee,r6mqw767@test.com,Canada,2020-06-05,Standard,18702.49
614,Barbara Martin,9w5n9c70@email.com,Australia,2020-02-15,Premium,47522.91
615,Charles Martin,x54pegjk@example.com,Canada,2022-02-05,Basic,23698.63
616,Sandra Rodriguez,02jyv6yj@email.com,Spain,2020-02-08,Standard,32894.92
617,Karen Rodriguez,q2wdizhw@test.com,South Korea,2023-07-24,Basic,16504.73
618,John Thomas,7ammpq0h@outlook.com,Australia,2021-06-07,Standard,1710.1
619,Jennifer Lee,r9c0tk1q@test.com,USA,2020-11-15,Basic,29288.35
620,Matthew Jackson,p9a9uri7@outlook.com,Australia,2023-05-28,Premium,4939.29
621,Jessica Miller,9ugf10oo@example.com,South Korea,2023-05-12,Standard,16038.23
622,Betty Lee,d581lto4@test.com,Netherlands,2021-08-09,Standard,7932.69
623,Susan Gonzalez,ktmqg6nx@email.com,South Korea,2021-01-21,Basic,1549.15
624,Thomas Brown,vscuoavf@test.com,Mexico,2022-01-28,Premium,37173.97
625,John Moore,sg6q0iqz@example.com,India,2020-09-28,Standard,3334.16
626,Mary Miller,uqypigqx@mail.com,Germany,2021-05-16,Standard,36130.11
627,Michael Smith,0yosqn28@yahoo.com,Norway,2024-01-03,Premium,21982.2
628,Patricia Martinez,330bo7wp@yahoo.com,UK,2020-10-25,Standard,37921.23
629,Linda Martin,gom62hdx@yahoo.com,Netherlands,2023-12-23,Standard,37649.87
630,Charles Hernandez,kq2zuv1f@company.com,USA,2021-03-28,Standard,28220.62
631,Christopher Martinez,8fwrpk0z@outlook.com,China,2024-10-25,Standard,12939.56
632,Thomas Smith,4ufans5s@test.com,Germany,2021-12-05,Basic,7878.26
633,Paul Hernandez,sn7x5rrn@yahoo.com,India,2021-04-05,Standard,10400.82
634,Barbara Rodriguez,v0ehruwa@example.com,Spain,2022-01-14,Basic,1738.74
635,William Hernandez,sj84tc2q@example.com,Italy,2021-06-08,Basic,9215.96
636,Sarah Davis,yqbvtdg3@yahoo.com,France,2022-12-06,Standard,3137.17
637,Thomas Davis,vuqt2lwh@yahoo.com,Netherlands,2020-06-19,Standard,9950.07
638,Andrew Jackson,hruu5e51@example.com,Netherlands,2020-01-02,Standard,37752.56
639,Karen Thomas,wlrkxjtm@company.com,Netherlands,2020-08-16,Premium,24430.26
640,Daniel Collins,9qfcpk7p@outlook.com,Spain,2024-05-13,Premium,38166.35
641,Jessica Martinez,sltdkvuf@outlook.com,Spain,2024-04-18,Standard,39311.98
642,Richard Martin,xlsrvp0i@company.com,Switzerland,2024-10-19,Standard,18602.48
643,Nancy Hernandez,03llu1a7@gmail.com,South Korea,2021-12-25,Basic,40288.0
644,Ashley Thompson,j3hxj3ap@email.com,India,2023-02-16,Basic,36976.95
645,Jessica Martin,s4dilrzq@gmail.com,Australia,2023-11-09,Basic,24403.36
646,Karen Martin,vccmtpkq@yahoo.com,India,2024-05-06,Basic,20747.49
647,Barbara Edwards,fkhdiu1j@company.com,USA,2020-10-14,Premium,43549.19
648,Daniel Edwards,n10hlinh@company.com,Japan,2023-05-21,Basic,46640.79
649,David Jones,xp323c9n@email.com,Canada,2022-10-29,Standard,39527.86
650,Kimberly Martinez,uw0u92t2@yahoo.com,Netherlands,2023-06-03,Basic,49648.19
651,Michael Thompson,y3q69flg@mail.com,Netherlands,2022-12-16,Basic,36998.98
652,Sandra Collins,aua3aipj@example.com,India,2022-12-26,Standard,32715.27
653,Joseph Thompson,376zugfl@yahoo.com,USA,2022-12-28,Basic,47230.29
654,Robert Thompson,emc57xhf@company.com,Italy,2021-03-20,Standard,1462.09
655,Mark Jones,4np00nqo@example.com,Australia,2023-04-23,Premium,4733.31
656,Susan Taylor,60e1erv0@mail.com,South Korea,2021-01-26,Premium,49259.09
657,Paul Lopez,rs8anp8d@mail.com,China,2024-09-09,Premium,21764.03
658,Nancy Davis,9dxoq8jx@mail.com,Canada,2020-10-15,Premium,8950.18
659,James Brown,sfqbvh0k@email.com,Germany,2022-05-08,Premium,8814.41
660,Emily Brown,03g5dfrl@mail.com,Japan,2023-06-27,Standard,1521.06
661,Mary Hernandez,bq0fot10@outlook.com,Germany,2020-07-24,Premium,17498.45
662,Thomas Williams,pc8qo6p4@gmail.com,China,2022-09-02,Standard,44987.49
663,Charles Brown,lt8ydr3u@outlook.com,Italy,2022-11-20,Premium,40291.83
664,Barbara Davis,x0zkwij0@company.com,India,2023-12-26,Standard,33450.98
665,Emily Taylor,u51epxu7@gmail.com,Australia,2023-07-18,Premium,39730.32
666,Susan Smith,fb2flurm@email.com,Netherlands,2021-03-15,Standard,31103.5
667,Andrew Anderson,ek17m6j3@test.com,Norway,2022-07-23,Basic,4915.52
668,Lisa Thompson,scnx8eiq@yahoo.com,UK,2023-02-01,Basic,14856.1
669,Matthew Martinez,qt788g35@example.com,France,2024-09-16,Basic,11170.67
670,Mary Miller,0mvf4s2n@example.com,Sweden,2020-12-07,Standard,8021.61
671,Richard Lee,ww41f7v4@company.com,Canada,2022-03-31,Standard,19549.64
672,Emily Wilson,6qe7ajul@yahoo.com,Canada,2024-03-26,Standard,7101.13
673,Steven Roberts,f899ofpv@example.com,Brazil,2020-05-24,Premium,48171.53
674,Karen Brown,6e07fpy1@gmail.com,UK,2022-12-02,Standard,26259.62
675,Steven Davis,xke0qc96@mail.com,Japan,2020-03-24,Standard,41915.07
676,Charles Jones,wpgz5rks@yahoo.com,Brazil,2021-05-09,Basic,24777.14
677,Sandra Wilson,cd1406xl@company.com,Brazil,2020-06-19,Premium,5146.44
678,Kimberly Davis,vhpj93rv@email.com,Sweden,2024-11-17,Basic,19191.1
679,William Jackson,4xdd8iuz@email.com,Australia,2024-01-11,Basic,2089.26
680,Mark Edwards,q5bo20p6@example.com,Germany,2020-02-19,Basic,47302.89
681,William Martinez,7204j3m9@example.com,Japan,2022-07-02,Premium,16293.17
682,Charles Thompson,2h1tlom3@test.com,Mexico,2021-11-14,Standard,30858.5
683,Thomas Hernandez,3dzxlrgn@company.com,Switzerland,2021-12-19,Standard,40314.29
684,Betty Thompson,fgaglsxk@outlook.com,Australia,2023-06-20,Basic,3889.17
685,Jennifer Williams,z6x4fmme@email.com,UK,2024-09-26,Basic,40747.2
686,Christopher Martin,uc9pbtyj@test.com,Italy,2024-09-02,Basic,49164.79
687,Sarah Collins,ixhaiaw4@email.com,Norway,2023-02-02,Basic,9692.73
688,Susan Edwards,sou6nj2n@company.com,South Korea,2022-01-28,Standard,45012.64
689,Sarah Hernandez,tcyl3z2u@yahoo.com,Sweden,2023-12-21,Standard,26814.46
690,William Perez,3imz93ij@gmail.com,Netherlands,2023-06-21,Standard,24906.93
691,Sandra Williams,8guucm5f@mail.com,Mexico,2024-01-12,Standard,28530.71
692,Mary Harris,vp1eoxlz@company.com,India,2021-04-21,Basic,39940.98
693,Paul Wilson,ftylavzm@yahoo.com,Mexico,2023-06-11,Premium,26535.62
694,Richard Martin,h9194b70@mail.com,Mexico,2020-07-11,Standard,28742.74
695,John Perez,ozemdmz5@test.com,Mexico,2021-01-12,Standard,20131.24
696,Thomas Lopez,9wm1sav9@gmail.com,Brazil,2020-07-14,Premium,186.27
697,Emily Smith,ana6u48g@test.com,Germany,2023-01-01,Premium,48791.14
698,William Edwards,yfngp41s@test.com,USA,2023-06-28,Premium,46771.12
699,Linda Perez,77dyvgdg@outlook.com,India,2022-07-20,Basic,27444.22
700,John Perez,qetmni3g@email.com,Canada,2022-01-03,Premium,45838.86
701,Steven Perez,4x1v4dx6@email.com,Norway,2023-08-10,Premium,14199.82
702,David Anderson,1kwonrrl@test.com,Australia,2021-09-18,Standard,49615.14
703,Christopher Thompson,yb3gd60u@outlook.com,India,2024-02-22,Premium,26761.18
704,Patricia Martinez,nmt3yps4@mail.com,Canada,2021-03-15,Premium,22915.96
705,Susan Collins,hlzruwbn@yahoo.com,China,2020-01-10,Premium,33013.75
706,Lisa Garcia,93n4bfiy@email.com,China,2021-02-23,Basic,36858.02
707,Karen Wilson,yook63rv@email.com,Canada,2023-11-26,Standard,6531.52
708,Thomas Williams,we6rgl7j@email.com,China,2023-01-03,Standard,14306.77
709,Charles Jones,1o5hd4hs@gmail.com,Switzerland,2022-09-07,Premium,5659.19
710,Robert Roberts,ndycpn0p@gmail.com,Sweden,2024-04-19,Premium,38450.61
711,Daniel Johnson,u8m87mhx@email.com,Australia,2020-11-09,Standard,25329.17
712,Thomas Garcia,wmzap4vk@outlook.com,France,2023-01-25,Standard,2929.99
713,Michael Wilson,saz0lb6y@gmail.com,Australia,2020-01-08,Basic,3015.04
714,John Thompson,u41bta3r@email.com,China,2023-11-05,Basic,19399.68
715,Sarah White,rj9wr6q5@example.com,France,2021-08-10,Basic,36575.83
716,John Rodriguez,5na2fqzt@example.com,Australia,2020-09-13,Basic,17711.77
717,Margaret Wilson,5qq8qmxe@example.com,Italy,2021-03-20,Basic,9629.16
718,Joseph Edwards,02nq52nl@email.com,France,2022-08-21,Premium,27187.15
719,Mark Martinez,685ohm6x@email.com,Germany,2022-06-26,Premium,34729.08
720,John Jackson,yj0ufo2h@email.com,India,2022-08-17,Premium,43414.7
721,David Thompson,7l7w05y2@yahoo.com,USA,2020-01-18,Premium,16642.28
722,Jennifer Hernandez,7m08lcwl@test.com,Switzerland,2021-11-24,Basic,8843.38
723,Nancy Jones,2f5fe6ou@test.com,Japan,2023-11-14,Premium,48808.62
724,Barbara Reeves,q1enngay@mail.com,Netherlands,2023-04-12,Basic,9173.5
725,Mary Thomas,8u595cek@email.com,France,2020-08-15,Basic,9936.88
726,Daniel Martinez,z8cv2a6p@outlook.com,Brazil,2024-10-09,Standard,9681.96
727,Karen Taylor,6algxzj9@mail.com,Canada,2021-07-12,Basic,49755.33
728,Ashley White,cte9w0an@test.com,Australia,2022-03-06,Premium,34794.89
729,Karen Harris,nns9pzem@company.com,Norway,2021-01-30,Standard,14153.89
730,Jennifer Reeves,qy2656ae@yahoo.com,Italy,2020-06-01,Premium,18732.08
731,Barbara Jackson,225aa35w@outlook.com,Netherlands,2023-07-16,Standard,39327.97
732,William Martin,ezh0cd8a@example.com,Spain,2020-04-12,Basic,4062.66
733,Daniel Lee,trh9vgky@gmail.com,Netherlands,2021-01-13,Basic,415.04
734,Susan Miller,j5uge1g4@example.com,Germany,2022-03-19,Basic,41818.42
735,Christopher Martin,oxhjmia6@company.com,China,2024-03-24,Premium,3326.2
736,Michael Thomas,m0w3c1za@yahoo.com,India,2023-04-19,Standard,34933.99
737,Michael Jackson,j4q0rr1l@example.com,Italy,2023-04-17,Premium,2230.7
738,Matthew Wilson,qq749q6q@outlook.com,Australia,2022-05-09,Premium,43680.75
739,Daniel Gonzalez,9woa2xgv@outlook.com,Spain,2020-07-13,Premium,19625.45
740,Barbara Rodriguez,maok8tir@test.com,South Korea,2022-06-10,Premium,24418.37
741,Patricia Lopez,8clrki72@email.com,Switzerland,2020-01-27,Standard,31612.28
742,Lisa Lee,lwwvtmny@outlook.com,Brazil,2023-03-03,Standard,3249.94
743,Mark Lopez,phli5l69@company.com,Norway,2021-11-28,Basic,39711.52
744,Joseph Collins,elw8ivi3@test.com,Switzerland,2024-12-28,Premium,15741.66
745,William Gonzalez,1wcrv68j@test.com,Australia,2024-05-11,Premium,39584.95
746,Karen Harris,f4ciwl3r@outlook.com,Japan,2021-10-17,Standard,49265.7
747,Andrew Miller,3x8ve00h@company.com,Italy,2024-06-07,Standard,21207.27
748,James Martinez,jfax1cq6@outlook.com,Netherlands,2023-07-05,Standard,27807.69
749,Mark Thompson,l7qhvkvl@gmail.com,UK,2020-04-17,Standard,27673.5
750,Betty Brown,lztwxol4@gmail.com,China,2021-10-25,Basic,37848.92
751,Robert Collins,s0zr7fdf@example.com,Mexico,2024-03-25,Standard,48618.74
752,Lisa Williams,o1rtsxof@yahoo.com,Spain,2022-07-07,Premium,5850.93
753,Charles Davis,ixub4ibh@example.com,France,2024-11-17,Premium,25079.14
754,Daniel Gonzalez,1ya1ryzt@gmail.com,Spain,2023-04-22,Premium,10520.95
755,Kimberly Smith,mc5s3ofa@company.com,Japan,2023-02-13,Standard,25592.89
756,Richard Roberts,hvmljekb@email.com,Spain,2021-01-13,Premium,2178.84
757,William Martin,7h10kyhv@company.com,Brazil,2022-08-07,Premium,32426.72
758,Thomas Jackson,64haa34h@email.com,India,2022-07-26,Standard,30130.47
759,Richard Reeves,ruk94iw5@gmail.com,Canada,2024-10-21,Premium,47344.68
760,James Martinez,q08dnx80@mail.com,Mexico,2021-07-27,Standard,32715.94
761,Nancy Thompson,befq796e@gmail.com,Switzerland,2020-12-23,Premium,5718.08
762,Sarah Anderson,5uujzr0f@yahoo.com,Australia,2023-10-20,Standard,1591.92
763,Kimberly Wilson,3o9ubc1k@company.com,Switzerland,2021-02-19,Standard,1318.2
764,Karen Edwards,gy39bu4u@test.com,Italy,2024-01-05,Basic,2460.0
765,Betty Williams,vqrfxntf@mail.com,South Korea,2020-12-22,Basic,20148.78
766,Ashley Lopez,1fy6yo8d@company.com,France,2021-11-12,Standard,32308.66
767,Mark Thompson,ty6m79fm@outlook.com,France,2024-07-29,Premium,41251.81
768,Margaret Williams,359tsujt@outlook.com,Italy,2023-11-01,Basic,39407.44
769,Kimberly Jones,l4n7s3hm@email.com,UK,2021-04-07,Basic,32230.72
770,Barbara Roberts,y1z682r6@company.com,Italy,2024-03-27,Standard,15212.59
771,Jessica Moore,w8gakh3y@yahoo.com,Japan,2022-07-15,Premium,21153.68
772,Matthew White,ozknhpvr@gmail.com,Switzerland,2020-03-05,Standard,16049.63
773,Mary Rodriguez,z5ntdywm@test.com,USA,2022-02-17,Premium,48142.14
774,Jennifer Thomas,jdi3wdnm@test.com,Canada,2021-10-23,Standard,27676.03
775,Mark Miller,wdyvybsc@outlook.com,Netherlands,2021-07-16,Basic,28295.99
776,Andrew Lee,0jesgq4b@mail.com,South Korea,2020-08-12,Basic,7824.33
777,Michael Miller,rin0xgnk@example.com,India,2024-11-07,Basic,29220.13
778,Kimberly Davis,z38efe9v@gmail.com,Netherlands,2022-10-13,Standard,39737.43
779,Sandra Smith,z6ntpbpz@yahoo.com,Mexico,2020-06-27,Standard,43901.27
780,Matthew Thomas,o765efux@test.com,Norway,2022-02-03,Basic,13224.03
781,Michael Perez,xuebhk0o@mail.com,Canada,2022-11-10,Premium,5726.35
782,Karen Jackson,tk3lirhx@test.com,Switzerland,2021-03-14,Premium,8703.66
783,Donna Lee,w4cy4f1r@yahoo.com,Germany,2021-05-20,Basic,37695.35
784,Betty Davis,3o1blog0@mail.com,Australia,2022-07-10,Basic,41834.98
785,Thomas Martin,6r8so5wi@company.com,Switzerland,2024-05-02,Premium,21693.8
786,Mary Wilson,cd6fxnoq@mail.com,China,2024-09-08,Basic,30304.26
787,Nancy Edwards,8sn5yz7v@outlook.com,Switzerland,2021-11-21,Premium,34602.06
788,Lisa Moore,swjjjksl@mail.com,Italy,2023-03-05,Premium,17490.81
789,Nancy Miller,3sojpx16@outlook.com,China,2021-01-24,Basic,34330.39
790,Andrew Moore,l2ug05wh@mail.com,Germany,2024-12-22,Basic,40497.92
791,Betty Davis,oz7qmjce@email.com,Norway,2022-03-16,Premium,3420.67
792,Charles Reeves,r7t3spj9@test.com,UK,2022-09-02,Standard,19405.55
793,Linda Brown,gn2b4jtj@yahoo.com,South Korea,2021-02-23,Premium,44576.45
794,Patricia Smith,e9zkihv1@mail.com,Italy,2020-11-06,Premium,27730.14
795,Daniel Thompson,h33hw8d0@company.com,Switzerland,2020-09-12,Premium,12385.03
796,Donald Davis,iv67kayp@email.com,Netherlands,2021-03-13,Premium,5108.29
797,Jennifer Wilson,zp0nwntj@test.com,South Korea,2024-06-05,Basic,17180.21
798,Mary Thomas,snphfc4y@outlook.com,Australia,2021-02-28,Premium,15779.17
799,Margaret Rodriguez,ikivqa7i@yahoo.com,Netherlands,2023-12-31,Premium,19504.61
800,Matthew Lopez,nr06djin@company.com,Switzerland,2020-11-19,Premium,11034.92
801,Emily Martin,thbnbizf@gmail.com,Japan,2020-06-11,Basic,46607.3
802,Mark Brown,k4k6ilsi@yahoo.com,Canada,2023-03-18,Basic,39176.73
803,Susan Martinez,t76i3hzc@yahoo.com,Japan,2024-07-31,Premium,26744.27
804,Ashley Moore,10f7ia41@gmail.com,Sweden,2022-10-30,Premium,19750.9
805,Richard Johnson,q4ivn2qq@yahoo.com,Italy,2020-11-27,Basic,30339.94
806,Robert Williams,9ektr1t0@test.com,Sweden,2021-12-25,Basic,28915.85
807,Margaret Thompson,j7g4ebc9@company.com,UK,2023-05-22,Standard,19190.36
808,Nancy Lopez,ar1h11qv@outlook.com,China,2022-03-22,Premium,7201.53
809,Thomas Collins,prqq5qob@outlook.com,UK,2021-08-28,Standard,2750.66
810,Ashley Reeves,nxpvmsr7@test.com,Mexico,2021-12-22,Standard,9754.62
811,Paul Garcia,ad0ucswn@test.com,Australia,2021-11-15,Basic,23068.52
812,Daniel Martinez,n2v51psx@yahoo.com,France,2024-08-16,Standard,16574.59
813,Mark Martin,0jf6dnob@company.com,USA,2020-09-29,Premium,20976.96
814,Joseph Wilson,25pu9h9f@gmail.com,Japan,2024-01-29,Standard,39371.91
815,Thomas Anderson,6fyey3m0@mail.com,Switzerland,2021-06-12,Basic,27972.57
816,Lisa Lee,xsy4vy32@example.com,Italy,2024-07-26,Premium,21750.28
817,Karen Hernandez,7k99bv2j@outlook.com,Norway,2021-04-02,Premium,44049.23
818,Sarah Anderson,67zsoouk@example.com,Germany,2023-06-30,Standard,47429.73
819,Michael Thompson,l6p3frb7@yahoo.com,China,2021-04-27,Standard,43967.38
820,Kimberly Reeves,8vo4kvff@mail.com,Australia,2024-10-13,Premium,5122.93
821,Jennifer Perez,0fp672zf@gmail.com,USA,2022-08-23,Premium,1730.96
822,Christopher Roberts,ny3mub6l@gmail.com,Mexico,2020-03-21,Basic,110.63
823,Joseph Perez,go9dvws3@company.com,France,2020-05-13,Standard,30347.77
824,Charles Garcia,xzdvyb4x@test.com,Netherlands,2022-01-04,Basic,15389.3
825,Margaret Wilson,3i9lliff@yahoo.com,Canada,2023-04-18,Premium,7469.23
826,Mark Brown,fc1yuzpe@company.com,Spain,2022-08-27,Basic,1788.42
827,Richard Gonzalez,gcb4jgrx@email.com,India,2022-07-09,Premium,40807.48
828,Sandra White,l6uza28o@test.com,India,2020-10-30,Premium,44222.53
829,Sarah Taylor,v86zp1wz@mail.com,India,2020-01-06,Premium,24191.64
830,Paul Miller,hlx0st69@example.com,South Korea,2024-04-25,Basic,40033.94
831,Ashley Martin,vk9qkav8@yahoo.com,Switzerland,2024-08-25,Standard,46459.52
832,Thomas Reeves,lvqkxbi6@company.com,Australia,2021-06-27,Premium,26584.07
833,Robert Davis,8qop82j3@email.com,USA,2022-10-24,Basic,39752.02
834,Nancy Thompson,vb9hxkei@email.com,Norway,2024-01-26,Standard,8944.11
835,Joseph Smith,ycx8ae0j@company.com,Japan,2022-05-01,Premium,45307.13
836,Jessica Martin,fd7lttc9@yahoo.com,USA,2021-05-05,Premium,38955.38
837,Karen Garcia,eqe12qey@company.com,Mexico,2021-12-30,Premium,17726.68
838,John Perez,g806w819@outlook.com,France,2021-12-01,Premium,26152.13
839,Andrew Miller,r7wb42p3@email.com,Spain,2020-12-09,Premium,31091.65
840,Steven Thompson,vz90472u@test.com,Australia,2021-10-21,Basic,18506.65
841,Robert Johnson,qam97xo4@mail.com,Netherlands,2020-06-23,Premium,42166.82
842,Emily Moore,1vrtt1e3@mail.com,Italy,2021-10-01,Basic,41126.01
843,Christopher Johnson,4bk8ejnf@mail.com,South Korea,2020-06-01,Basic,18252.88
844,Kimberly Martinez,0oakgdes@yahoo.com,Brazil,2020-08-20,Premium,48734.49
845,Lisa Hernandez,5gh2ij4t@yahoo.com,Norway,2023-03-28,Basic,27348.62
846,Donna White,k61b7pxj@gmail.com,France,2020-05-20,Premium,47454.29
847,James Jones,6b3odf76@example.com,Mexico,2021-11-15,Premium,9337.95
848,William Lee,3q0e03yi@email.com,USA,2023-10-27,Basic,43766.13
849,Joseph Thomas,tchygtmo@email.com,China,2021-07-05,Premium,30857.6
850,Linda Harris,pxr9ogje@outlook.com,UK,2023-10-06,Premium,6709.18
851,Robert Davis,900yeh8u@example.com,UK,2024-08-26,Basic,786.62
852,William Hernandez,hf025lox@company.com,Netherlands,2023-09-20,Premium,42902.04
853,Barbara Miller,ogx8irjb@gmail.com,South Korea,2022-08-07,Premium,3164.09
854,Patricia Martin,qko5fkpa@yahoo.com,Netherlands,2021-12-13,Standard,32248.08
855,Mark Miller,yjrofh6a@example.com,Switzerland,2022-02-26,Premium,49326.01
856,Donna Taylor,xfjnjd5s@company.com,Australia,2020-02-11,Premium,28401.08
857,William Davis,6ji874u7@outlook.com,Switzerland,2022-12-18,Premium,7539.91
858,Mary Hernandez,11pmrg0z@email.com,Japan,2023-11-26,Standard,29351.0
859,Margaret White,4vudqhib@mail.com,Brazil,2022-08-23,Premium,26671.05
860,Kimberly Davis,puyd6i5h@email.com,Norway,2024-02-21,Premium,5220.5
861,Donna Anderson,zhhnbave@company.com,Netherlands,2021-03-04,Premium,17106.63
862,Sarah Martin,e22tw1by@outlook.com,USA,2024-09-20,Standard,40871.56
863,Jessica Perez,oldu7jpm@mail.com,Netherlands,2023-02-13,Basic,8298.29
864,William Lee,uyg3ibg3@example.com,France,2021-08-27,Standard,3157.63
865,Mark Davis,wb00n114@email.com,France,2023-11-09,Premium,41697.62
866,Richard Thomas,ngbg4pdf@yahoo.com,France,2022-04-30,Premium,21787.46
867,Richard Rodriguez,zz5t6v8v@mail.com,Netherlands,2020-11-18,Basic,26689.1
868,Jessica Anderson,pv2kjh01@gmail.com,Spain,2022-04-11,Standard,18838.75
869,Andrew Anderson,75ez6iz8@yahoo.com,Norway,2022-09-08,Standard,45475.72
870,David Johnson,stie6sv5@example.com,Norway,2023-02-05,Premium,17021.69
871,Andrew Williams,jlegp4h2@example.com,Mexico,2022-11-26,Premium,31279.52
872,Michael Wilson,zt0lfj4b@gmail.com,USA,2024-05-06,Basic,34575.09
873,Mary Williams,l13vcg8d@mail.com,Canada,2024-05-31,Basic,37448.74
874,Mary Martin,fmne6x1j@yahoo.com,Norway,2024-07-22,Premium,30057.38
875,Andrew Thomas,ks1f3kwb@email.com,Switzerland,2020-03-23,Basic,21791.03
876,Mary Johnson,vajimmns@outlook.com,Australia,2022-02-12,Basic,6234.82
877,Donald Brown,2s9nblgu@gmail.com,Norway,2024-01-02,Premium,31288.34
878,Patricia Wilson,ho4uw2aw@outlook.com,France,2020-05-12,Premium,13463.75
879,Patricia Reeves,eo4eutaw@company.com,Germany,2023-01-26,Standard,24972.52
880,Sarah Taylor,gzgxoiyf@email.com,China,2024-01-26,Premium,26134.0
881,Nancy Wilson,ka51e04p@yahoo.com,China,2024-05-12,Standard,4200.2
882,Robert Roberts,o8wf8nk5@outlook.com,Australia,2024-06-03,Premium,36084.09
883,Betty Hernandez,tgg50yql@company.com,China,2022-11-16,Basic,48002.59
884,Emily Taylor,6aidizs3@company.com,India,2024-01-25,Premium,23337.57
885,Patricia White,ybyc4i6h@mail.com,Spain,2024-08-23,Basic,12960.08
886,Daniel Collins,zohfddvs@yahoo.com,Norway,2020-04-08,Basic,48781.95
887,Sarah Jackson,dyrex9bo@gmail.com,Mexico,2020-06-20,Basic,38091.54
888,Kimberly Thompson,89d842zs@gmail.com,USA,2021-01-13,Premium,41035.41
889,Mary Jackson,d2eev7in@test.com,Switzerland,2021-06-24,Basic,14254.09
890,Linda Martin,675yovm5@yahoo.com,China,2023-05-21,Premium,40444.83
891,Emily Lee,1ktior4v@email.com,Spain,2020-12-15,Basic,7968.14
892,Jessica Martin,vfijmcjb@company.com,France,2022-11-30,Basic,20421.67
893,Robert Roberts,na2i7p80@yahoo.com,UK,2024-03-08,Premium,21383.15
894,Mary Johnson,75b5nov3@gmail.com,Australia,2020-11-11,Basic,22835.87
895,Daniel Martin,h81jmbpt@email.com,UK,2022-09-21,Basic,42386.84
896,Sandra Thompson,u6w93k8e@company.com,Norway,2020-01-11,Basic,49258.83
897,Joseph Hernandez,kryt6ebi@mail.com,UK,2020-04-19,Premium,33384.58
898,Mark Harris,yvbnuz2k@outlook.com,USA,2024-01-03,Standard,49595.52
899,Richard Gonzalez,1zww1un2@company.com,Norway,2023-08-07,Basic,37998.78
900,Ashley Williams,6ktnn8il@yahoo.com,China,2020-02-13,Basic,44378.19
901,Joseph Garcia,6d43i21p@gmail.com,South Korea,2023-06-28,Basic,1245.74
902,Donna Thomas,fxqp6xgh@example.com,Sweden,2023-05-27,Premium,16356.33
903,Betty Lee,i8e61493@mail.com,South Korea,2024-12-22,Basic,5978.48
904,Barbara Collins,zvmt4fvm@outlook.com,South Korea,2023-09-15,Standard,4765.52
905,Donna Gonzalez,umw7hu3d@outlook.com,Spain,2024-07-11,Basic,15753.36
906,Lisa Reeves,1jgjti2l@company.com,Canada,2024-10-16,Premium,41643.25
907,Richard Thomas,1aysv6o9@yahoo.com,Australia,2022-10-28,Premium,3845.33
908,Joseph Roberts,w33a8ncx@yahoo.com,China,2023-07-13,Basic,3750.82
909,Daniel Johnson,q15s58xw@gmail.com,Brazil,2021-03-27,Basic,14062.03
910,Mary Collins,rpkfzqfo@email.com,France,2023-05-06,Premium,17293.07
911,Donna Perez,d503779u@yahoo.com,Japan,2020-02-16,Standard,46835.07
912,Andrew Rodriguez,chhi78lz@outlook.com,Spain,2021-12-07,Standard,5524.79
913,Andrew Reeves,ca46fdva@yahoo.com,Italy,2024-03-16,Standard,11974.85
914,Paul White,lqt9ngq6@company.com,China,2021-06-25,Basic,2554.29
915,Richard Edwards,ub5kb3pk@gmail.com,Italy,2022-07-14,Premium,34134.23
916,William Gonzalez,qdfq2ygg@gmail.com,Germany,2023-08-01,Premium,43921.26
917,Andrew Roberts,gwj7pum3@test.com,Italy,2024-04-01,Standard,43342.52
918,Thomas Edwards,3iest9om@test.com,USA,2022-10-06,Basic,29471.72
919,Sandra Gonzalez,y9qzo7io@outlook.com,USA,2022-01-17,Premium,18868.23
920,Barbara Williams,xgimydo5@mail.com,USA,2024-05-10,Standard,26999.82
921,Mark Reeves,dju0s1g9@outlook.com,India,2023-03-08,Standard,48448.94
922,Robert Moore,v1jpvkta@outlook.com,France,2020-03-18,Standard,39939.42
923,Thomas White,4pzzj8xk@mail.com,Sweden,2023-02-07,Basic,3394.26
924,Jennifer Martinez,mws81bxd@outlook.com,Italy,2023-01-19,Standard,22434.2
925,Steven Miller,t8g7qncw@test.com,Switzerland,2023-06-04,Basic,24674.31
926,Andrew Brown,4upr44es@example.com,Switzerland,2024-03-15,Premium,39547.35
927,Andrew Hernandez,yaxy2nz5@mail.com,Australia,2022-02-19,Basic,31015.0
928,Ashley Jackson,byg6g04j@outlook.com,Sweden,2022-03-16,Standard,29720.39
929,Joseph Brown,m3kwwetu@company.com,Australia,2024-08-27,Premium,43327.98
930,Joseph Moore,877mfcyl@mail.com,Switzerland,2020-12-30,Standard,19514.92
931,Richard Gonzalez,8hzmvyd4@yahoo.com,Norway,2023-12-26,Standard,18524.65
932,Mary Lee,rjn4lv11@company.com,Japan,2021-04-04,Premium,9788.56
933,Linda Collins,ysu7errb@mail.com,Italy,2021-07-05,Premium,4391.91
934,Betty Miller,odkd3hhg@example.com,South Korea,2022-09-01,Basic,42309.18
935,Emily Jones,ip4b8j4z@yahoo.com,China,2024-04-25,Premium,1856.09
936,Matthew Garcia,qw8evrc0@outlook.com,Switzerland,2020-01-14,Standard,18113.23
937,Sarah Edwards,su1o67u6@email.com,South Korea,2020-04-29,Standard,43215.32
938,Paul Wilson,2qpkgrmm@company.com,Norway,2023-07-18,Standard,36671.1
939,Sandra Lopez,2lzwge86@yahoo.com,South Korea,2021-11-11,Premium,6892.65
940,James Collins,bflxv5ci@yahoo.com,India,2024-11-13,Standard,3555.2
941,James Hernandez,mbhwtgdk@email.com,Australia,2023-04-16,Basic,49755.51
942,Kimberly Brown,r49hqwp8@email.com,France,2024-03-09,Premium,6573.85
943,Paul Martin,z7k8ch3z@yahoo.com,France,2021-01-24,Premium,6402.14
944,Barbara Collins,4akdnadi@company.com,Switzerland,2020-11-23,Premium,35905.47
945,Ashley Lopez,afqsdq26@test.com,Netherlands,2021-10-19,Standard,37366.65
946,Betty Moore,wrn57lws@test.com,Australia,2023-09-08,Basic,12130.34
947,William Gonzalez,b5z8xgqh@test.com,Spain,2023-03-02,Basic,29169.47
948,Susan Roberts,7lguuw05@yahoo.com,South Korea,2024-06-25,Standard,32896.63
949,Michael Lee,ktf6ln82@example.com,India,2023-02-12,Standard,13412.24
950,Linda Thomas,0q0rfoia@mail.com,Japan,2024-11-07,Standard,28922.69
951,Kimberly Martin,ze6v4uau@test.com,Mexico,2020-11-27,Premium,16622.38
952,Ashley Thompson,srer6luu@example.com,France,2020-11-01,Premium,40634.81
953,William Brown,2o25tg5j@test.com,Netherlands,2022-11-28,Basic,25345.18
954,Mark Lopez,yyz5ymit@gmail.com,Canada,2021-02-17,Premium,13978.7
955,Nancy Davis,7x34udc4@outlook.com,Spain,2024-11-20,Basic,28568.75
956,Jennifer Smith,2xg770xd@example.com,Switzerland,2021-07-21,Basic,43406.06
957,Paul Miller,c36u9cyr@yahoo.com,France,2022-03-25,Premium,31701.21
958,Barbara Jones,heyzqqxb@yahoo.com,UK,2020-08-18,Standard,20194.54
959,David Reeves,gezq0x71@example.com,Spain,2023-06-29,Basic,36511.08
960,Robert Martinez,upmtxq53@yahoo.com,France,2024-04-14,Standard,8889.24
961,Jennifer Martinez,auos74ul@outlook.com,France,2023-05-06,Standard,18841.29
962,Mary Roberts,3g49mn23@gmail.com,Spain,2024-01-05,Basic,28486.62
963,Matthew Brown,2v31iqfg@mail.com,Norway,2021-10-30,Basic,18397.86
964,Nancy Thompson,7ha752a9@gmail.com,South Korea,2020-09-09,Standard,30751.13
965,Steven Davis,ukfwpzdp@gmail.com,South Korea,2021-04-12,Premium,6411.49
966,Christopher Taylor,x6mj53yx@example.com,China,2020-03-07,Premium,3026.52
967,Mary Martin,n68u1qp2@yahoo.com,Brazil,2022-06-25,Basic,33885.72
968,Matthew Lopez,k48j4e3q@gmail.com,UK,2020-03-31,Basic,3063.98
969,Linda Perez,2eh30oiq@company.com,Mexico,2022-09-28,Premium,21247.88
970,Robert Moore,ad0ndv5d@mail.com,Canada,2022-08-07,Premium,9854.74
971,Robert Wilson,qiqicb5n@company.com,Switzerland,2021-09-06,Premium,40071.23
972,Susan Jones,zaugttmp@email.com,Japan,2022-10-13,Premium,10307.64
973,Donna Smith,m921vf37@company.com,South Korea,2024-12-26,Standard,21896.76
974,Barbara Williams,mcie4acj@email.com,South Korea,2020-07-24,Standard,48257.54
975,Mary Thompson,ceqrq6b0@company.com,Italy,2023-01-18,Basic,3490.44
976,Karen Jackson,ai9c2bvs@company.com,Switzerland,2022-03-19,Basic,26506.48
977,Kimberly Lee,icqpeov0@yahoo.com,South Korea,2022-02-21,Premium,7507.15
978,Kimberly Martinez,8rui31ph@company.com,UK,2023-06-04,Standard,40369.97
979,Michael Harris,3j548fhb@test.com,Norway,2024-09-25,Premium,5373.99
980,Donald Johnson,4xxwxj46@yahoo.com,Italy,2022-01-26,Basic,35120.67
981,Paul Martin,s9v66dqa@company.com,Sweden,2020-03-03,Premium,48528.36
982,Margaret Collins,jtfe85s0@example.com,Netherlands,2022-11-04,Standard,21939.63
983,James Moore,g3jbrrd4@example.com,Australia,2023-02-27,Premium,15047.83
984,Margaret Williams,1y7sr3jf@email.com,Norway,2022-10-30,Premium,23221.62
985,Margaret Jackson,7y4xbbmz@company.com,Mexico,2024-06-06,Basic,21233.79
986,Matthew Wilson,b6xgk6yu@mail.com,Australia,2021-12-26,Premium,38973.63
987,Ashley Jackson,22yokbvp@company.com,Australia,2022-02-24,Basic,12507.88
988,Charles Reeves,waqlcaud@outlook.com,Germany,2021-12-29,Basic,38026.46
989,Donald Rodriguez,tesu2htt@example.com,Canada,2024-12-07,Standard,6959.22
990,Charles Gonzalez,r91qupwc@company.com,Mexico,2021-03-15,Premium,29366.25
991,Sarah Lopez,x9xf3hoi@test.com,South Korea,2020-01-01,Standard,9410.36
992,Sarah Johnson,7lso2z6m@company.com,China,2022-10-11,Premium,13182.92
993,William Wilson,lbgkbuoc@test.com,Mexico,2024-04-30,Basic,6426.19
994,Charles Martin,t1wt805q@outlook.com,UK,2021-07-10,Premium,22198.26
995,Donald Taylor,4dilgonj@email.com,Norway,2023-06-18,Premium,34974.15
996,Margaret Harris,wp7nl6dm@company.com,India,2024-07-03,Basic,2560.1
997,Linda Martin,evg429i7@gmail.com,Brazil,2020-08-20,Premium,23776.59
998,Sandra White,0iv1topi@outlook.com,UK,2022-11-20,Basic,13069.28
999,Betty Martin,crbvxket@company.com,Germany,2020-04-06,Standard,46033.37
1000,John White,520uprb2@company.com,Germany,2020-01-30,Standard,15805.91
1001,Betty Thomas,1m6u2llh@gmail.com,South Korea,2020-09-24,Premium,42866.16
1002,Betty Rodriguez,2524gpzb@email.com,India,2023-05-21,Basic,17416.47
1003,Patricia Smith,zyfggk82@email.com,Switzerland,2023-11-22,Basic,23750.03
1004,Margaret Brown,1wodgzdn@company.com,Norway,2024-06-20,Basic,32006.95
1005,Patricia Smith,19arsoz9@outlook.com,Spain,2024-11-26,Premium,8727.17
1006,Matthew Anderson,767jez24@email.com,Mexico,2020-10-28,Basic,5634.3
1007,Richard Johnson,hj05mpz0@gmail.com,Netherlands,2023-02-08,Standard,48687.78
1008,Richard Lopez,98geyzil@company.com,Brazil,2024-06-20,Standard,2452.74
1009,Sandra Rodriguez,knxmfh5e@example.com,France,2023-12-31,Standard,14344.75
1010,Andrew Martin,10r709q6@email.com,Spain,2021-05-12,Basic,14744.14
1011,Richard Thomas,gg3ty36m@gmail.com,Norway,2020-05-04,Premium,30376.35
1012,John Davis,3jzgn99l@outlook.com,Japan,2023-07-02,Premium,16618.1
1013,Thomas Collins,lb7zwdc5@test.com,Switzerland,2022-10-31,Standard,25758.01
1014,Michael Roberts,p9kjymjb@example.com,Norway,2024-12-05,Standard,34452.86
1015,Steven Martin,wq2dxx60@mail.com,Italy,2023-08-11,Basic,6254.31
1016,Andrew Anderson,8sjtnwu9@outlook.com,Canada,2021-09-18,Standard,24113.92
1017,David Roberts,rjqenbd0@email.com,Japan,2020-12-24,Standard,6696.84
1018,Jessica Roberts,uiqsi2fe@test.com,USA,2022-03-13,Premium,47190.7
1019,Jessica Garcia,ssbu7ge3@gmail.com,Germany,2021-04-16,Premium,44459.29
1020,Mary Williams,ynpe6swy@test.com,Australia,2020-09-06,Premium,27432.28
1021,Christopher Miller,n2k7it7x@yahoo.com,Sweden,2024-03-26,Premium,39329.82
1022,Karen Wilson,21telo9l@yahoo.com,Canada,2020-01-08,Premium,36693.43
1023,Mary Anderson,4ogn378v@test.com,Mexico,2021-11-09,Premium,45156.68
1024,Robert Wilson,p6ojc6on@yahoo.com,Mexico,2023-12-12,Premium,49340.4
1025,James Perez,qlo36jwb@gmail.com,Brazil,2024-05-02,Basic,38034.42
1026,Sandra Wilson,tkftuwfv@gmail.com,Sweden,2021-04-24,Basic,21729.11
1027,Donna Taylor,6ur9xrwn@mail.com,South Korea,2021-01-04,Standard,22731.36
1028,Michael Jackson,qnyiadpz@mail.com,Netherlands,2024-10-05,Basic,26146.63
1029,Donna Roberts,5nkc419u@outlook.com,Mexico,2024-05-24,Standard,18124.23
1030,Paul Hernandez,8erkd0rn@outlook.com,Mexico,2020-07-16,Basic,33681.42
1031,Donna Brown,kvv7pgf7@mail.com,Sweden,2023-04-18,Premium,22519.03
1032,Charles Martin,0je3mkr4@mail.com,South Korea,2024-05-15,Basic,6408.31
1033,Barbara Brown,4n3za0co@mail.com,South Korea,2021-07-17,Premium,23021.97
1034,Jessica Roberts,e4qgfulz@company.com,USA,2020-04-29,Premium,24325.19
1035,Emily Garcia,fjqd9c7t@mail.com,USA,2022-09-13,Premium,3039.98
1036,Matthew Moore,x1cenagq@yahoo.com,Mexico,2021-10-07,Premium,21427.44
1037,Robert Martin,n85p3ebq@email.com,India,2023-10-25,Premium,329.71
1038,Steven Rodriguez,63x5ulzz@example.com,France,2024-06-21,Basic,26142.96
1039,Donald Jackson,th4mvkqe@yahoo.com,Sweden,2020-10-16,Standard,10189.01
1040,Nancy Perez,th11blf1@email.com,Italy,2023-11-03,Premium,3529.16
1041,Christopher Miller,820ps5i5@outlook.com,South Korea,2022-12-21,Premium,20341.02
1042,Karen Moore,p0qvhzjk@example.com,Norway,2021-09-13,Premium,15964.18
1043,Thomas Gonzalez,72w4oebm@test.com,Netherlands,2021-07-20,Basic,2601.04
1044,Betty Anderson,wmnohg3v@mail.com,India,2020-08-07,Premium,24719.89
1045,Nancy Martin,a9di89qs@email.com,UK,2023-05-15,Basic,1052.92
1046,Lisa Perez,k7ybzgaz@mail.com,Italy,2021-10-07,Standard,34961.77
1047,Jennifer White,gacepl2u@gmail.com,USA,2020-11-19,Standard,38001.37
1048,Patricia Williams,lm576m2y@company.com,Netherlands,2023-07-21,Basic,17055.24
1049,Mark Martinez,b4dpgevb@mail.com,Brazil,2023-08-11,Premium,45681.42
1050,Michael Johnson,ao8w81ay@yahoo.com,USA,2021-07-22,Standard,6390.22
1051,Robert Collins,hbw9kckw@yahoo.com,Italy,2023-09-01,Standard,44036.96
1052,Susan Moore,m1inufnc@gmail.com,South Korea,2022-09-24,Basic,47034.45
1053,James Lee,au76tcnp@company.com,Canada,2024-05-12,Basic,44782.39
1054,Steven Taylor,jyz8xuku@mail.com,Italy,2020-02-12,Premium,19692.26
1055,Ashley Gonzalez,14mafmar@email.com,India,2021-06-06,Premium,44952.31
1056,Susan Martinez,dtgcg8zf@example.com,China,2021-11-08,Premium,3580.23
1057,Robert Jackson,b6pyma1t@email.com,Sweden,2021-06-02,Premium,795.83
1058,Linda Williams,np2wa6m9@test.com,India,2024-03-24,Basic,27868.53
1059,Andrew Anderson,lugg01lo@example.com,Italy,2022-05-08,Basic,40224.93
1060,Susan Perez,ayqmgj96@outlook.com,USA,2022-06-30,Premium,4632.62
1061,Matthew Roberts,fztgp8d2@outlook.com,Mexico,2021-12-23,Basic,39305.25
1062,Emily Jackson,60yup1sh@mail.com,India,2023-01-31,Basic,4169.5
1063,Daniel Jackson,0yqzdubb@mail.com,Italy,2022-09-07,Basic,38302.84
1064,Jessica Williams,tn7su62j@company.com,Canada,2023-09-08,Premium,49771.9
1065,David Garcia,0raghke7@example.com,France,2023-09-18,Premium,3052.06
1066,Jennifer Rodriguez,k9x0740c@mail.com,Spain,2023-12-06,Premium,33689.0
1067,James Brown,bhb7zhez@test.com,Brazil,2024-10-07,Premium,34803.08
1068,William Davis,ng61sp5o@email.com,Spain,2020-01-06,Basic,49219.62
1069,Patricia Lopez,zv7pqovv@example.com,France,2024-04-21,Premium,34220.97
1070,Richard Martin,dy39ck5b@outlook.com,Sweden,2021-03-22,Premium,47211.21
1071,Mary Rodriguez,i8tjwofc@example.com,UK,2022-05-09,Standard,798.21
1072,Patricia Lopez,o58p8o85@gmail.com,Australia,2021-04-23,Basic,19760.66
1073,Barbara Williams,u2ncu22k@gmail.com,Netherlands,2022-06-02,Standard,48986.86
1074,Nancy Martin,1zumkvgg@outlook.com,Australia,2020-10-02,Standard,44115.0
1075,Linda Williams,kfhoe3mx@mail.com,Japan,2023-10-11,Premium,5160.45
1076,Paul Edwards,s5b08vyd@email.com,France,2023-08-02,Premium,36245.31
1077,Jennifer White,vyjhmie8@company.com,Netherlands,2021-01-17,Standard,33368.85
1078,Betty Moore,ii88bycz@mail.com,Sweden,2022-10-19,Standard,1496.67
1079,Karen Lopez,52oyyr2o@company.com,India,2021-02-12,Standard,48356.01
1080,Sandra Lopez,u9jn01n3@email.com,Spain,2021-07-28,Premium,4046.02
1081,Lisa Martinez,nt6u777l@yahoo.com,India,2021-01-14,Standard,29837.63
1082,Daniel Perez,7uo4g4iq@company.com,France,2021-05-05,Standard,38868.29
1083,Linda Rodriguez,ge3byjth@outlook.com,South Korea,2024-07-30,Premium,15119.77
1084,Daniel Collins,lzcuh1i8@gmail.com,USA,2022-12-29,Basic,34344.3
1085,Linda Thomas,737fentd@company.com,India,2020-11-16,Premium,18201.13
1086,Karen Martin,6p62j4xy@gmail.com,UK,2022-10-15,Premium,32176.51
1087,Richard Edwards,x3at253i@test.com,Netherlands,2022-07-16,Premium,28907.51
1088,Margaret White,lgqe6xb1@mail.com,France,2024-07-24,Standard,46628.21
1089,Michael Smith,7nxxbaf4@outlook.com,France,2020-05-14,Standard,9396.8
1090,Ashley White,4hpviu21@example.com,Australia,2022-12-19,Basic,34736.98
1091,Kimberly Garcia,6hhwmf1g@gmail.com,Germany,2023-03-24,Basic,31595.26
1092,Kimberly Perez,ienw34y6@outlook.com,Germany,2020-11-04,Basic,34691.93
1093,Mark Davis,zgsvanry@example.com,Brazil,2021-04-06,Premium,11409.19
1094,Sandra Williams,s8qdb9bg@test.com,UK,2024-04-14,Basic,40365.6
1095,Joseph Gonzalez,baeom43t@outlook.com,Mexico,2024-10-25,Standard,33344.41
1096,Sandra Reeves,zj42rl1e@example.com,Spain,2023-11-15,Premium,7167.56
1097,Richard Reeves,zadvjfuy@outlook.com,Germany,2020-12-31,Basic,47921.88
1098,Margaret Johnson,n3w9hx6i@test.com,Italy,2020-05-16,Basic,5825.54
1099,Patricia Rodriguez,o2j3ayiu@company.com,UK,2023-08-30,Basic,16265.55
1100,James Collins,xhnoc2xi@test.com,Brazil,2022-03-01,Premium,15760.17
1101,Karen Perez,rnjcgwcd@company.com,Mexico,2020-06-07,Basic,38344.71
1102,Lisa Hernandez,pa7dzvhl@test.com,Brazil,2024-07-06,Premium,3103.89
1103,James Perez,ejpfawxd@yahoo.com,France,2021-09-21,Premium,47045.96
1104,Sarah Thompson,z6wquqb8@test.com,Spain,2020-05-31,Premium,21375.49
1105,Steven Davis,cv1exyb8@test.com,Norway,2022-05-10,Standard,11937.85
1106,Jessica Lee,y6zled1l@example.com,USA,2022-11-15,Basic,36281.55
1107,Lisa Garcia,iffvmam3@company.com,China,2023-02-27,Basic,22859.13
1108,Christopher Thomas,abf8qlt1@test.com,Australia,2021-09-01,Basic,22446.52
1109,Mark Reeves,l7ph6p9j@mail.com,Canada,2020-02-17,Standard,12288.77
1110,Daniel Harris,hhvnjpgq@yahoo.com,UK,2024-12-12,Basic,28315.09
1111,Matthew Brown,unlbnqan@yahoo.com,Germany,2022-12-19,Premium,23187.36
1112,Jessica Wilson,k94w6wuu@mail.com,Australia,2021-12-15,Standard,20755.98
1113,Sandra Davis,klj670lj@yahoo.com,China,2023-06-07,Premium,19836.54
1114,Sarah Thompson,v48jukuj@email.com,Japan,2020-02-05,Basic,37977.62
1115,Donna Garcia,fblpvr79@company.com,UK,2021-05-25,Premium,5270.21
1116,James Collins,1qcg41rk@mail.com,Spain,2021-08-10,Basic,35516.79
1117,Donald Lopez,m2e1baku@company.com,Australia,2020-05-11,Premium,36204.37
1118,Thomas Jackson,ba65d2h5@mail.com,Australia,2024-11-05,Standard,26485.37
1119,Margaret Miller,lmyqa78c@example.com,Mexico,2021-06-18,Basic,18088.76
1120,Nancy Miller,jlnditn5@company.com,Germany,2021-01-25,Standard,7962.81
1121,David Johnson,4hqgoxai@test.com,South Korea,2022-10-30,Basic,34688.01
1122,Margaret Perez,33b29xz6@company.com,Australia,2024-03-22,Basic,47967.24
1123,Barbara Collins,2dxr6cj9@company.com,Spain,2024-09-19,Standard,3016.42
1124,Thomas Moore,248f3vko@outlook.com,Netherlands,2024-03-19,Standard,36518.65
1125,Richard Miller,hsf2aalu@yahoo.com,Spain,2021-02-22,Premium,11563.12
1126,Thomas Miller,jqcyypq7@gmail.com,Netherlands,2024-10-18,Standard,7185.52
1127,Steven Martin,v1l6cknc@outlook.com,Italy,2024-02-13,Basic,27850.82
1128,Charles Roberts,rihz8eek@yahoo.com,USA,2020-07-05,Standard,35913.2
1129,Richard White,2k5c3z6j@test.com,UK,2024-08-30,Standard,32145.44
1130,Kimberly Hernandez,3ow37gjn@example.com,Norway,2024-11-21,Standard,7788.9
1131,Steven Lee,fs7glb82@mail.com,Australia,2022-03-18,Basic,14159.2
1132,Charles Reeves,s08rwq1c@outlook.com,UK,2020-09-23,Premium,4389.04
1133,Patricia Jones,t8bz9t30@gmail.com,Mexico,2022-07-19,Premium,43161.4
1134,Kimberly Martinez,y27vmvwj@mail.com,Germany,2023-05-10,Standard,36787.41
1135,Linda Thomas,dg680iug@gmail.com,Brazil,2024-10-21,Standard,7567.71
1136,Linda Gonzalez,gyyj5n86@gmail.com,Norway,2024-07-30,Premium,10197.6
1137,Christopher Martinez,k54k4rv7@gmail.com,Japan,2022-08-09,Premium,40241.53
1138,James Edwards,ny1yc1l2@test.com,Switzerland,2021-06-11,Basic,35129.34
1139,Susan Gonzalez,pxf50ojq@test.com,Switzerland,2021-10-15,Premium,8084.9
1140,Matthew Jackson,fp5md3ex@outlook.com,France,2023-04-28,Standard,5939.58
1141,Daniel Reeves,57obvlxu@example.com,South Korea,2021-05-15,Standard,33451.92
1142,Barbara Lee,o30x8bnm@company.com,Sweden,2020-02-25,Basic,33474.28
1143,Lisa Jones,h0it4bu4@example.com,Germany,2020-05-11,Basic,4277.03
1144,Barbara Jones,8gc0s6en@outlook.com,South Korea,2023-01-17,Standard,26835.69
1145,Margaret Martinez,6dutjto9@outlook.com,USA,2020-03-28,Standard,8965.3
1146,Paul Reeves,7psill0n@email.com,China,2024-11-17,Standard,37471.82
1147,Linda Martin,pekgvzpf@yahoo.com,Spain,2021-01-09,Premium,15351.35
1148,Michael Johnson,kwt2e077@yahoo.com,Mexico,2022-08-22,Basic,22381.02
1149,Donald Jackson,v9jydfzd@gmail.com,Canada,2021-03-25,Standard,21170.19
1150,Mary Martin,ygaa70tg@email.com,Spain,2024-11-22,Premium,292.06
1151,Robert Hernandez,3j56tamy@email.com,Germany,2023-09-13,Basic,38388.59
1152,Patricia Johnson,qtp3174g@example.com,Sweden,2023-06-02,Standard,33691.43
1153,Jessica Miller,3o0sw586@email.com,Germany,2022-03-25,Standard,5327.27
1154,Sandra Moore,k1acfsf6@outlook.com,UK,2023-10-10,Basic,42472.52
1155,Thomas Lopez,6qv4tl70@gmail.com,Australia,2022-09-14,Standard,19343.57
1156,Robert Wilson,103gw7s4@company.com,Italy,2024-04-26,Premium,31096.38
1157,Ashley Martin,qoqsd8p4@example.com,Norway,2023-11-19,Standard,17562.18
1158,Kimberly Garcia,0az0znz3@email.com,Germany,2023-06-06,Standard,28779.83
1159,William Brown,lhwv6flv@email.com,USA,2024-04-13,Standard,36934.89
1160,David Jackson,5ajr1ov9@yahoo.com,Netherlands,2023-03-21,Basic,19878.23
1161,Mary Moore,a2qyruy4@company.com,Australia,2021-07-18,Premium,47685.06
1162,Joseph Perez,vskoi4sw@example.com,Australia,2024-02-10,Basic,26868.1
1163,Andrew Jones,9kvbkavx@email.com,USA,2021-10-31,Premium,6001.55
1164,Robert Garcia,o8bot6at@company.com,Norway,2024-09-03,Standard,17992.61
1165,William Thompson,hutt52lk@example.com,Switzerland,2021-06-20,Basic,49742.69
1166,Donna Lopez,o5a7qnaa@gmail.com,Brazil,2024-01-14,Standard,38012.64
1167,Margaret Jones,v5vxa8mk@company.com,Spain,2024-08-17,Standard,48939.52
1168,Christopher Wilson,qb166xtf@gmail.com,USA,2020-08-19,Basic,37531.0
1169,Sandra Lopez,5ei7k8ev@gmail.com,Australia,2022-09-18,Standard,33296.73
1170,Sandra Moore,6o6f7n2e@mail.com,Brazil,2023-06-05,Basic,21865.78
1171,Steven Brown,lpg7gvlh@company.com,Netherlands,2024-06-12,Premium,13005.13
1172,Nancy Thomas,6kk2nipg@example.com,Norway,2021-04-06,Standard,404.72
1173,Jennifer Brown,k0hf36c0@email.com,France,2023-09-10,Premium,47330.59
1174,Michael Reeves,zr7xwqf1@example.com,Brazil,2023-02-12,Standard,35647.04
1175,Daniel Moore,lgyg4f4d@yahoo.com,Sweden,2021-11-02,Standard,18475.35
1176,Jennifer Anderson,cmb4bldq@company.com,Japan,2022-08-23,Premium,38257.82
1177,Jessica Lopez,1k504k34@yahoo.com,Brazil,2023-04-04,Standard,35146.16
1178,Ashley Miller,j4vbisbh@example.com,South Korea,2020-06-19,Premium,34450.2
1179,Sarah Roberts,x79pbrtg@yahoo.com,Brazil,2024-06-14,Premium,24047.96
1180,Steven Miller,a3plcgql@mail.com,Spain,2021-11-01,Basic,11398.67
1181,Paul Johnson,dudprk5r@test.com,Netherlands,2024-02-29,Standard,46682.42
1182,Margaret Jackson,79i3evjn@email.com,Japan,2021-11-30,Premium,30518.61
1183,Mary Harris,bbvmia63@mail.com,Germany,2020-07-13,Basic,4340.72
1184,Donald White,s6gkj71k@test.com,Brazil,2022-06-16,Premium,28095.9
1185,Betty Roberts,1rwu1ese@gmail.com,Germany,2020-10-20,Premium,22111.26
1186,Ashley Martin,txxwcetg@test.com,Mexico,2022-08-04,Premium,46318.89
1187,Emily Martinez,6jldj7p1@outlook.com,Sweden,2022-03-12,Basic,5330.08
1188,Susan Martin,hbtmpt1u@test.com,Norway,2020-06-12,Standard,47268.47
1189,Lisa Jackson,a30w78zw@outlook.com,UK,2022-06-30,Standard,28896.9
1190,Betty Hernandez,f57vh2d3@mail.com,Sweden,2023-01-07,Premium,37751.75
1191,Ashley Martin,a4leo0eu@yahoo.com,USA,2021-05-24,Basic,6369.95
1192,Steven Martinez,e5mipuyl@yahoo.com,Sweden,2024-01-08,Premium,2231.55
1193,Daniel Johnson,5kzhcmz2@test.com,Spain,2022-02-15,Standard,7079.06
1194,Mark Williams,hmzoim2c@gmail.com,India,2023-01-20,Standard,48773.84
1195,Sandra Williams,n8qix43i@test.com,Germany,2022-01-01,Standard,39513.71
1196,Linda Jones,ni8wx46q@outlook.com,Netherlands,2020-02-27,Premium,27280.64
1197,Donald Thompson,xomigc3j@email.com,Mexico,2020-03-12,Premium,31210.25
1198,Ashley Hernandez,wht37oj9@yahoo.com,Canada,2021-01-21,Basic,28054.8
1199,James Brown,rhjrhe45@company.com,Japan,2023-10-17,Standard,22719.05
1200,Emily Thompson,uv27uubr@company.com,USA,2023-03-12,Premium,8739.35
1201,Andrew Thompson,47s151m4@example.com,India,2023-01-06,Basic,44648.56
1202,David Edwards,rq5a8389@yahoo.com,Australia,2024-09-14,Standard,38805.42
1203,Robert Miller,khsscrtp@mail.com,Sweden,2021-03-31,Basic,11778.42
1204,Margaret Martinez,1q3dzvwe@mail.com,Spain,2022-11-15,Basic,43680.05
1205,Mary Garcia,tom287c4@example.com,Mexico,2023-06-05,Premium,36235.64
1206,Matthew Anderson,qa1ccyy4@company.com,UK,2023-03-03,Premium,8062.1
1207,Betty Thompson,itcwzl87@outlook.com,Japan,2023-01-19,Standard,1505.25
1208,Donna Thomas,foj7ogn9@company.com,France,2021-01-14,Standard,798.04
1209,Jessica Garcia,pd3bgnpy@example.com,Canada,2022-08-30,Premium,7550.53
1210,Margaret Anderson,zg7fbv2i@email.com,France,2020-05-23,Basic,18083.51
1211,Donald Moore,vaqvbdim@gmail.com,USA,2024-06-23,Standard,10887.78
1212,Ashley Williams,g2xgdh3u@test.com,Mexico,2023-09-03,Standard,24831.15
1213,Susan Jones,a3l71029@yahoo.com,Germany,2023-01-25,Premium,23750.65
1214,James Anderson,jib931k2@outlook.com,Germany,2022-01-08,Premium,4732.86
1215,Margaret Smith,fg6jc86x@gmail.com,Japan,2021-09-16,Basic,41182.31
1216,Steven Collins,gwhgxmd7@test.com,South Korea,2020-06-10,Basic,23334.37
1217,Nancy Martin,u8yjmyvm@email.com,Canada,2020-09-26,Premium,5404.4
1218,Linda Hernandez,8t7d2to1@company.com,Norway,2024-12-17,Standard,12839.43
1219,Donna Wilson,26sphnca@company.com,China,2022-07-23,Standard,1279.42
1220,Thomas Anderson,3uduurwu@yahoo.com,South Korea,2021-09-07,Premium,2612.56
1221,Emily Reeves,369o8w42@example.com,Japan,2023-01-11,Standard,25542.09
1222,Karen Anderson,8bfi8ojg@gmail.com,Germany,2020-05-15,Premium,10045.16
1223,Kimberly White,7fa6ahhc@gmail.com,Norway,2022-11-28,Standard,12508.47
1224,Christopher Martin,zoieasu2@yahoo.com,UK,2021-05-31,Premium,20369.07
1225,James Smith,u4du0fiy@example.com,Netherlands,2024-02-28,Basic,33695.38
1226,Ashley Martin,zba2mt4c@email.com,Switzerland,2021-06-12,Standard,12322.7
1227,Patricia Smith,739syied@example.com,Netherlands,2020-06-17,Premium,26217.23
1228,Jennifer Hernandez,dvxylfu2@outlook.com,USA,2021-01-22,Basic,13062.73
1229,James Williams,nliobl7v@company.com,China,2023-04-06,Basic,13739.58
1230,Margaret Wilson,pzdtjxaf@yahoo.com,Sweden,2020-11-07,Premium,32665.65
1231,Paul Anderson,v18f6fts@yahoo.com,Switzerland,2021-06-20,Basic,16305.61
1232,David Anderson,i6wgl8i9@gmail.com,USA,2021-08-26,Premium,8057.57
1233,William Thompson,ufzdepcg@mail.com,Brazil,2023-03-02,Premium,14414.55
1234,Margaret Jones,5cvhjobe@example.com,Sweden,2020-10-20,Standard,4424.63
1235,Jennifer Martin,56h6u9wc@yahoo.com,France,2020-03-01,Basic,45232.03
1236,Andrew Harris,nrp1i366@company.com,China,2022-02-20,Basic,2395.57
1237,Nancy Lee,gfp94k3a@yahoo.com,India,2021-04-29,Premium,18360.95
1238,Jessica Martin,l4jm8c9t@outlook.com,India,2024-03-30,Premium,37497.72
1239,David Roberts,q8o9s4zn@mail.com,Australia,2020-11-08,Premium,13875.49
1240,Michael Reeves,wp94p4jw@test.com,Netherlands,2024-08-26,Premium,33153.33
1241,Patricia Lee,hao73ku9@outlook.com,France,2021-04-26,Standard,43218.31
1242,Jessica Martinez,b051t8fm@email.com,Japan,2023-05-23,Basic,37585.38
1243,Richard Lopez,j2aoy2xd@yahoo.com,UK,2023-10-05,Basic,30661.71
1244,Joseph Moore,ttqayiiy@company.com,Sweden,2024-11-25,Basic,40333.95
1245,Michael Taylor,svpaoj1m@yahoo.com,UK,2020-03-30,Premium,4646.29
1246,Betty Martinez,h0c0ibzb@email.com,USA,2024-08-14,Premium,24883.9
1247,William Harris,05n9hczd@test.com,Norway,2024-08-22,Basic,31182.59
1248,Patricia Williams,dj7h7red@test.com,UK,2023-04-22,Standard,38120.19
1249,Donna Wilson,b0515f9m@gmail.com,Sweden,2021-06-13,Premium,29133.54
1250,Christopher Edwards,9qs57wc8@mail.com,Italy,2021-11-22,Basic,8365.86
1251,Linda Smith,rft5p0q2@gmail.com,Italy,2022-08-16,Premium,47280.12
1252,William Wilson,aydw9f6y@email.com,Japan,2022-09-12,Standard,38767.21
1253,Andrew Miller,r4b5ud6g@company.com,Norway,2020-01-31,Basic,36167.46
1254,Donna Lopez,2q8bgj5g@outlook.com,Spain,2024-11-29,Standard,48204.04
1255,Richard Roberts,ev2nynmq@email.com,Switzerland,2020-02-10,Standard,40062.27
1256,Matthew Williams,pyi46n05@outlook.com,Mexico,2021-10-21,Premium,36816.41
1257,Donald Collins,kfcrahb7@company.com,Germany,2021-07-31,Premium,35170.53
1258,Linda Martin,thetkcak@yahoo.com,South Korea,2023-05-15,Premium,40720.97
1259,Daniel Edwards,ifncrn3t@email.com,China,2022-04-07,Basic,39729.98
1260,Thomas White,5wlldaae@company.com,Switzerland,2022-05-11,Standard,38458.5
1261,Barbara Thomas,s324ertl@yahoo.com,France,2023-01-23,Premium,45301.06
1262,Kimberly Hernandez,3ev1rdnf@gmail.com,Netherlands,2020-11-25,Premium,36744.16
1263,Mary Brown,kk14nk1q@gmail.com,Brazil,2020-05-12,Standard,5177.11
1264,Ashley Miller,csenjxtx@example.com,Switzerland,2023-09-23,Basic,3153.95
1265,William Thomas,l9t15kck@mail.com,Netherlands,2023-10-07,Premium,19227.8
1266,Richard Jackson,gj1yofqt@company.com,Canada,2022-07-07,Standard,21487.68
1267,David Smith,q6yf84z7@example.com,Norway,2022-04-01,Standard,20936.69
1268,David Lopez,vhtz4voy@gmail.com,Japan,2022-11-24,Basic,49683.04
1269,Thomas Garcia,cmnia2y7@outlook.com,Switzerland,2021-02-13,Basic,20964.19
1270,Jennifer Collins,l4pjagxl@test.com,Canada,2024-02-17,Standard,25059.56
1271,Ashley Thomas,zmf4v5i2@company.com,France,2024-09-26,Premium,23895.16
1272,Margaret Martin,4qhcg7fd@yahoo.com,Netherlands,2024-08-27,Standard,32597.32
1273,Kimberly Wilson,v8df2f5n@company.com,Japan,2024-09-10,Basic,20267.0
1274,Donna Davis,bgdpuh4g@gmail.com,Germany,2024-03-09,Standard,49745.6
1275,Donna Smith,d9jyj3ct@yahoo.com,Netherlands,2022-08-09,Premium,46087.4
1276,Jennifer Gonzalez,7q25y7kh@outlook.com,South Korea,2024-09-06,Standard,9258.64
1277,Karen Gonzalez,u45pu2pi@gmail.com,Norway,2021-03-31,Basic,1722.31
1278,Margaret Thompson,7jfm03td@example.com,Italy,2020-09-17,Standard,35065.65
1279,Kimberly Garcia,td6enmb9@email.com,Canada,2020-09-13,Standard,35954.46
1280,Mark Gonzalez,x3qfxmhr@mail.com,USA,2022-07-16,Basic,128.47
1281,Andrew Wilson,ka0914ab@gmail.com,UK,2023-03-03,Premium,29791.59
1282,Richard Garcia,16185ibj@gmail.com,Italy,2020-12-21,Premium,17489.95
1283,Joseph Davis,hagmb362@mail.com,Canada,2020-08-20,Basic,44248.34
1284,Thomas Hernandez,k2yb4u33@company.com,Spain,2023-07-01,Premium,37777.15
1285,Sarah Miller,5ki7ve3a@example.com,UK,2020-09-15,Standard,37657.66
1286,Jennifer Garcia,5c21o6ww@gmail.com,UK,2020-10-19,Premium,48352.34
1287,Margaret Miller,cqvkcag1@company.com,Mexico,2023-03-05,Premium,45094.18
1288,Lisa Martin,9deociri@email.com,France,2022-05-17,Standard,23725.28
1289,Barbara White,4won6faw@yahoo.com,Netherlands,2024-07-14,Premium,1419.84
1290,Richard White,0tj5jgzc@example.com,India,2021-12-27,Premium,15957.97
1291,Karen Miller,zfudi4sp@test.com,France,2021-06-18,Standard,30312.69
1292,David Lopez,yje8si3w@mail.com,Norway,2024-06-08,Premium,29575.97
1293,James Martinez,1rbrnu85@outlook.com,Norway,2022-05-30,Standard,4854.22
1294,Patricia Garcia,mzx8j5ms@mail.com,Sweden,2022-12-22,Premium,41494.16
1295,Andrew Garcia,9lp2e2as@email.com,Switzerland,2020-09-13,Basic,29266.6
1296,Richard Lopez,kh250cvg@outlook.com,Germany,2021-01-10,Standard,530.28
1297,William Moore,g0xwg5kg@email.com,Spain,2023-04-21,Standard,44052.51
1298,James Williams,4gf7duga@gmail.com,South Korea,2022-03-18,Premium,41590.62
1299,Mark Johnson,eoj3m48n@example.com,Germany,2020-05-16,Standard,41814.1
1300,Robert Smith,zwb1ui1t@outlook.com,France,2020-11-24,Standard,41834.06
1301,Jennifer Williams,8h4zpatq@gmail.com,India,2022-03-30,Standard,20071.64
1302,Donald Roberts,4rpekzzm@gmail.com,India,2021-04-12,Standard,8755.86
1303,Karen Wilson,d3x4yh5h@email.com,UK,2020-01-26,Basic,46849.14
1304,Charles Martinez,z8k7zoj3@yahoo.com,Spain,2022-07-30,Premium,23249.71
1305,John Taylor,n861py2v@outlook.com,Canada,2024-08-03,Standard,44011.98
1306,Michael Thomas,lmsp94rw@example.com,Germany,2021-09-05,Basic,9219.33
1307,Richard Martinez,uqjj1gjp@mail.com,Spain,2022-10-23,Standard,28672.71
1308,Mark Jackson,1amkt0n1@email.com,Norway,2023-03-08,Premium,14115.61
1309,Ashley Garcia,hpzca8vi@mail.com,India,2022-09-13,Basic,47185.96
1310,Susan Williams,oklva2uh@yahoo.com,Japan,2023-10-08,Standard,2590.56
1311,Kimberly Edwards,xodhs6jh@gmail.com,Australia,2024-01-30,Standard,4209.48
1312,Mark Roberts,x45joqyn@example.com,Australia,2023-02-07,Premium,18450.38
1313,Nancy Collins,ys30u7fr@outlook.com,UK,2020-01-23,Basic,15472.47
1314,Robert Harris,q4ua9n1p@mail.com,Canada,2021-04-11,Basic,12474.13
1315,Karen Reeves,pshoxxao@yahoo.com,Norway,2020-10-04,Premium,36771.29
1316,Donald Wilson,5rukcass@email.com,India,2021-03-22,Basic,38020.38
1317,Robert Gonzalez,qhok3zy5@test.com,Australia,2020-02-19,Basic,42207.35
1318,Daniel Edwards,ayke3zcx@email.com,Mexico,2023-01-21,Standard,34171.42
1319,Mark Smith,oh41of7y@gmail.com,Switzerland,2021-01-27,Basic,29109.58
1320,Paul Roberts,wyutfefz@example.com,Italy,2022-08-07,Premium,22931.3
1321,James Moore,p3vgvfhz@example.com,Mexico,2023-10-13,Premium,47886.3
1322,Nancy White,9vak1vpa@email.com,Germany,2020-05-10,Basic,17064.93
1323,Andrew Anderson,gn9t8jus@company.com,Italy,2024-07-20,Premium,34899.0
1324,Michael Anderson,0eq4aw8j@example.com,UK,2021-12-04,Basic,26432.43
1325,Patricia Jones,n45u0f4s@mail.com,USA,2021-02-13,Standard,38758.06
1326,Linda Thomas,bvfwb5hs@gmail.com,Sweden,2023-08-04,Premium,22767.65
1327,Margaret Brown,tvog5kks@gmail.com,USA,2022-07-26,Premium,25865.37
1328,Lisa Jackson,gxwdpa7y@email.com,UK,2020-12-17,Standard,20366.61
1329,David Smith,ut4iec1g@email.com,Spain,2023-10-09,Standard,14102.49
1330,Jessica Hernandez,2nxxms3r@gmail.com,Mexico,2020-12-31,Premium,36815.66
1331,Christopher Perez,xxkxnoad@outlook.com,Italy,2022-07-28,Standard,12507.34
1332,Susan Moore,6uo3zin1@gmail.com,France,2024-03-24,Standard,12189.92
1333,Daniel Brown,46lmi1j1@test.com,Brazil,2024-05-14,Standard,34015.52
1334,Sarah Edwards,oz46te5u@test.com,Italy,2022-11-26,Standard,13894.62
1335,Margaret Wilson,fhepn3vw@email.com,China,2023-04-13,Premium,6554.45
1336,Nancy Jackson,384xg08g@email.com,Germany,2020-12-05,Standard,28227.41
1337,David Smith,no88uogm@outlook.com,Norway,2021-05-22,Premium,16098.75
1338,Donna Martin,r9uqrvn2@gmail.com,China,2020-09-05,Premium,12814.87
1339,Susan Johnson,s5jvilv0@yahoo.com,France,2020-09-15,Standard,591.19
1340,James Collins,ckxxqo40@yahoo.com,China,2024-02-26,Basic,33100.62
1341,Robert Edwards,k7ckasul@test.com,France,2020-03-08,Basic,30683.59
1342,Sandra Lee,lyk0yzka@outlook.com,Canada,2022-11-28,Premium,11753.26
1343,Thomas Smith,urpv2wj6@email.com,France,2023-03-10,Basic,46068.73
1344,Robert Lee,9nt5dxi7@test.com,South Korea,2022-04-17,Premium,46828.72
1345,Sandra Jackson,lr1x08k4@company.com,Italy,2024-06-16,Standard,24588.55
1346,Linda Harris,ficgxloa@test.com,Switzerland,2022-10-12,Premium,32153.94
1347,Michael Thomas,9midux8f@mail.com,Mexico,2023-04-24,Premium,25830.26
1348,Joseph Miller,qg034l4k@gmail.com,Japan,2022-10-07,Standard,1381.07
1349,Andrew Wilson,51lc8a4o@yahoo.com,Mexico,2024-05-29,Standard,31530.76
1350,Donna Edwards,2mrix5vc@mail.com,Australia,2021-01-29,Standard,1948.27
1351,Michael Moore,2smtc0d6@test.com,Japan,2021-07-09,Basic,40058.26
1352,Margaret White,nveox3ak@example.com,USA,2024-01-08,Standard,16014.77
1353,Nancy Jones,t99i7zfc@gmail.com,Spain,2023-04-20,Standard,19743.45
1354,Richard Thompson,70in3tyk@gmail.com,Netherlands,2022-12-29,Basic,721.13
1355,Margaret Hernandez,fzd6kpv5@example.com,India,2024-01-16,Standard,6694.34
1356,Patricia Reeves,g9k4ssb1@email.com,Switzerland,2020-03-28,Basic,36019.73
1357,Donna Thomas,9bg9zvwt@company.com,Italy,2020-06-10,Premium,10064.64
1358,Barbara Perez,odmjmbfo@outlook.com,UK,2020-08-16,Basic,32844.27
1359,Robert Martinez,92yfai6y@test.com,Switzerland,2021-07-12,Standard,35587.29
1360,Christopher Thomas,08ct6176@yahoo.com,Netherlands,2024-03-17,Premium,14534.85
1361,Michael Roberts,wmij5rno@email.com,Germany,2021-05-23,Standard,35185.84
1362,John Reeves,aia0ctan@test.com,USA,2021-03-18,Standard,25895.14
1363,Patricia Hernandez,7bioi3ne@yahoo.com,South Korea,2021-06-28,Premium,31229.83
1364,Linda Smith,4vv9c0xf@outlook.com,USA,2023-05-30,Standard,17014.42
1365,Joseph Thompson,71uzn4u3@email.com,Canada,2020-04-11,Basic,35858.73
1366,Sandra Johnson,e8m3rkl3@outlook.com,Canada,2021-10-15,Standard,37383.61
1367,Christopher Harris,klseauzv@mail.com,Brazil,2022-12-20,Premium,14241.34
1368,Christopher Thompson,l9fg2new@gmail.com,India,2023-12-03,Standard,19056.32
1369,Sarah Perez,o34lpqk5@outlook.com,South Korea,2022-04-11,Premium,6640.98
1370,Matthew Perez,9nnc8yci@yahoo.com,South Korea,2022-10-14,Premium,15870.07
1371,Patricia Lopez,sungkhvl@company.com,Canada,2023-12-24,Standard,48434.6
1372,Betty Miller,d3y9qb0e@yahoo.com,Sweden,2023-07-29,Basic,26622.7
1373,Sandra Martin,74ohl5th@mail.com,Switzerland,2021-06-24,Basic,33560.58
1374,Ashley Gonzalez,taybgi0r@test.com,Mexico,2023-01-15,Standard,12293.6
1375,James Perez,xufvpig3@test.com,Spain,2024-05-29,Basic,6749.74
1376,Margaret Martinez,jgueifo2@test.com,Australia,2023-06-18,Basic,32671.77
1377,Charles Garcia,p7wzitmf@outlook.com,Italy,2023-11-05,Premium,1182.39
1378,William Rodriguez,yapg1gke@company.com,Switzerland,2023-09-13,Premium,30272.03
1379,Emily Brown,6aylld4y@outlook.com,Australia,2020-04-27,Standard,16248.01
1380,Michael Miller,thbzokiy@outlook.com,South Korea,2023-07-04,Basic,38976.22
1381,David Thomas,qqhc5s88@email.com,China,2024-02-04,Standard,1511.03
1382,Mark Smith,hni2mlw2@outlook.com,China,2020-06-22,Basic,41222.17
1383,Steven Perez,z0eraxp2@mail.com,Sweden,2020-12-08,Standard,22726.81
1384,David Lopez,ua73abzg@mail.com,Australia,2024-12-13,Standard,47298.63
1385,Michael Martinez,ujvxhshv@test.com,Norway,2023-12-21,Standard,42121.47
1386,Michael Rodriguez,vzpvwll5@example.com,France,2024-08-13,Standard,38776.37
1387,Sandra Martinez,heiv6ddz@yahoo.com,UK,2021-11-05,Basic,14487.0
1388,Lisa Davis,jacypz7f@example.com,Sweden,2023-12-11,Standard,46958.44
1389,Nancy Garcia,37foqsr4@outlook.com,France,2021-02-23,Standard,26340.39
1390,Andrew Lee,rlt4csnc@example.com,Japan,2023-03-24,Basic,18566.89
1391,Nancy Anderson,0ut5jays@test.com,Japan,2023-03-07,Standard,9720.61
1392,Andrew Davis,844qh2bt@outlook.com,South Korea,2020-06-20,Standard,20098.73
1393,James Jones,pmlqs8lx@email.com,India,2021-11-02,Standard,44434.53
1394,Matthew Jones,9gqjanqs@email.com,Sweden,2024-10-18,Premium,14629.39
1395,Patricia Lopez,cnjdgjkc@test.com,China,2020-01-11,Premium,40103.61
1396,Joseph Miller,t69a1435@yahoo.com,Netherlands,2020-02-10,Premium,20469.64
1397,Robert Collins,w3j6sog2@mail.com,Canada,2023-01-12,Basic,36820.64
1398,Thomas Smith,91kcjuvp@yahoo.com,Switzerland,2023-05-06,Standard,43413.53
1399,Kimberly Brown,4mfjhoja@mail.com,Canada,2022-08-08,Premium,17761.48
1400,John Thompson,yks9urxi@company.com,USA,2024-12-24,Standard,29265.45
1401,Donna Johnson,f9azjf54@example.com,Mexico,2021-12-25,Basic,30063.18
1402,David Hernandez,sv5q4fiu@test.com,Netherlands,2022-08-22,Standard,26676.26
1403,Ashley Lopez,v8elspj6@outlook.com,Spain,2020-01-08,Basic,26146.91
1404,David Roberts,v2sos7dp@example.com,Italy,2020-12-10,Standard,1653.29
1405,Betty Martin,tz1fpr7h@test.com,Spain,2023-12-04,Premium,19259.06
1406,Susan Roberts,vxxyn9t6@yahoo.com,Netherlands,2023-01-12,Basic,7564.11
1407,Barbara Collins,nnmlwvap@outlook.com,Italy,2020-09-30,Standard,36274.14
1408,Thomas Lee,rqsu95iy@gmail.com,Canada,2023-12-21,Standard,15886.28
1409,Karen Edwards,2twc5kqq@mail.com,Japan,2020-05-24,Basic,39573.98
1410,Donald Thomas,lhs95twb@test.com,Spain,2022-08-05,Basic,3408.81
1411,Michael Hernandez,rcun91wg@example.com,Sweden,2021-06-23,Basic,25635.15
1412,Donald Miller,s58yofvy@outlook.com,UK,2023-07-17,Basic,30171.1
1413,Lisa Martin,d5tfu2sn@yahoo.com,Sweden,2024-04-19,Premium,40792.42
1414,Mary Lee,3aoz4v5b@outlook.com,Italy,2022-09-12,Premium,29515.04
1415,Barbara Gonzalez,t6i6s7pk@test.com,Canada,2021-05-11,Basic,15877.52
1416,Donald Thomas,lsos0i9m@test.com,USA,2024-06-27,Standard,22168.73
1417,William Thompson,g26hlmb4@mail.com,Netherlands,2023-10-16,Premium,17938.07
1418,Jennifer Taylor,rv5ij3jl@example.com,UK,2020-06-05,Standard,3288.18
1419,Steven Johnson,xz17924h@test.com,UK,2021-10-26,Basic,37527.59
1420,Andrew Martin,cbw5qqb5@example.com,China,2024-07-05,Basic,13423.78
1421,Sandra Taylor,kor3a1i1@email.com,China,2024-07-25,Premium,3413.04
1422,Jessica Brown,wr1sheur@test.com,Germany,2023-05-16,Basic,33501.06
1423,Mark Davis,dou0ze3l@mail.com,China,2023-08-08,Premium,49796.9
1424,Thomas Davis,gd40cm0t@email.com,Australia,2020-02-19,Standard,45528.06
1425,Nancy Martinez,24zn0mwm@company.com,Mexico,2023-07-08,Standard,13459.97
1426,Linda Wilson,caaffsdu@yahoo.com,China,2024-12-30,Premium,11473.54
1427,Nancy Roberts,jrzcv3hr@test.com,China,2020-02-22,Basic,49811.57
1428,David Moore,ox981bf8@mail.com,USA,2023-03-23,Basic,32325.9
1429,John Harris,3e6oqe09@email.com,South Korea,2020-06-08,Premium,7063.54
1430,Daniel Martin,oig8b24e@example.com,Japan,2023-06-10,Basic,27256.47
1431,Michael Collins,908t6rwa@test.com,Netherlands,2023-06-12,Premium,16437.15
1432,Nancy Rodriguez,3ekwh1mq@email.com,Brazil,2022-06-08,Standard,7091.61
1433,John Roberts,bti1ncv1@email.com,India,2021-12-30,Basic,37920.89
1434,Susan Thomas,yn53kbh4@mail.com,USA,2021-01-01,Basic,40098.92
1435,Lisa Williams,0932jky5@email.com,Switzerland,2020-10-15,Premium,26718.91
1436,Andrew Davis,uk18c7j0@yahoo.com,Brazil,2023-11-07,Standard,14691.29
1437,Joseph Brown,mezvsq3h@outlook.com,USA,2021-08-15,Premium,29199.83
1438,Christopher Davis,pxpsbtnb@yahoo.com,Norway,2022-09-10,Premium,4380.13
1439,Jessica Jackson,ddcirow8@gmail.com,Switzerland,2024-06-23,Basic,3973.05
1440,Ashley Jones,bywlklqb@gmail.com,France,2024-11-03,Standard,41116.21
1441,Joseph Davis,7znjzhob@example.com,Canada,2021-01-13,Basic,21643.69
1442,Lisa Lee,ymzy6ekd@company.com,France,2020-02-25,Standard,20502.0
1443,Robert Jones,lj0ua9o6@example.com,Sweden,2020-10-15,Premium,6870.6
1444,David Rodriguez,b9i9exbn@gmail.com,UK,2023-09-20,Basic,30736.07
1445,Robert Edwards,c1jlidig@outlook.com,Sweden,2022-02-14,Premium,39850.69
1446,Richard Davis,0j3okeks@company.com,China,2023-06-02,Standard,21467.02
1447,James Garcia,jspj00vm@email.com,Netherlands,2023-07-27,Basic,23730.32
1448,Sarah Rodriguez,xtwgqio1@mail.com,Germany,2022-02-24,Standard,18609.22
1449,Lisa Jackson,4j1of25s@email.com,South Korea,2021-09-06,Premium,13403.39
1450,Betty Davis,i4zf5187@email.com,South Korea,2024-01-13,Standard,33379.48
1451,Lisa Miller,uzzo15u5@example.com,France,2021-08-16,Premium,43883.74
1452,John Thomas,7fdrfqx7@example.com,Norway,2021-04-04,Standard,13645.53
1453,Christopher Wilson,tspya2ot@company.com,Switzerland,2023-04-23,Basic,11894.57
1454,Andrew Perez,xomi8co2@example.com,Netherlands,2020-06-30,Premium,12317.67
1455,Kimberly Perez,hecy117j@email.com,Switzerland,2023-02-08,Basic,1053.04
1456,David Gonzalez,0ue99oh1@test.com,Australia,2021-01-11,Standard,32157.97
1457,Barbara Martin,u3f4k1h3@yahoo.com,Netherlands,2020-10-11,Basic,46544.31
1458,Nancy Smith,h3j4cygo@email.com,China,2023-03-07,Standard,4512.72
1459,Donald Anderson,9aythhdd@email.com,UK,2020-12-13,Standard,39284.84
1460,Mary Jones,ozujv1ci@company.com,Japan,2021-03-17,Standard,45890.33
1461,Donald Roberts,r28j2k3t@company.com,Mexico,2024-01-31,Premium,47755.17
1462,Sandra Thomas,vb96do9u@yahoo.com,USA,2020-04-07,Standard,32842.24
1463,Richard Collins,6fu547ot@gmail.com,Mexico,2024-11-29,Basic,30150.86
1464,Sarah Martinez,f81j67kj@outlook.com,Canada,2021-03-05,Standard,9954.34
1465,Sandra Johnson,zuyr7vht@gmail.com,Mexico,2021-10-25,Standard,5034.21
1466,Jennifer Perez,rhezul4a@outlook.com,China,2022-08-08,Basic,43384.84
1467,Richard Reeves,s2ddet4k@outlook.com,Switzerland,2023-11-28,Premium,38653.09
1468,Jessica Wilson,rsrkpvi2@yahoo.com,Canada,2023-07-28,Standard,15153.11
1469,Linda White,9eukifm5@yahoo.com,Italy,2020-06-17,Standard,10967.97
1470,Patricia Wilson,vpxnojmg@mail.com,Germany,2024-03-31,Basic,24892.72
1471,Nancy Collins,cfnr37qt@company.com,Sweden,2022-12-12,Standard,21353.35
1472,Christopher Taylor,u8hcnvw0@email.com,Netherlands,2021-12-13,Basic,45859.03
1473,Jessica Lopez,ns54gwdf@email.com,France,2024-04-06,Basic,18145.1
1474,Betty Smith,j5rxc4xj@example.com,USA,2024-08-03,Standard,25511.28
1475,Donald Edwards,gbzq35aw@email.com,South Korea,2023-01-13,Basic,3043.82
1476,Karen Perez,1rtaogze@outlook.com,France,2021-04-14,Premium,27655.49
1477,Susan Garcia,uktq5smv@company.com,Canada,2020-01-03,Standard,4704.24
1478,Donna Rodriguez,q2i6deiy@mail.com,Spain,2021-10-14,Standard,46389.51
1479,Richard Thompson,xv7a7kx7@mail.com,Switzerland,2023-02-13,Premium,29979.87
1480,Ashley Taylor,iet4akw6@mail.com,Italy,2021-09-09,Premium,30701.9
1481,David Perez,11dxku2k@outlook.com,Norway,2020-03-15,Premium,4341.62
1482,Paul White,tvahm9uz@gmail.com,Italy,2022-08-09,Basic,29300.62
1483,Linda White,fhx0zj7i@email.com,USA,2021-10-15,Standard,27672.22
1484,Matthew Reeves,rnuza1g6@gmail.com,South Korea,2023-05-19,Standard,28365.29
1485,Patricia Harris,k6s2pn0n@email.com,Netherlands,2021-05-07,Premium,22672.12
1486,Karen Lopez,pbofo7pu@company.com,Norway,2020-04-29,Premium,17949.95
1487,Mary Taylor,krowx4kk@test.com,Germany,2021-10-23,Premium,26622.04
1488,Susan Davis,06gkabcz@company.com,UK,2024-01-14,Standard,17166.2
1489,Margaret Martin,dtlk87n4@email.com,USA,2020-11-28,Standard,8310.66
1490,Mark Johnson,i1hf2ykg@example.com,Mexico,2021-10-21,Basic,26937.24
1491,David Taylor,nba3vo6y@yahoo.com,Netherlands,2020-11-19,Premium,24320.11
1492,Richard Martin,eekot16m@example.com,Germany,2022-04-11,Standard,30245.77
1493,Steven Edwards,9ahembh4@outlook.com,Sweden,2020-04-02,Standard,26628.78
1494,Matthew Smith,gbdvdiin@example.com,Switzerland,2023-05-22,Standard,4329.16
1495,Patricia Smith,cazxpngm@company.com,Switzerland,2020-05-11,Basic,37024.1
1496,Matthew Martin,l0uw6ik2@example.com,France,2024-03-01,Premium,4233.91
1497,John Lee,wq21knpk@example.com,Netherlands,2020-01-27,Basic,6001.66
1498,Christopher Thompson,myzdcqr8@email.com,India,2020-04-29,Standard,8922.08
1499,Steven Lee,6pe2fdzl@gmail.com,South Korea,2023-09-18,Premium,39877.96
1500,Patricia Brown,ecert7aw@test.com,South Korea,2021-02-22,Standard,12379.11
1501,Barbara Miller,yemf5nwz@mail.com,South Korea,2021-03-27,Standard,4281.02
1502,Christopher Edwards,flab0qm6@outlook.com,Italy,2023-12-10,Basic,3750.16
1503,Barbara Rodriguez,pvw4nh81@company.com,UK,2022-10-02,Basic,27731.84
1504,Kimberly Wilson,mc967fd2@gmail.com,Australia,2024-07-04,Standard,8267.01
1505,Sandra Gonzalez,kp555n2r@company.com,India,2021-12-08,Premium,48115.58
1506,Sarah Thomas,8no7nqot@company.com,South Korea,2020-11-23,Premium,14006.24
1507,Christopher Harris,nelwl8u8@email.com,India,2022-02-23,Basic,46447.58
1508,Linda Brown,3bpeqprv@example.com,India,2023-12-09,Premium,30733.06
1509,Jessica Rodriguez,yjeedp2n@gmail.com,Germany,2020-10-28,Premium,14706.1
1510,Kimberly Anderson,t47z0a69@test.com,France,2022-02-04,Premium,43214.54
1511,Christopher Harris,xqhxtdqy@outlook.com,Italy,2021-01-30,Standard,32290.87
1512,Barbara Harris,cuzlzoo0@gmail.com,Australia,2021-02-07,Standard,31543.99
1513,David Edwards,59she953@gmail.com,Canada,2024-12-30,Basic,33826.86
1514,Christopher Taylor,7e315h9h@test.com,Australia,2020-02-16,Basic,8402.64
1515,Andrew Martin,o0wzn4xj@company.com,South Korea,2024-11-30,Basic,6740.73
1516,Donna Lopez,7kzb5fw1@yahoo.com,Spain,2022-02-05,Premium,41261.02
1517,James Williams,dlor2tyz@gmail.com,Norway,2024-12-02,Premium,10915.18
1518,Emily Martin,sx0bjckj@yahoo.com,Brazil,2022-04-10,Standard,44691.88
1519,Lisa Williams,y4gwdshl@mail.com,Brazil,2022-11-01,Premium,9934.54
1520,James Jones,7slkd4qj@yahoo.com,Canada,2020-11-12,Standard,39536.46
1521,William Gonzalez,6suzrddn@email.com,South Korea,2024-06-24,Basic,48890.52
1522,Linda Williams,uq3puzhh@email.com,Mexico,2022-09-02,Premium,35998.92
1523,Mary Hernandez,8tnjxcml@outlook.com,Norway,2022-01-26,Premium,18300.83
1524,Sarah Davis,uv1ffofq@test.com,India,2023-02-19,Premium,3420.14
1525,Lisa Moore,37pr5a5h@outlook.com,Sweden,2021-11-29,Premium,7963.76
1526,Ashley Garcia,rnv3hlw3@gmail.com,Germany,2021-10-17,Premium,43751.91
1527,Betty Martinez,p8at37a6@test.com,France,2024-12-19,Basic,42134.27
1528,Ashley Thompson,3uzgrrq0@yahoo.com,UK,2024-12-04,Basic,14695.22
1529,Daniel Brown,yrsoava6@outlook.com,Mexico,2020-04-08,Premium,35844.77
1530,Karen Brown,gyr58mx4@test.com,Switzerland,2020-07-11,Basic,41727.51
1531,Sandra Reeves,euwdnvmo@test.com,South Korea,2021-08-29,Premium,30402.06
1532,John Taylor,4h2awnf3@company.com,France,2023-10-13,Standard,34139.32
1533,Betty Miller,2w8g4u1i@gmail.com,Netherlands,2020-02-13,Standard,34694.64
1534,Steven White,iberxe6l@yahoo.com,Canada,2020-05-21,Standard,35471.08
1535,Barbara Wilson,asemuhjq@mail.com,Netherlands,2024-11-03,Basic,45933.84
1536,Jessica Davis,lszm6vdu@test.com,Mexico,2024-08-02,Standard,19281.75
1537,Paul Reeves,ow4yif5d@test.com,France,2024-07-31,Basic,20442.64
1538,Betty Brown,2fol4vfz@outlook.com,China,2020-01-06,Premium,40561.12
1539,Barbara Smith,txdxnada@mail.com,Japan,2021-03-02,Premium,24825.81
1540,Linda Gonzalez,8hcx09lp@example.com,Australia,2023-05-10,Basic,38155.1
1541,Joseph Perez,a6cbb3vc@test.com,Sweden,2020-08-21,Basic,277.22
1542,Nancy Edwards,38gx8m8c@outlook.com,Canada,2023-06-27,Basic,11582.75
1543,Charles Harris,hppipg6a@yahoo.com,France,2020-10-07,Basic,31795.95
1544,Emily Williams,m91kqzjq@gmail.com,Brazil,2024-01-10,Premium,3775.14
1545,Jennifer Johnson,9y8y0awr@example.com,Netherlands,2023-06-21,Basic,14581.77
1546,David Jones,u90fpi90@mail.com,USA,2024-03-31,Basic,5281.91
1547,Kimberly Wilson,r5sr5et3@example.com,South Korea,2021-04-28,Standard,27282.87
1548,Matthew Smith,dx52f7gf@email.com,South Korea,2022-06-09,Standard,25784.69
1549,Paul Smith,uyqo89lg@gmail.com,Netherlands,2021-08-19,Basic,29228.23
1550,Daniel Jackson,temrqp94@email.com,China,2020-02-21,Basic,41946.37
1551,Donna Lopez,8tl777k1@yahoo.com,Australia,2021-11-06,Standard,27616.66
1552,Joseph Jackson,c3v8mo2t@test.com,Mexico,2023-08-20,Premium,42091.52
1553,Nancy Taylor,pcx1avjv@outlook.com,Sweden,2022-07-04,Basic,41780.01
1554,Kimberly Lopez,x9wx1vad@outlook.com,India,2023-07-21,Premium,3284.01
1555,Paul Gonzalez,4bju8oxm@outlook.com,Germany,2021-04-10,Premium,20462.91
1556,Jessica Roberts,eun5a8xa@outlook.com,Japan,2024-05-27,Premium,45244.46
1557,Sandra Brown,j2qi80ka@mail.com,Switzerland,2024-12-15,Basic,4691.88
1558,Karen Martinez,oxv6y6jz@test.com,Spain,2022-01-11,Basic,15266.05
1559,Betty Davis,j0kx69xp@example.com,Japan,2022-11-03,Premium,39348.79
1560,Donna Martin,4x7x8w43@example.com,South Korea,2022-03-13,Standard,25927.5
1561,Sarah Brown,bxqnq76k@outlook.com,South Korea,2024-04-28,Basic,28086.55
1562,Charles Martinez,i9pvmtm1@company.com,India,2024-06-25,Premium,18122.79
1563,Robert Martin,gjq0aqk7@example.com,Canada,2023-11-28,Standard,22397.15
1564,Kimberly Reeves,f8lw7y8a@gmail.com,Mexico,2022-05-13,Premium,16820.62
1565,Matthew Jones,myywkmx8@yahoo.com,China,2021-03-05,Standard,11426.09
1566,Michael Brown,6v1yy31w@mail.com,Spain,2020-06-10,Basic,36271.68
1567,William Jones,fxuj5ogq@company.com,France,2023-02-03,Standard,42040.59
1568,John Collins,gydbnigz@mail.com,Brazil,2021-08-22,Standard,47732.54
1569,Charles Lee,1923wvlc@company.com,Brazil,2024-08-24,Standard,15701.96
1570,Thomas Harris,qb1eg4oh@test.com,Japan,2022-02-28,Premium,49884.61
1571,David Edwards,dlr8z101@company.com,UK,2020-12-21,Standard,1534.49
1572,Charles Taylor,e9xoawcu@yahoo.com,South Korea,2021-05-07,Premium,39525.97
1573,Sarah Reeves,wmc07lbl@outlook.com,France,2023-10-18,Basic,36206.39
1574,Mark Davis,ydg1ki17@gmail.com,China,2022-10-25,Standard,42525.43
1575,Jennifer White,kffvikby@outlook.com,Italy,2020-08-07,Premium,12842.05
1576,Steven Lopez,1pqvczka@company.com,Japan,2021-02-01,Premium,26114.73
1577,Joseph Lee,kpwi25y4@test.com,Switzerland,2020-08-31,Basic,32161.59
1578,Daniel Smith,oyeyqe68@yahoo.com,Netherlands,2021-03-13,Premium,25510.76
1579,Sandra Brown,ydbsiwfv@example.com,Australia,2023-03-07,Premium,39363.63
1580,Mark Miller,ypr1muyr@test.com,China,2021-12-10,Basic,37050.21
1581,Jennifer Lopez,5cjb3gex@example.com,Norway,2022-10-09,Basic,30684.6
1582,Jessica Martin,7w5glo1b@gmail.com,Japan,2020-01-18,Basic,39065.47
1583,Jessica Rodriguez,oyykczf2@yahoo.com,Canada,2020-06-03,Premium,41522.21
1584,David Anderson,gb1dindl@outlook.com,USA,2020-07-20,Premium,26817.32
1585,Donna Garcia,nibth05y@yahoo.com,South Korea,2021-03-31,Standard,42070.7
1586,Sarah Moore,uyd7rina@company.com,Switzerland,2022-05-27,Standard,9290.94
1587,Robert Smith,mczdbrae@example.com,Japan,2023-02-22,Standard,43580.94
1588,Mary Perez,xtvdhan1@yahoo.com,Japan,2024-06-23,Basic,15266.22
1589,Charles Reeves,nvfom3vq@test.com,Mexico,2021-04-28,Standard,22362.75
1590,Linda Harris,1sofpvoe@email.com,Australia,2024-05-08,Standard,27240.75
1591,Mary Lopez,nhdt4rk9@outlook.com,France,2021-03-21,Basic,32798.31
1592,Christopher White,nckonrhh@company.com,UK,2020-05-26,Standard,20863.19
1593,William White,kwdgseot@email.com,Spain,2024-12-21,Standard,13170.4
1594,Mary Roberts,jltuv67h@example.com,USA,2020-02-27,Standard,27110.06
1595,Kimberly White,vxoi41ug@outlook.com,UK,2023-09-16,Basic,8466.59
1596,Patricia Gonzalez,lic6b0yu@yahoo.com,Norway,2022-07-14,Premium,6501.3
1597,Richard Rodriguez,rsatqv9o@gmail.com,Switzerland,2021-11-16,Basic,22465.16
1598,Emily Lee,ju6uqvl7@outlook.com,UK,2022-10-01,Premium,5607.9
1599,Andrew Edwards,ompsdwx9@gmail.com,South Korea,2020-06-06,Standard,10641.84
1600,Daniel Wilson,5do3gq83@test.com,Germany,2024-03-05,Standard,5257.45
1601,Nancy Martin,orucu6sy@gmail.com,Australia,2022-12-22,Premium,34915.2
1602,Linda Thompson,h3rprgyg@email.com,Italy,2024-07-01,Basic,9804.05
1603,Linda Perez,4cwsjb4l@gmail.com,Italy,2022-09-02,Basic,8250.78
1604,Matthew Martin,ksliz63i@yahoo.com,France,2022-09-13,Standard,49959.61
1605,Jessica Martin,wfl8mpj4@outlook.com,India,2023-02-16,Premium,31504.58
1606,Charles Roberts,rpg739zo@gmail.com,UK,2023-11-26,Basic,19818.73
1607,Charles Lopez,j30tldo1@example.com,USA,2024-04-29,Standard,29931.01
1608,Emily White,01wxpxn2@test.com,France,2023-07-13,Standard,45741.86
1609,Robert Moore,9w5zqw6l@yahoo.com,South Korea,2022-03-31,Basic,3312.16
1610,Jessica Miller,8q7qreri@company.com,USA,2023-12-17,Premium,15350.93
1611,Richard Lee,g4jys2z3@gmail.com,South Korea,2023-10-11,Premium,9322.89
1612,Sarah Wilson,l6dtxljk@company.com,France,2023-10-02,Basic,1637.78
1613,Karen Davis,31avpm6d@email.com,Mexico,2021-11-19,Standard,49485.7
1614,James Martin,2klmwwcg@gmail.com,India,2021-09-29,Basic,6798.33
1615,Daniel Williams,yws3nc62@gmail.com,Spain,2021-10-13,Standard,16044.3
1616,Karen Garcia,0vgwgrzp@email.com,Germany,2024-05-06,Premium,28535.39
1617,Thomas Davis,tdj4wt1v@gmail.com,Italy,2024-05-23,Standard,6428.15
1618,Barbara Martinez,apg0jg3y@example.com,Italy,2021-06-11,Premium,23684.73
1619,William Martin,spw0s1nk@company.com,Italy,2024-01-29,Basic,8912.09
1620,David Moore,lajm3um9@mail.com,Japan,2024-12-05,Standard,42192.05
1621,James Davis,u3v8khv4@test.com,Australia,2021-11-03,Premium,13004.85
1622,Linda Perez,thbvvjt8@example.com,Japan,2021-08-06,Basic,36513.32
1623,Margaret White,n8pvwjaz@test.com,USA,2024-11-21,Standard,29253.68
1624,Jennifer Edwards,jpca12j8@test.com,UK,2021-11-20,Standard,24073.68
1625,Matthew Wilson,plxc0pad@test.com,China,2021-06-18,Basic,44352.24
1626,Susan Miller,kh8vxpsa@company.com,India,2024-04-04,Premium,32321.08
1627,Donald Wilson,4u8rlez6@outlook.com,Norway,2022-06-09,Premium,23634.28
1628,Andrew Jackson,glqkbec5@example.com,Norway,2021-10-24,Basic,49949.7
1629,Sandra Martin,gn3s2w1i@company.com,Italy,2024-04-02,Basic,20419.47
1630,Donna Edwards,bnlma4ac@outlook.com,Netherlands,2023-01-29,Basic,18930.89
1631,Lisa Williams,8vh1xsn6@test.com,Netherlands,2021-12-18,Basic,18864.79
1632,Steven Johnson,6nobgpjy@example.com,Japan,2022-04-05,Basic,39066.06
1633,John Martin,0idc8hny@yahoo.com,Switzerland,2024-01-02,Basic,45118.6
1634,Mark Collins,heqkmqpy@outlook.com,Australia,2021-05-16,Standard,22280.36
1635,Daniel Harris,bw66v3jr@mail.com,Japan,2023-11-02,Standard,32538.16
1636,Christopher Roberts,smv4qqj3@gmail.com,Italy,2022-09-02,Standard,23339.97
1637,Donna Thomas,kjf8rqcv@mail.com,Spain,2021-09-02,Premium,3893.96
1638,Steven Thompson,h1cv2xb4@gmail.com,South Korea,2022-02-02,Standard,17917.71
1639,Paul Brown,ikji92xp@example.com,India,2021-01-04,Premium,43259.47
1640,David Wilson,pby615bq@yahoo.com,Mexico,2020-05-02,Basic,12351.19
1641,Nancy Jackson,9x3cv1sv@email.com,India,2020-06-13,Premium,27426.17
1642,Daniel Taylor,h82jpllq@yahoo.com,Sweden,2023-08-09,Basic,20477.3
1643,Kimberly White,az0oy44t@outlook.com,USA,2024-02-25,Standard,35629.54
1644,Betty Gonzalez,mvnswjfi@example.com,USA,2024-02-04,Premium,28755.15
1645,Susan Thomas,pkakritg@outlook.com,Mexico,2021-06-02,Premium,17792.21
1646,Jessica Collins,dnbrqit4@company.com,Netherlands,2024-02-10,Basic,25067.1
1647,Richard Rodriguez,q53aljd7@outlook.com,Italy,2024-05-22,Basic,24094.46
1648,Thomas Roberts,mc6y1ol5@test.com,Switzerland,2021-09-11,Premium,10268.97
1649,Jessica Reeves,nsgfsh68@mail.com,Norway,2024-07-26,Premium,17528.16
1650,Emily Thompson,twyrvmww@company.com,Mexico,2020-12-15,Basic,48962.39
1651,Lisa Lopez,349dq1gt@yahoo.com,Italy,2021-09-29,Basic,38134.01
1652,Jennifer Moore,61098cjn@company.com,France,2023-12-11,Basic,49103.28
1653,Susan Martinez,6dvnq494@yahoo.com,Germany,2020-05-09,Basic,15788.3
1654,Steven Collins,gdd0dilx@mail.com,Spain,2024-10-04,Premium,47618.27
1655,Daniel Davis,bclapdz6@email.com,Brazil,2023-06-11,Basic,15223.65
1656,Daniel Hernandez,q0zi2l5e@outlook.com,UK,2020-10-16,Standard,46944.1
1657,Karen Hernandez,fpy772a8@email.com,Australia,2023-11-14,Basic,4754.84
1658,Patricia Collins,14zsexe0@email.com,Norway,2020-10-16,Standard,41228.92
1659,David Brown,ywr7oxnw@email.com,France,2020-03-03,Basic,9758.28
1660,Karen Thomas,u7damixw@mail.com,Switzerland,2020-09-22,Premium,27608.28
1661,Ashley Johnson,zfb8x6jm@test.com,France,2021-06-04,Premium,27869.4
1662,Linda Brown,vdm63l95@gmail.com,France,2023-07-17,Basic,20031.74
1663,John Johnson,kb23jpmk@test.com,Japan,2022-07-12,Standard,34660.24
1664,Lisa Johnson,za5w8vlo@company.com,Spain,2020-03-13,Premium,45038.94
1665,Lisa Lee,4pesrss0@email.com,Brazil,2022-05-21,Basic,49128.55
1666,Sarah Williams,hxbx5ev5@yahoo.com,Spain,2023-02-12,Standard,555.16
1667,Karen Thomas,3j16cuas@example.com,India,2020-09-05,Basic,36540.79
1668,Emily Jackson,210u8ulv@yahoo.com,Japan,2022-07-30,Basic,36580.74
1669,Betty Davis,leimd0rx@mail.com,Italy,2020-09-15,Basic,36534.67
1670,Kimberly Smith,3jss3t14@mail.com,Australia,2023-11-11,Basic,7547.56
1671,Richard Lopez,17tg5sft@gmail.com,UK,2022-12-15,Premium,7797.69
1672,Betty Miller,b6sp0y3r@email.com,Switzerland,2022-10-25,Premium,30579.51
1673,Margaret Rodriguez,ltrjklum@yahoo.com,Italy,2022-01-01,Basic,10113.24
1674,Steven Hernandez,6yzvfswj@test.com,Japan,2020-06-27,Basic,3312.06
1675,Christopher Taylor,n57ple0e@test.com,South Korea,2021-06-10,Standard,11278.59
1676,Donald Lopez,2cmxleot@email.com,Italy,2024-01-19,Premium,45684.4
1677,Patricia Jackson,8msg4ogb@mail.com,Switzerland,2023-08-28,Basic,7846.17
1678,Karen Brown,ekt0kxgn@gmail.com,Sweden,2024-04-18,Standard,21851.11
1679,Patricia Williams,258j2hka@mail.com,Italy,2022-06-17,Basic,12176.34
1680,Emily Gonzalez,o0dmjpai@outlook.com,Australia,2020-03-24,Basic,44537.49
1681,Kimberly Edwards,j09weew0@email.com,China,2023-07-02,Basic,3242.03
1682,Barbara Harris,t9o07fs0@outlook.com,Mexico,2024-12-06,Standard,48495.51
1683,Jessica Moore,iarmle6n@email.com,Japan,2021-03-21,Basic,18601.95
1684,Steven Lee,skoqv333@yahoo.com,UK,2023-05-28,Basic,3327.24
1685,Steven Lopez,nfyjdl2m@yahoo.com,South Korea,2021-07-18,Basic,27120.73
1686,Emily Thompson,yi2mujqm@mail.com,Canada,2022-09-12,Premium,18146.07
1687,Nancy Martin,wxzwl9pq@test.com,UK,2021-11-19,Standard,40055.08
1688,Susan Brown,03jw6r8y@company.com,UK,2021-12-09,Premium,18061.11
1689,Ashley Anderson,ebbeljqi@company.com,Japan,2021-05-07,Basic,3680.65
1690,Charles Harris,temn8mji@company.com,Switzerland,2021-09-24,Premium,19736.04
1691,Lisa Collins,xqwlifnn@gmail.com,Brazil,2022-09-22,Basic,29930.45
1692,Kimberly Lopez,7dob261j@yahoo.com,Spain,2022-04-20,Premium,11992.97
1693,Nancy Anderson,aadov9wd@test.com,Switzerland,2024-01-15,Basic,12353.29
1694,Christopher Jones,uzu9sh7n@email.com,Canada,2020-09-08,Standard,1367.37
1695,John Jones,aqwb41pb@email.com,Netherlands,2023-03-19,Basic,13558.55
1696,Robert Thomas,tzgtld6f@mail.com,Italy,2023-09-23,Basic,38555.46
1697,Sandra Anderson,oi92ri52@email.com,Canada,2022-09-28,Premium,22777.28
1698,David Moore,tjdh231w@yahoo.com,Japan,2021-01-23,Premium,30219.69
1699,Nancy Garcia,rlwp47lz@email.com,Netherlands,2024-04-23,Premium,47539.63
1700,Karen Taylor,8h19yx6y@example.com,Brazil,2024-05-04,Basic,21903.95
1701,Betty Moore,3oag4g9o@test.com,Japan,2023-12-20,Premium,7160.37
1702,Paul Edwards,1o7d3y82@outlook.com,Mexico,2021-06-24,Basic,32917.97
1703,Daniel Edwards,fn7v2t3f@mail.com,China,2022-03-18,Standard,22630.1
1704,Charles Lee,wnnhn3k7@yahoo.com,Sweden,2020-07-18,Basic,26662.94
1705,Lisa Williams,h7g8yfh3@yahoo.com,Spain,2022-06-29,Basic,21499.09
1706,Nancy Thompson,d2krcneb@yahoo.com,Japan,2023-09-17,Basic,12267.12
1707,Sarah Hernandez,jcdgghoh@test.com,Australia,2021-08-19,Standard,45406.09
1708,Robert Martin,u9xrdt1n@mail.com,USA,2022-09-16,Standard,32744.86
1709,Michael Lee,o8rbt4ob@company.com,UK,2022-10-23,Standard,40714.73
1710,Thomas Johnson,i3f4x2jp@company.com,UK,2023-04-20,Basic,4257.4
1711,Robert Hernandez,zyiyn62u@test.com,USA,2021-04-14,Standard,6621.35
1712,Linda Harris,8qbt0nug@outlook.com,Australia,2022-08-09,Premium,23172.34
1713,Susan Jones,87ci602m@outlook.com,Australia,2024-06-17,Premium,7115.72
1714,Linda Wilson,u7azq2sf@example.com,Spain,2024-05-01,Standard,27307.3
1715,Paul Roberts,kywcoq5l@yahoo.com,Switzerland,2021-09-29,Standard,45921.99
1716,John Jackson,hymafcb3@yahoo.com,France,2023-01-17,Premium,9550.98
1717,Lisa Lopez,swzuah35@test.com,UK,2022-10-06,Standard,4164.15
1718,Kimberly Harris,aboqcucj@email.com,USA,2021-11-06,Premium,48162.5
1719,Charles Moore,31wvhque@test.com,Australia,2022-07-25,Standard,43296.9
1720,Sandra Edwards,cnil8472@test.com,Italy,2024-09-21,Premium,31988.73
1721,Steven Thompson,iigup30l@test.com,Japan,2024-11-13,Standard,5903.89
1722,James Martinez,t64vz90h@yahoo.com,Norway,2020-07-08,Standard,19412.13
1723,Lisa Edwards,krq2v73z@company.com,Switzerland,2022-04-26,Premium,5348.79
1724,Patricia Thomas,8uo5nymm@outlook.com,Sweden,2023-03-03,Standard,7669.86
1725,John White,ukm7y1uv@company.com,Australia,2022-12-18,Standard,37107.99
1726,James Roberts,p00g5x5c@outlook.com,South Korea,2024-05-20,Basic,23870.26
1727,Mark Collins,pqvq1hu3@outlook.com,Australia,2021-04-01,Standard,23474.95
1728,Susan Collins,01pyd819@yahoo.com,France,2023-02-08,Basic,21030.2
1729,Susan White,2o8xghiy@example.com,Canada,2024-06-01,Premium,10862.19
1730,Thomas Rodriguez,kaoza48u@company.com,Italy,2023-10-24,Premium,20001.45
1731,Matthew Lee,emto2vds@example.com,Switzerland,2024-01-05,Premium,1747.01
1732,John Edwards,7j5ukr8i@yahoo.com,Sweden,2024-05-23,Premium,12870.66
1733,Betty Lopez,86taip1k@outlook.com,Brazil,2021-11-13,Premium,24035.6
1734,Sandra Moore,t8tagive@yahoo.com,Italy,2024-12-23,Premium,45860.95
1735,Robert Collins,6wzloohv@outlook.com,Norway,2024-07-19,Standard,28336.43
1736,Steven Garcia,7sh2c23u@email.com,Germany,2023-03-26,Premium,23747.08
1737,Margaret Martinez,kpi1tsqa@yahoo.com,Canada,2021-01-01,Basic,24434.64
1738,Lisa White,c7ffz1c5@mail.com,China,2022-01-20,Standard,3434.48
1739,Karen Taylor,re5c5jo5@mail.com,USA,2024-05-16,Premium,17840.03
1740,Margaret White,yqj3izbt@mail.com,China,2024-02-14,Basic,46607.02
1741,Joseph Miller,a8sr6yht@gmail.com,South Korea,2020-04-10,Premium,43234.99
1742,Lisa Anderson,9ferjxmz@test.com,USA,2020-07-14,Standard,2309.81
1743,William Jackson,pv4rewmu@gmail.com,UK,2024-10-03,Basic,7821.4
1744,Matthew Brown,iz8qajxh@test.com,India,2022-11-01,Premium,29710.15
1745,William Hernandez,t7663c42@test.com,Mexico,2021-08-01,Basic,8327.2
1746,Mary Collins,2m7k4986@company.com,Norway,2024-07-18,Standard,41353.62
1747,Donald Garcia,nmc7icku@test.com,Netherlands,2021-04-27,Basic,21768.74
1748,Ashley Thomas,g1kwh54w@test.com,Sweden,2022-10-11,Premium,30219.7
1749,John Lopez,rmozl65x@outlook.com,Canada,2024-04-11,Premium,13583.51
1750,Andrew Lee,akkupbbb@company.com,USA,2023-05-16,Premium,21005.62
1751,Matthew Thomas,iokgn2ye@mail.com,Japan,2023-05-01,Premium,46149.85
1752,Thomas Wilson,2ivd87wc@yahoo.com,India,2020-10-30,Standard,12162.17
1753,Linda Thompson,q3o6j8lu@gmail.com,USA,2023-07-22,Premium,26133.0
1754,David Reeves,vi9v9j2f@example.com,India,2023-06-16,Standard,34251.16
1755,Steven Perez,r79iv2f1@outlook.com,China,2022-08-10,Basic,38990.68
1756,Margaret Hernandez,azfuuzwp@test.com,South Korea,2020-05-18,Basic,15657.03
1757,Barbara Anderson,si0lj7zk@example.com,UK,2022-03-31,Basic,24686.19
1758,Barbara Martin,zcp83juw@company.com,Italy,2023-11-01,Basic,20072.25
1759,Mary Rodriguez,lh2vg9ms@example.com,India,2022-07-24,Premium,12481.19
1760,Paul Jones,6i7imw4h@outlook.com,Italy,2022-05-16,Standard,5163.4
1761,Susan Brown,krjwtg3f@example.com,Italy,2021-12-11,Premium,16277.41
1762,Michael Gonzalez,biedbznm@test.com,Canada,2024-07-04,Basic,47805.51
1763,Karen Lee,9bf63y8o@yahoo.com,Mexico,2023-04-30,Basic,7897.84
1764,Betty Edwards,dls371cd@example.com,Brazil,2020-02-13,Standard,35803.29
1765,Thomas Martin,ywj1czql@test.com,India,2022-01-03,Standard,47474.75
1766,Margaret Wilson,2gsx9oa2@yahoo.com,South Korea,2020-10-01,Premium,33600.42
1767,Andrew White,n8pla2q7@mail.com,Canada,2021-08-15,Premium,2831.27
1768,Donna White,n3ypq5ly@email.com,USA,2022-10-31,Premium,37283.63
1769,Robert Jones,b61pdbhf@yahoo.com,Norway,2023-05-01,Premium,2009.42
1770,Margaret White,e7te8rtm@mail.com,South Korea,2023-05-05,Premium,49651.26
1771,Robert White,vmou1ngb@test.com,France,2024-01-03,Standard,7913.99
1772,James Martin,wty7kfgh@email.com,China,2020-02-06,Standard,25836.67
1773,Mary Moore,h1v8svwu@yahoo.com,Japan,2021-12-10,Standard,30417.49
1774,Jessica Wilson,qcnjbps0@test.com,Brazil,2020-05-20,Basic,16947.55
1775,Kimberly Collins,dpmby23h@company.com,Italy,2024-03-17,Premium,25238.66
1776,Mark Miller,vfzet8p1@example.com,Italy,2024-04-27,Standard,35204.94
1777,Steven Perez,iydrud24@yahoo.com,Brazil,2021-08-02,Basic,24076.28
1778,Barbara Smith,4fxen3ma@gmail.com,India,2021-08-28,Basic,49628.36
1779,Paul Martin,zxvth4oq@test.com,France,2021-09-26,Standard,4960.1
1780,Jessica Smith,h2ks1cbc@example.com,India,2020-11-18,Basic,15429.95
1781,Thomas Smith,r9kpu8o9@email.com,Australia,2020-11-08,Basic,30997.94
1782,Joseph Lopez,dvnff2wc@outlook.com,France,2021-05-26,Premium,6569.0
1783,Christopher Johnson,n0q48gcn@gmail.com,Japan,2020-07-28,Basic,42556.95
1784,Richard Thompson,55acobte@outlook.com,Spain,2023-04-01,Premium,24441.05
1785,Donna Martinez,1rwvngcf@email.com,India,2024-08-25,Basic,40534.65
1786,Christopher Martinez,kaf9yft4@example.com,Mexico,2021-05-15,Standard,11811.8
1787,Michael Martinez,nic4dtzn@email.com,UK,2021-06-23,Premium,30253.71
1788,Sarah White,uadj725u@yahoo.com,UK,2024-07-26,Basic,40231.45
1789,David Martin,l88yfkru@example.com,China,2020-05-09,Premium,11100.18
1790,Jennifer Rodriguez,d1sd44wl@mail.com,Mexico,2023-11-29,Basic,11649.65
1791,Daniel Lee,e5ylqsou@company.com,Canada,2024-07-10,Standard,22716.44
1792,Christopher White,3qhad3m6@company.com,India,2022-08-28,Premium,47323.66
1793,Barbara Anderson,l9v2qji4@test.com,Japan,2021-06-12,Basic,31406.64
1794,Emily Anderson,a7idi09k@outlook.com,Australia,2021-09-07,Premium,314.92
1795,John Smith,ip3m7zum@email.com,Italy,2020-06-28,Basic,41842.14
1796,Jennifer Smith,9vxk2fib@company.com,USA,2020-05-05,Standard,22096.54
1797,Emily Gonzalez,qku1w3vs@yahoo.com,Netherlands,2020-01-25,Basic,12398.17
1798,William Smith,97qq1q81@example.com,Switzerland,2021-10-03,Basic,45381.91
1799,Joseph Perez,h9btd5pu@email.com,Canada,2020-03-15,Standard,30842.76
1800,Richard Reeves,dkd8m4pk@example.com,Italy,2023-09-25,Basic,25997.24
1801,Donald Harris,7nfud1ah@example.com,Brazil,2021-05-14,Premium,43834.06
1802,Patricia Martinez,w2vnomzz@test.com,Netherlands,2021-04-27,Premium,49723.04
1803,Jessica Jackson,51zfszf7@mail.com,Sweden,2022-02-09,Standard,48490.47
1804,Sarah Roberts,w5xnqdz9@example.com,Japan,2023-03-26,Premium,39572.44
1805,Steven Reeves,vpbanxri@mail.com,Netherlands,2023-05-29,Premium,6010.27
1806,Linda Gonzalez,eazvw7nj@company.com,Australia,2021-03-03,Basic,26802.23
1807,Mark Smith,dk9xma5v@example.com,Japan,2023-09-16,Premium,23824.26
1808,William Martin,to8uflv4@gmail.com,India,2020-02-18,Basic,46203.44
1809,John Johnson,ay22d1b3@email.com,Mexico,2022-04-30,Premium,42319.79
1810,Ashley Miller,u280wc84@gmail.com,Canada,2023-10-09,Basic,27846.45
1811,David Lee,1tk83w1y@email.com,Switzerland,2020-09-18,Premium,33725.3
1812,Jessica Williams,cxtr698i@email.com,Brazil,2021-10-11,Basic,21007.65
1813,David Brown,91tefo1s@email.com,China,2020-09-05,Standard,19281.88
1814,Thomas Roberts,bgjewvpg@yahoo.com,South Korea,2024-10-01,Standard,21783.82
1815,James Roberts,iiucuigm@outlook.com,Australia,2024-07-06,Standard,45584.32
1816,Susan Gonzalez,5iuvwl47@mail.com,Germany,2023-06-13,Standard,38104.36
1817,Charles Martinez,yk820pzt@yahoo.com,UK,2020-06-01,Standard,39179.37
1818,Thomas Davis,bjvslrdm@mail.com,Canada,2024-04-27,Basic,45501.33
1819,Richard Thompson,rrvgmdfz@company.com,Australia,2021-04-27,Standard,8498.11
1820,Donald Garcia,58oaflkt@gmail.com,Germany,2023-06-28,Standard,17300.56
1821,Kimberly Anderson,1z82h394@mail.com,Brazil,2020-05-18,Basic,48087.36
1822,Barbara Rodriguez,zjdcy98q@example.com,Sweden,2022-05-21,Premium,48068.91
1823,Margaret Lee,qpdnu0fh@gmail.com,Norway,2020-03-28,Standard,19956.35
1824,Sarah Johnson,0sf8w9us@example.com,Germany,2024-06-25,Premium,2061.84
1825,Steven White,zscwipm7@mail.com,France,2021-01-11,Premium,23649.62
1826,James Williams,w4teq3cy@outlook.com,Switzerland,2023-06-09,Basic,21551.11
1827,Jessica Lee,ocw0mdza@mail.com,Mexico,2020-03-07,Basic,5829.69
1828,Nancy Harris,tjepgyap@test.com,France,2020-09-21,Premium,16179.72
1829,Barbara Martin,xizgjf3j@test.com,India,2024-07-10,Premium,28758.35
1830,Sandra Thompson,u4u5eooe@email.com,Australia,2024-09-08,Basic,23615.15
1831,Nancy Smith,i4jkj7op@company.com,Netherlands,2020-01-09,Premium,34320.13
1832,Christopher Martinez,2lalxrku@email.com,Germany,2022-11-22,Premium,29358.79
1833,Christopher Jones,ea3x8ouz@yahoo.com,Spain,2020-09-07,Standard,41839.22
1834,Lisa Lopez,fifx97l4@example.com,Netherlands,2023-08-19,Standard,31834.45
1835,Sarah Lopez,7084l9gm@example.com,Brazil,2020-04-05,Premium,4438.29
1836,Lisa Thompson,flspgqtt@email.com,Canada,2021-03-28,Premium,49160.39
1837,Karen Moore,v8a6m66s@test.com,UK,2024-09-09,Basic,21645.14
1838,Nancy Roberts,6g9h8lyk@mail.com,Germany,2020-04-02,Standard,36848.97
1839,Matthew Jackson,olrv4dgq@example.com,USA,2023-12-22,Standard,37953.95
1840,Ashley Wilson,8pj1ydot@mail.com,Sweden,2023-03-14,Standard,45587.03
1841,Robert Perez,15x8g1hz@email.com,Canada,2020-01-16,Basic,9868.3
1842,Ashley Wilson,ycyw5vza@test.com,Japan,2022-03-10,Premium,37049.63
1843,Sarah Martin,4vxu4vqw@mail.com,Australia,2020-04-09,Premium,10641.06
1844,Kimberly Martin,tsm3s08u@email.com,Sweden,2023-08-28,Premium,27350.3
1845,Charles Thompson,iuoiz6aa@example.com,Switzerland,2023-04-17,Standard,30812.28
1846,Nancy Perez,jq6x5ld8@test.com,Australia,2023-04-05,Premium,37216.49
1847,David Gonzalez,x7ki139d@email.com,USA,2024-06-27,Basic,13029.87
1848,Lisa Jackson,xs7s8w50@test.com,South Korea,2022-01-15,Basic,42768.09
1849,Mark Taylor,17ro9tns@example.com,China,2023-10-18,Premium,24491.4
1850,Jessica Johnson,9xdyq8d7@example.com,India,2023-09-08,Premium,32131.74
1851,James Thomas,shvfhzla@example.com,South Korea,2023-04-06,Basic,30240.34
1852,David Moore,l10i187y@email.com,India,2021-02-04,Premium,22984.18
1853,Daniel Harris,ylewfvbf@outlook.com,Italy,2021-07-02,Standard,24416.21
1854,Christopher Wilson,2lbimnz9@gmail.com,France,2020-03-16,Premium,20612.56
1855,Steven Rodriguez,cpl72u22@yahoo.com,Germany,2020-08-08,Basic,28229.55
1856,Jennifer Lee,fy1apb0d@outlook.com,Germany,2024-11-15,Premium,45326.95
1857,Andrew Lee,izankumy@company.com,Brazil,2022-01-27,Standard,40582.8
1858,Lisa Jackson,leozprrt@company.com,Spain,2021-04-20,Basic,6931.23
1859,Donald Edwards,9uvj3bsy@example.com,Australia,2023-03-04,Standard,36071.55
1860,Barbara Wilson,6ugyfunm@gmail.com,Australia,2020-08-01,Standard,38685.62
1861,Robert Wilson,x6az8ygc@example.com,Japan,2021-09-25,Basic,1754.91
1862,Sandra Martin,rfegcxy1@example.com,Mexico,2024-02-25,Basic,7961.81
1863,John Perez,xfamadgp@gmail.com,Norway,2020-09-14,Premium,25594.3
1864,Ashley Anderson,0g2lwl0t@test.com,Germany,2024-12-29,Basic,46683.26
1865,Patricia Gonzalez,gfx30ac9@email.com,Norway,2020-04-18,Standard,13008.44
1866,Donald Lopez,sl0jo4py@gmail.com,South Korea,2024-12-19,Standard,22054.04
1867,Charles Reeves,3mnhtzqt@company.com,USA,2022-06-23,Premium,40542.13
1868,Karen Wilson,lq1bpfws@test.com,France,2023-01-22,Standard,7837.65
1869,Emily Johnson,2e2fozz1@company.com,UK,2022-06-15,Premium,165.36
1870,Joseph Edwards,rx7bnzta@example.com,Mexico,2023-11-14,Basic,20130.82
1871,Nancy Thomas,8uncqs65@company.com,France,2023-02-14,Basic,18112.09
1872,Betty White,ycoaudwy@gmail.com,Sweden,2022-06-20,Premium,46555.0
1873,Linda Thomas,as0o5dgr@yahoo.com,Canada,2022-08-23,Standard,3004.94
1874,Thomas Davis,ptnpnzxk@yahoo.com,Canada,2021-11-01,Premium,4670.38
1875,James Johnson,ybdtn0ab@mail.com,China,2023-03-03,Standard,8257.27
1876,Thomas Harris,ygc9g6q6@test.com,Japan,2023-08-20,Standard,33754.5
1877,Lisa Lee,ivl590j1@mail.com,France,2022-02-24,Basic,33942.25
1878,Charles White,xcdkmzpb@mail.com,Mexico,2021-01-19,Premium,22983.44
1879,Thomas Edwards,pp101yqt@email.com,USA,2024-09-11,Basic,16079.51
1880,Kimberly Thompson,d2kx2swo@yahoo.com,Japan,2021-07-12,Basic,30652.5
1881,Paul Johnson,h3mokbmj@mail.com,USA,2023-03-02,Basic,28920.18
1882,Sandra Miller,gnifpvde@gmail.com,Sweden,2022-01-31,Basic,43093.95
1883,Andrew Rodriguez,opst9lif@example.com,Brazil,2024-08-20,Basic,20661.29
1884,Paul White,h3qzxy4a@gmail.com,France,2020-10-29,Basic,42935.46
1885,Charles Brown,m8r7a4k3@test.com,Norway,2024-11-05,Premium,35941.26
1886,Barbara Williams,42qyvtqn@company.com,Germany,2023-04-10,Premium,46780.22
1887,William Thomas,z7y95cpq@test.com,India,2023-01-01,Premium,40452.74
1888,Matthew Perez,f3gq7p7s@test.com,Norway,2022-12-10,Standard,47041.34
1889,Lisa Martinez,ks518ia7@outlook.com,Spain,2022-05-01,Premium,34593.67
1890,Sandra Garcia,zl99uj6s@gmail.com,UK,2020-11-09,Standard,42090.31
1891,Emily Martinez,2rizyo7c@mail.com,South Korea,2023-02-09,Standard,6891.55
1892,David Harris,75c7qxmj@gmail.com,India,2021-04-20,Premium,19000.49
1893,David Harris,ewkihpy3@test.com,Mexico,2023-01-04,Standard,31823.41
1894,Richard Martinez,k5mgc3ec@gmail.com,Switzerland,2023-01-20,Premium,27924.27
1895,Kimberly Moore,1boczkws@email.com,Australia,2021-04-19,Standard,21707.12
1896,Christopher Williams,sbwtsmcg@email.com,South Korea,2023-04-11,Premium,45575.48
1897,Daniel Roberts,8jvzslt6@company.com,Netherlands,2024-12-14,Premium,16484.09
1898,Robert Davis,chy3t5q2@outlook.com,Spain,2024-03-07,Premium,45906.41
1899,Jessica Edwards,pnpk270t@outlook.com,South Korea,2023-01-14,Basic,33203.77
1900,Lisa Garcia,qt090fs6@test.com,Norway,2021-04-08,Standard,21937.81
1901,Jennifer Martin,agt3jw31@mail.com,Switzerland,2021-05-12,Standard,44546.3
1902,Susan Miller,8e24rzbj@example.com,India,2022-12-22,Standard,35315.37
1903,Steven Miller,ceq0yet3@test.com,USA,2021-10-01,Basic,8244.53
1904,Charles Johnson,18lm6s0z@example.com,Netherlands,2022-07-27,Basic,2030.01
1905,William Jones,o8t8mvw5@email.com,Netherlands,2021-04-21,Basic,19609.61
1906,Lisa Gonzalez,vk8s7jyr@example.com,Spain,2021-01-18,Basic,8997.96
1907,Michael Harris,ftlt7pa4@outlook.com,Italy,2023-10-19,Basic,13162.34
1908,Daniel Jackson,4ykfjrat@mail.com,Spain,2020-05-01,Premium,6525.8
1909,Patricia Davis,4isyi8r5@email.com,France,2023-01-19,Premium,12462.78
1910,Sandra Moore,wl51ctae@example.com,Spain,2022-07-25,Standard,41901.49
1911,Joseph Hernandez,oawqf1cl@email.com,Brazil,2023-05-30,Standard,33036.51
1912,Betty Anderson,zu6mruwn@mail.com,USA,2024-12-29,Standard,16278.09
1913,Sarah Harris,wezces58@company.com,Mexico,2023-02-19,Premium,31250.85
1914,Richard Harris,l0xn3cqy@outlook.com,Mexico,2022-03-18,Basic,15735.42
1915,Michael Martin,wgk6rzlc@example.com,Canada,2024-06-04,Basic,6861.76
1916,John Thompson,wjhs1f8g@mail.com,Italy,2020-12-18,Basic,46865.89
1917,Richard Martin,95k0gh1i@gmail.com,Japan,2020-07-03,Premium,39881.12
1918,Jennifer Roberts,tbzxmuuc@gmail.com,China,2024-07-31,Standard,30428.33
1919,Charles Williams,e6ifkatv@yahoo.com,Spain,2024-06-26,Standard,37076.62
1920,Thomas Rodriguez,2zrhvypg@test.com,South Korea,2023-01-24,Standard,4450.49
1921,Kimberly Davis,ke1f1w5z@yahoo.com,Italy,2020-03-21,Premium,14570.96
1922,Nancy Moore,bw8bttcn@email.com,China,2024-07-15,Standard,7973.39
1923,Linda Roberts,uy5bfygo@example.com,UK,2022-06-24,Premium,11751.88
1924,Sandra Collins,5obk7596@yahoo.com,USA,2024-10-23,Basic,10960.99
1925,Donna Collins,uw52rb3b@example.com,Spain,2024-05-19,Premium,1244.02
1926,Sarah Rodriguez,8jnbrjs1@mail.com,Canada,2024-08-19,Basic,24846.98
1927,Matthew Thompson,zm4qi31h@email.com,USA,2024-09-06,Premium,33140.64
1928,Paul Martin,cx401l51@gmail.com,Spain,2024-04-04,Basic,30641.37
1929,Jessica Johnson,p5amvov4@email.com,Australia,2023-11-06,Basic,12353.66
1930,David Thompson,iycr0l32@test.com,Mexico,2021-07-15,Basic,2522.95
1931,Donald Miller,ihhb1mtr@company.com,Norway,2023-11-21,Basic,27647.76
1932,Richard Davis,qvaugs66@outlook.com,Brazil,2023-02-01,Standard,37160.46
1933,Matthew Hernandez,9eweupah@company.com,Sweden,2024-10-31,Premium,38936.45
1934,Sarah Wilson,ruhzh54g@example.com,Norway,2020-02-04,Premium,12979.07
1935,Sarah Wilson,jnlp2s07@company.com,UK,2022-03-15,Premium,24605.58
1936,Jennifer Brown,biqmgpoe@mail.com,Sweden,2021-09-10,Premium,25692.26
1937,Linda Martin,1jcptzzz@yahoo.com,Mexico,2022-04-28,Basic,19122.34
1938,William Martinez,nbhndvo0@mail.com,India,2021-11-26,Basic,31566.57
1939,John Lopez,6go8n177@example.com,Switzerland,2022-07-14,Premium,49433.07
1940,Mary Miller,k2jykmuy@email.com,USA,2020-01-19,Premium,49624.56
1941,Jennifer Williams,vo9f188n@test.com,Japan,2023-11-07,Premium,34554.23
1942,Mark Martin,5h2in2bu@test.com,USA,2024-06-05,Basic,9764.57
1943,Mary Thompson,zuo7mtco@company.com,USA,2021-05-07,Standard,40830.7
1944,Charles Moore,j583bygr@mail.com,India,2024-11-29,Basic,6293.27
1945,Susan Martin,8jwnuk49@test.com,Brazil,2024-09-26,Standard,6608.49
1946,Lisa Garcia,s8e80975@test.com,Spain,2021-07-08,Standard,23101.77
1947,Christopher Harris,1viy3zt3@email.com,Japan,2024-02-08,Basic,30341.37
1948,Jennifer White,84bqq8dy@company.com,India,2022-07-07,Standard,47606.74
1949,Sarah Johnson,4527kkz4@outlook.com,Italy,2021-10-03,Basic,17595.17
1950,Barbara Perez,93txry3z@email.com,Switzerland,2023-03-21,Basic,6322.25
1951,Jessica Johnson,7oljqzdc@outlook.com,Mexico,2024-09-07,Basic,43278.7
1952,Ashley Johnson,ysvcza0e@email.com,UK,2020-06-04,Standard,46657.93
1953,Charles Rodriguez,nx894i1q@company.com,Germany,2024-02-07,Standard,43670.82
1954,Kimberly Miller,83y7418g@test.com,Switzerland,2021-08-21,Basic,33767.06
1955,Kimberly Anderson,aquefimd@yahoo.com,Norway,2024-08-23,Premium,27575.01
1956,Richard Thompson,fr8coo0f@email.com,Brazil,2024-01-12,Premium,27510.76
1957,Jessica Roberts,u9qoo3t9@gmail.com,USA,2021-01-21,Basic,49651.91
1958,Steven Smith,304abisc@email.com,South Korea,2024-03-18,Basic,11317.33
1959,Robert Thomas,22zu6sjj@outlook.com,South Korea,2022-10-04,Basic,15292.97
1960,Mark Edwards,oywm42yj@mail.com,Australia,2021-10-10,Standard,6748.26
1961,Steven Gonzalez,mj1ssqvr@mail.com,USA,2024-10-25,Premium,9772.17
1962,Lisa Thompson,efg9o9ih@email.com,Japan,2021-12-08,Premium,47656.21
1963,Betty Anderson,ia619q1j@gmail.com,Australia,2021-04-10,Standard,4418.41
1964,Paul Hernandez,ffq0nezh@gmail.com,Canada,2024-01-14,Standard,42044.06
1965,Jessica Gonzalez,01vhephj@outlook.com,Norway,2021-12-27,Basic,20072.32
1966,Emily Davis,q633rgmu@yahoo.com,Canada,2021-04-22,Premium,35901.29
1967,Patricia Smith,tvfh7b0a@example.com,Spain,2021-04-22,Premium,34171.71
1968,Andrew Collins,3hko1cmr@gmail.com,Japan,2022-08-09,Premium,22050.42
1969,Emily Perez,zw1ye8un@gmail.com,Australia,2021-08-28,Standard,42223.11
1970,Matthew Martinez,k3fnxtiw@outlook.com,South Korea,2021-08-15,Premium,16228.12
1971,Barbara Lee,3h88ptwj@outlook.com,Sweden,2023-02-12,Premium,31819.4
1972,Robert Davis,vwv6yshh@mail.com,USA,2021-05-02,Premium,4820.69
1973,Paul Lopez,13pmncyb@mail.com,USA,2022-03-22,Standard,21776.64
1974,Emily Gonzalez,w1oq9rq5@email.com,Italy,2020-10-18,Basic,29220.4
1975,Jennifer Collins,0iml4nfl@email.com,Italy,2023-10-18,Standard,14818.32
1976,Donald Davis,vjmvaum2@company.com,South Korea,2022-01-11,Standard,38956.89
1977,Betty Miller,ccrbf4af@test.com,Spain,2022-02-17,Basic,18864.55
1978,Richard Lopez,0xqz3g0k@test.com,Japan,2023-03-01,Premium,29959.64
1979,Michael Wilson,yadevkso@gmail.com,Netherlands,2021-03-01,Basic,7797.17
1980,Nancy Martinez,7q15whqm@mail.com,Japan,2020-07-06,Standard,49586.81
1981,Patricia Perez,3yvr7k7z@mail.com,Norway,2020-08-08,Premium,14349.65
1982,Kimberly Roberts,ijpuk62y@example.com,Norway,2022-06-21,Basic,44120.94
1983,Daniel Brown,suxom9tp@company.com,Netherlands,2022-06-25,Premium,29711.41
1984,Andrew Taylor,iqijb3sw@gmail.com,Australia,2020-11-19,Basic,16236.17
1985,Barbara Davis,b4x3oovx@company.com,Italy,2021-09-02,Premium,17980.52
1986,Emily Gonzalez,vge3yn3s@yahoo.com,USA,2022-12-03,Basic,2345.84
1987,Lisa Edwards,lwnak2ho@test.com,Japan,2022-07-30,Standard,36759.3
1988,Linda White,0ccg3b10@email.com,India,2021-12-20,Basic,39453.7
1989,Paul Harris,7cuwb3es@example.com,Spain,2021-03-19,Standard,6638.01
1990,Andrew Wilson,zxa3sla5@outlook.com,India,2024-05-27,Standard,9731.84
1991,Emily Smith,d5bgkmq8@yahoo.com,Brazil,2023-02-18,Premium,19299.87
1992,Jennifer Martin,kuugo2n5@mail.com,UK,2023-03-24,Premium,33624.96
1993,Thomas Roberts,7ops2rrt@company.com,France,2023-05-08,Premium,35386.05
1994,Donna Reeves,z27nr6dp@outlook.com,Italy,2021-03-01,Premium,3803.87
1995,Joseph Rodriguez,ufeu71jx@example.com,Switzerland,2024-11-22,Basic,3744.78
1996,Steven Thomas,nunzjaoc@outlook.com,South Korea,2024-06-03,Basic,6652.28
1997,Robert Lee,icn9ncly@outlook.com,UK,2020-08-29,Basic,21637.92
1998,Michael Moore,ce05z25w@example.com,Spain,2020-05-01,Premium,16294.85
1999,Paul Thompson,rzepfekx@email.com,Norway,2023-09-09,Basic,25294.27
2000,William Edwards,aund14bk@gmail.com,Brazil,2020-11-30,Premium,3348.6
2001,Patricia Roberts,hpsojdyu@gmail.com,Japan,2021-06-06,Basic,39832.7
2002,Donald Roberts,btcw6j2t@example.com,Japan,2022-05-20,Basic,16351.6
2003,Karen Jackson,5bov3036@gmail.com,South Korea,2024-08-22,Premium,34646.31
2004,Ashley Rodriguez,mpuyw6mx@test.com,Japan,2020-10-17,Basic,49141.82
2005,Jennifer Martinez,fwawq4x6@outlook.com,India,2024-10-02,Premium,33756.7
2006,Andrew Martinez,q1v53hd7@company.com,Switzerland,2020-10-11,Basic,49022.46
2007,Margaret Jones,qkz6l6e2@email.com,France,2023-05-31,Standard,47870.01
2008,Jennifer Jones,1n1tp1ls@company.com,Australia,2024-11-29,Basic,29765.35
2009,Donald Thomas,xenfrryb@yahoo.com,Brazil,2024-08-10,Standard,47597.09
2010,Jessica Williams,zffghf3o@gmail.com,USA,2022-12-03,Standard,37281.73
2011,Emily Roberts,wv5qd8c1@gmail.com,Brazil,2024-02-08,Premium,16589.85
2012,Jennifer Miller,zsnol8wk@outlook.com,Italy,2020-11-02,Premium,36307.51
2013,Linda Smith,v57u66id@company.com,Mexico,2021-07-29,Premium,40391.53
2014,Andrew Reeves,2sj64yw5@test.com,Norway,2020-11-05,Basic,43706.15
2015,Robert Thompson,f7ptihwu@yahoo.com,Sweden,2020-08-11,Basic,873.08
2016,Robert Perez,yn5fo9sw@email.com,Spain,2023-10-23,Standard,18144.93
2017,Steven Anderson,9155p1ks@outlook.com,Spain,2024-03-13,Standard,41215.85
2018,Barbara Hernandez,l0ellcqs@outlook.com,Norway,2020-02-21,Standard,2398.52
2019,Sarah Rodriguez,mi0g8f9p@test.com,South Korea,2022-02-16,Standard,35458.71
2020,Andrew Brown,t8kz3q0e@test.com,India,2021-03-01,Premium,34232.32
2021,Jessica Harris,6tvd1zod@gmail.com,Switzerland,2024-09-19,Standard,35622.43
2022,Jennifer Rodriguez,2ja3anjk@outlook.com,Australia,2021-09-18,Standard,35420.58
2023,Nancy Rodriguez,7hvwr3yn@example.com,Italy,2024-12-21,Standard,39296.0
2024,Mark Garcia,w4qd102k@company.com,China,2023-05-13,Basic,24867.09
2025,Andrew Harris,mtocts4r@email.com,Canada,2023-12-26,Premium,5868.62
2026,Barbara Thomas,vhp7srk5@example.com,Spain,2020-08-28,Premium,8452.22
2027,Thomas Edwards,vjb5aqy9@example.com,Australia,2023-02-11,Standard,15551.73
2028,Steven Martin,4jqhn49m@gmail.com,USA,2023-10-08,Standard,18943.5
2029,David Garcia,4tf5gyte@example.com,Sweden,2022-04-30,Basic,8335.15
2030,Donna Perez,jppzhh46@mail.com,South Korea,2023-03-13,Premium,33146.65
2031,Robert Collins,oxo5t9dh@company.com,Spain,2021-11-27,Basic,40587.49
2032,Karen Jackson,5uesl4pd@company.com,Germany,2020-08-30,Premium,43658.62
2033,Sarah Anderson,ud1au0in@yahoo.com,Mexico,2023-11-12,Standard,36357.91
2034,Matthew Reeves,n9twn7gw@test.com,Spain,2020-08-01,Premium,38176.81
2035,Donald Miller,6ougoprr@example.com,Brazil,2024-06-02,Basic,21314.75
2036,Jessica Roberts,1djvvh3t@company.com,Germany,2022-06-04,Standard,42762.77
2037,Joseph Miller,va34e5bc@example.com,UK,2021-11-15,Standard,26331.92
2038,James Martinez,k0ojw1jv@gmail.com,Mexico,2020-01-06,Basic,26276.27
2039,Margaret Jones,2n333za4@yahoo.com,India,2022-09-12,Premium,26562.75
2040,Mary Gonzalez,q7nxngby@yahoo.com,Canada,2024-06-28,Premium,38107.6
2041,Ashley Garcia,pign2upf@company.com,Brazil,2023-06-24,Standard,5267.56
2042,Betty Lopez,6ph1raem@yahoo.com,Netherlands,2023-10-16,Standard,10359.54
2043,Susan Martin,4o3vsott@email.com,Mexico,2020-03-12,Basic,17216.82
2044,Steven Miller,7s9r37v3@example.com,South Korea,2021-07-14,Standard,44197.03
2045,Patricia Garcia,nforp25v@company.com,India,2022-11-27,Standard,32825.55
2046,John Gonzalez,w3w90m43@example.com,Japan,2024-10-14,Standard,45365.51
2047,Daniel Lee,bwj1irva@company.com,Sweden,2023-06-05,Standard,15809.55
2048,Thomas Lee,wlap3k5b@test.com,Sweden,2020-01-15,Standard,11555.65
2049,Jessica Miller,0nogzeon@gmail.com,Japan,2024-07-19,Premium,23788.46
2050,Ashley Miller,b2jmzng9@company.com,USA,2021-10-05,Premium,2389.89
2051,Barbara Wilson,mitwphko@company.com,South Korea,2021-06-29,Basic,49174.14
2052,Margaret Edwards,pbh4er3u@test.com,Japan,2020-08-16,Standard,29772.3
2053,Patricia Harris,8u3c5awp@test.com,Norway,2020-08-13,Basic,43705.24
2054,Daniel Jones,o9j5rwhh@example.com,USA,2022-05-24,Premium,13252.93
2055,Jessica Collins,l5nzrv4a@mail.com,Germany,2022-04-19,Premium,9367.9
2056,Ashley Smith,04qpqrw6@yahoo.com,Germany,2023-05-13,Premium,12033.85
2057,Margaret Reeves,dhdgqnxs@company.com,UK,2023-12-04,Basic,48304.99
2058,Sarah Thomas,osa6s9rc@gmail.com,Australia,2024-09-26,Basic,18231.92
2059,Mary Roberts,pbbqhtxp@company.com,Sweden,2021-02-05,Premium,11477.1
2060,Emily Roberts,1qp5xyak@company.com,France,2022-09-08,Premium,25752.23
2061,James Miller,eq5s222j@yahoo.com,South Korea,2022-10-05,Basic,26010.94
2062,Paul Roberts,jjjbuul0@example.com,USA,2021-02-13,Premium,48588.72
2063,Robert Anderson,wnazmpwb@mail.com,Germany,2021-02-27,Basic,1984.43
2064,David Martin,8xohav66@mail.com,Australia,2021-12-23,Standard,48455.75
2065,Sarah Smith,pxem242y@example.com,Germany,2020-02-22,Premium,7383.88
2066,Matthew Miller,d9laec8f@gmail.com,Australia,2022-11-25,Premium,40406.61
2067,Patricia Martinez,teyu6c8k@company.com,Netherlands,2021-03-21,Basic,18009.89
2068,Kimberly Martin,qh37f3ly@example.com,Sweden,2024-08-26,Premium,18799.91
2069,Jennifer Moore,ffy15pje@mail.com,UK,2022-10-30,Standard,9314.83
2070,Betty Lopez,xy12xc6v@example.com,Canada,2022-11-17,Premium,28801.86
2071,Lisa Edwards,k0qd2azk@company.com,UK,2024-12-17,Basic,42280.81
2072,Mary Taylor,uxkzb7a7@email.com,Brazil,2021-12-10,Standard,30106.59
2073,Jessica Lopez,4scc1efp@mail.com,China,2022-07-04,Standard,31416.51
2074,Kimberly Rodriguez,n5n5ehq4@example.com,Switzerland,2023-05-05,Standard,30823.18
2075,Mary Thomas,ckln9tly@email.com,Netherlands,2021-06-27,Basic,42288.05
2076,William Wilson,phu2xrfn@example.com,India,2020-03-02,Premium,38848.51
2077,Sandra Anderson,j0ak269r@test.com,Australia,2022-01-08,Premium,40282.94
2078,Christopher Roberts,newjr73c@company.com,Brazil,2021-11-19,Basic,12108.92
2079,Christopher Lopez,m85npge9@example.com,Spain,2022-02-02,Basic,24234.35
2080,Donald Wilson,su2ma90d@email.com,Canada,2021-08-24,Premium,4064.94
2081,Jennifer Lopez,6yu1dzqi@email.com,Norway,2022-02-24,Premium,38943.98
2082,Sarah Edwards,cybu8ssm@gmail.com,Mexico,2020-03-09,Standard,18653.1
2083,Donna Miller,vdnhbobv@example.com,Italy,2023-12-20,Premium,47027.51
2084,Sandra Davis,rb6x6tws@yahoo.com,Norway,2022-12-26,Basic,10641.63
2085,Nancy Martinez,8qd11pi5@outlook.com,USA,2023-01-18,Premium,15018.98
2086,Jennifer Garcia,k0okk0oj@gmail.com,Japan,2022-08-06,Basic,27984.38
2087,Richard Thompson,r3op2ldy@test.com,Netherlands,2024-08-16,Standard,13704.05
2088,Richard Martinez,nqd7j3h2@mail.com,Italy,2020-07-07,Standard,16581.03
2089,Sandra Gonzalez,lfwafn21@email.com,Japan,2024-04-17,Basic,19491.19
2090,Donald White,9s8e9gf2@outlook.com,Italy,2023-09-23,Basic,31544.21
2091,David Rodriguez,nrgbqiz1@gmail.com,Australia,2023-10-15,Basic,3309.66
2092,Paul Wilson,rk5slsbj@mail.com,India,2023-04-11,Standard,34355.66
2093,Daniel White,1xxx2n2s@gmail.com,Canada,2024-12-20,Standard,16932.48
2094,David Reeves,o0xjjvho@example.com,Germany,2022-08-14,Premium,18445.49
2095,William Rodriguez,8m52gcf9@email.com,Netherlands,2021-05-27,Standard,35796.41
2096,Betty Brown,blwd8m7a@mail.com,South Korea,2022-02-05,Basic,5153.96
2097,Thomas Hernandez,5tbdjggg@test.com,South Korea,2022-04-21,Basic,49755.65
2098,Susan Edwards,rvz2ehdo@yahoo.com,Switzerland,2020-03-29,Premium,18245.16
2099,David Martin,cjq427u1@mail.com,USA,2021-11-14,Premium,23706.77
2100,Susan Lopez,wp82h6sg@company.com,USA,2023-07-09,Standard,24008.83
2101,Betty Jones,hpa169dt@test.com,China,2021-11-25,Premium,41172.99
2102,Linda Martinez,9i4bivpi@yahoo.com,Germany,2022-04-27,Standard,20620.55
2103,Margaret Edwards,bho68ma1@company.com,Netherlands,2021-10-29,Standard,16984.77
2104,Donald Anderson,76yo60f0@yahoo.com,USA,2020-01-16,Standard,45180.68
2105,Sandra Moore,rpaqccgz@yahoo.com,Australia,2022-07-18,Basic,29981.53
2106,Susan Davis,n2uiziwn@company.com,India,2020-06-16,Standard,16609.27
2107,Patricia Collins,pkfdtbjo@company.com,South Korea,2024-03-15,Basic,39227.65
2108,Lisa Martin,dazk4xcz@gmail.com,India,2020-07-20,Premium,30378.91
2109,Joseph Martinez,oni9hilz@mail.com,China,2021-01-31,Standard,35057.81
2110,Patricia Smith,utko9i7b@outlook.com,UK,2024-05-29,Standard,635.13
2111,Karen Anderson,c3mzwty2@example.com,Switzerland,2020-07-08,Standard,32133.0
2112,Andrew Lopez,ndnqbvr0@example.com,USA,2024-04-12,Basic,3552.55
2113,Patricia White,mn3dn1gz@yahoo.com,Switzerland,2023-04-20,Premium,49751.77
2114,John Martinez,xbv30bmz@company.com,Brazil,2024-08-22,Premium,48957.93
2115,Lisa Jackson,h4qx495a@company.com,Australia,2021-01-03,Premium,23501.8
2116,Daniel Wilson,f7gdxfae@email.com,Mexico,2020-09-05,Basic,21861.89
2117,Mary Martin,e952paxv@gmail.com,Norway,2020-05-17,Basic,23420.93
2118,Patricia Edwards,heyysm4y@test.com,Netherlands,2024-08-13,Standard,42571.74
2119,Patricia Williams,jvene8dm@email.com,China,2022-06-07,Premium,48210.61
2120,Mark Miller,w8nzuevg@gmail.com,Brazil,2024-11-07,Premium,48549.63
2121,Betty Gonzalez,i747x202@outlook.com,Brazil,2020-04-01,Premium,24849.86
2122,William Wilson,qj3sxgtt@yahoo.com,Switzerland,2024-01-28,Standard,13180.8
2123,Mark Martinez,rvn97y8x@company.com,Spain,2023-01-04,Premium,18704.9
2124,Steven Thompson,em14wcnj@yahoo.com,France,2022-02-20,Standard,5685.6
2125,Jennifer Jackson,pvgnyhc1@test.com,Norway,2021-03-19,Premium,16114.74
2126,Margaret Taylor,e20rillp@outlook.com,Canada,2020-10-05,Basic,33809.29
2127,Donna Thomas,jseuo4vk@mail.com,UK,2022-07-14,Premium,28572.21
2128,Richard Perez,eucxsm72@company.com,Netherlands,2022-02-03,Basic,32453.79
2129,Daniel Hernandez,8yrr4ckc@outlook.com,China,2021-03-09,Standard,32072.88
2130,Jessica Lopez,i7cyrbv6@test.com,Germany,2020-04-12,Basic,13656.53
2131,Robert Martin,2nznx9gw@example.com,Spain,2023-03-26,Premium,20406.14
2132,John Collins,3qaslauj@company.com,Japan,2024-06-30,Premium,3116.12
2133,Michael Smith,k42vjgkv@yahoo.com,USA,2020-08-06,Basic,40004.84
2134,Paul Moore,5ww7xhf4@example.com,Brazil,2022-07-07,Standard,10585.85
2135,Nancy Perez,swdlr4kn@gmail.com,Mexico,2024-11-18,Standard,14385.99
2136,Richard Gonzalez,g3mlof68@example.com,India,2023-12-23,Standard,39673.03
2137,Richard Brown,xua4dqxi@email.com,Australia,2020-05-07,Basic,46303.31
2138,Charles Thomas,yzbb27s9@gmail.com,Netherlands,2023-03-29,Standard,5506.95
2139,Joseph Hernandez,ej1dg6fw@test.com,India,2022-03-28,Premium,19210.19
2140,Robert Collins,vpxd06jg@example.com,South Korea,2022-03-13,Standard,36567.88
2141,James Brown,s9v7lp1l@yahoo.com,Netherlands,2023-08-17,Basic,5035.3
2142,Betty Martin,rgcl0kgd@yahoo.com,UK,2023-08-25,Standard,8085.62
2143,Karen Taylor,edad38yo@example.com,UK,2021-08-05,Premium,20668.18
2144,Barbara Smith,633bq6fw@company.com,China,2022-06-11,Basic,48986.66
2145,Paul Taylor,onkctq7v@example.com,Australia,2022-07-25,Basic,16414.74
2146,William Reeves,o8yu98gf@yahoo.com,Norway,2023-09-02,Premium,44632.28
2147,William Miller,cledo515@example.com,China,2021-01-09,Basic,12610.21
2148,James Martin,e557o7rc@example.com,Germany,2020-01-21,Premium,15725.42
2149,Charles Garcia,ip23rb1w@example.com,Norway,2022-10-07,Basic,35333.35
2150,Sandra Harris,oqbt55re@gmail.com,Netherlands,2023-08-24,Standard,9006.06
2151,Christopher Roberts,ya3z5ncy@test.com,France,2021-08-03,Standard,40235.91
2152,David Lopez,jpkc0xty@outlook.com,Switzerland,2024-09-24,Standard,37647.54
2153,Thomas Jackson,tzhx2g7u@email.com,Spain,2023-10-05,Basic,8403.96
2154,Ashley Moore,xsr97jxi@test.com,Italy,2020-06-10,Basic,30748.38
2155,Betty Jackson,i30yvyxl@company.com,Netherlands,2024-01-14,Premium,17374.43
2156,Steven Edwards,9arau76u@email.com,Spain,2024-05-21,Standard,22857.82
2157,Paul Wilson,zo1i736m@company.com,Norway,2021-07-26,Basic,18013.88
2158,Richard Garcia,6umh4gbl@yahoo.com,Brazil,2021-08-25,Premium,29133.57
2159,Jessica White,yd07dvrm@example.com,South Korea,2021-04-14,Standard,37839.86
2160,James Edwards,mbci56fj@email.com,Switzerland,2024-09-23,Basic,39363.61
2161,Ashley Edwards,8bz53gwt@outlook.com,Sweden,2020-06-13,Standard,3250.1
2162,Emily Roberts,w01m4y04@mail.com,France,2024-08-08,Premium,3623.24
2163,Richard Anderson,08p1r3cl@example.com,Italy,2020-08-03,Premium,49815.95
2164,Paul Gonzalez,fi30m85y@gmail.com,USA,2021-04-26,Basic,4866.69
2165,Mary Davis,zk8zy7es@company.com,Mexico,2023-12-17,Standard,1284.41
2166,Jennifer Anderson,bs9cwqq2@example.com,Germany,2024-04-04,Premium,14149.29
2167,Steven Edwards,6ax8kxxj@example.com,China,2021-09-17,Premium,5313.23
2168,Donald Lopez,cba4aakh@example.com,India,2022-01-20,Standard,48006.14
2169,Ashley Jackson,kbr9fyyv@mail.com,South Korea,2024-03-26,Basic,23266.22
2170,Jennifer Thomas,n2z2v17t@test.com,Switzerland,2022-05-17,Standard,36803.94
2171,Betty Edwards,csqc2vd8@example.com,Netherlands,2023-08-10,Basic,40014.08
2172,Robert Rodriguez,sijejms7@yahoo.com,Netherlands,2024-08-23,Basic,11244.99
2173,Linda Moore,tyr9x20b@yahoo.com,Brazil,2024-11-29,Standard,40262.41
2174,Paul Hernandez,w6d9wiof@mail.com,Japan,2024-08-21,Standard,30087.44
2175,Sarah Jackson,gcuj7ilp@test.com,USA,2020-10-14,Premium,36970.19
2176,Michael Thompson,mqxgymym@mail.com,Italy,2023-10-11,Standard,13422.31
2177,Robert Anderson,17zyqzss@outlook.com,France,2024-06-24,Premium,38138.07
2178,Robert Martin,b2yaj1wr@yahoo.com,UK,2024-05-21,Premium,14822.75
2179,William Harris,pyta7d58@company.com,Norway,2022-05-25,Standard,24225.42
2180,Emily Wilson,jj8ek38c@company.com,Norway,2022-04-28,Standard,4200.0
2181,Mary Jones,sqail1yx@example.com,USA,2022-08-07,Premium,6816.73
2182,John White,pt95xj3y@example.com,Canada,2021-06-18,Premium,25719.98
2183,William Perez,qw5svfou@company.com,Netherlands,2020-02-15,Standard,42768.15
2184,Linda Jones,7ycs1ked@company.com,Brazil,2023-11-12,Standard,40797.97
2185,William Taylor,2fnc3cii@test.com,Japan,2021-02-09,Basic,42159.51
2186,Matthew Collins,nyk922ln@mail.com,Mexico,2024-11-27,Basic,33620.52
2187,Jessica Jones,cmdcv7ae@email.com,USA,2022-09-28,Premium,12467.54
2188,Margaret Lee,ubb5g9lf@email.com,Netherlands,2023-09-01,Premium,37438.31
2189,Betty Roberts,hje1e3dy@company.com,Japan,2024-02-13,Premium,20713.05
2190,Jennifer Moore,j3lp15tf@outlook.com,Brazil,2020-05-02,Basic,5412.67
2191,Nancy Johnson,gghtv3sy@mail.com,Germany,2022-11-06,Basic,1609.97
2192,Mary Reeves,3l5zsv5w@test.com,Spain,2022-01-08,Standard,39439.29
2193,Christopher Reeves,egzrrj2j@email.com,Japan,2024-06-14,Basic,12339.57
2194,Nancy Wilson,kbpntsek@email.com,France,2024-02-28,Basic,22927.98
2195,Betty Perez,hqi59mxk@email.com,USA,2023-04-08,Premium,7071.71
2196,Mary Collins,4afm3mhp@yahoo.com,South Korea,2020-05-03,Basic,41709.69
2197,Thomas Brown,40qpf8m7@yahoo.com,Switzerland,2021-08-30,Premium,6306.32
2198,Margaret Thompson,cec3091k@company.com,Japan,2020-11-12,Standard,27884.86
2199,Matthew Brown,yid4vjoj@company.com,Brazil,2023-12-27,Basic,17766.55
2200,Ashley Martin,seqgdzk0@outlook.com,Netherlands,2024-02-02,Premium,26501.27
2201,David Edwards,fy6fvh56@test.com,Australia,2020-07-28,Standard,20491.88
2202,Karen Harris,bx9k7mnc@email.com,Italy,2022-10-30,Premium,47854.39
2203,Mary Lopez,ae5ezfrx@mail.com,Brazil,2020-12-13,Basic,48867.41
2204,David Anderson,26r2gwlj@example.com,Netherlands,2021-01-31,Basic,39398.09
2205,Mark Taylor,8v1uc8ea@email.com,USA,2022-09-29,Standard,37853.86
2206,Michael Rodriguez,gwj9s8u2@mail.com,Spain,2024-11-26,Standard,3507.33
2207,Matthew Thomas,i8mauhuh@mail.com,Canada,2022-09-02,Basic,10558.67
2208,Thomas Anderson,q3i9w96j@yahoo.com,China,2022-11-25,Standard,2678.4
2209,Richard White,yy9v3zso@gmail.com,USA,2023-05-29,Premium,23656.23
2210,Susan Smith,uwdf1s49@mail.com,Germany,2021-05-17,Basic,49798.71
2211,Daniel Jackson,obiclw2w@test.com,Brazil,2020-08-23,Standard,18102.84
2212,Mary Miller,ga7scpav@yahoo.com,Netherlands,2021-11-19,Premium,8548.07
2213,Karen Jones,87bstrmz@test.com,India,2021-11-28,Basic,27106.37
2214,James Jackson,m1kbw6gi@email.com,China,2023-10-18,Standard,6484.01
2215,Susan Taylor,pmte1el8@example.com,Norway,2021-07-07,Basic,16265.24
2216,Robert White,8jod5jgk@example.com,China,2020-08-06,Standard,39227.17
2217,John Anderson,jbuyyzu0@mail.com,Norway,2021-10-06,Standard,13609.58
2218,Michael Thompson,do3px9kd@test.com,Italy,2023-08-30,Basic,22555.83
2219,Daniel Miller,qb8kh4pj@outlook.com,Japan,2021-05-20,Standard,27374.43
2220,Karen Anderson,abwhm24n@outlook.com,South Korea,2023-11-28,Basic,7064.13
2221,Patricia Roberts,818y8f88@test.com,UK,2020-10-15,Standard,19530.67
2222,Steven Garcia,9fia2qsu@yahoo.com,Brazil,2021-04-24,Premium,35311.4
2223,Susan Hernandez,1nat0a57@example.com,South Korea,2023-08-31,Basic,2404.27
2224,Jessica Smith,h6c6iwmg@mail.com,South Korea,2024-02-08,Basic,13421.68
2225,Mark Edwards,zp802paj@email.com,UK,2024-08-30,Standard,39380.26
2226,Sarah Edwards,q920c5rl@company.com,Spain,2022-03-04,Basic,21940.38
2227,John Davis,szp566z2@gmail.com,India,2021-06-06,Standard,41683.67
2228,Sandra Wilson,ef10ljrn@example.com,Mexico,2021-05-28,Premium,36317.07
2229,Paul Taylor,qpzygwez@outlook.com,UK,2021-10-05,Basic,39295.48
2230,James Anderson,ze5ezkjs@mail.com,South Korea,2022-07-17,Standard,3646.45
2231,Karen Jones,0qzokpvi@yahoo.com,UK,2022-04-03,Basic,40957.76
2232,Nancy Lopez,po7381on@test.com,South Korea,2022-02-27,Standard,43080.25
2233,Steven Gonzalez,bmay74fp@mail.com,India,2021-01-13,Premium,24601.47
2234,Patricia Martinez,utreurfm@company.com,France,2020-12-07,Premium,21613.12
2235,Donna Lopez,yovvt2is@company.com,Canada,2020-05-06,Standard,40040.28
2236,David Martinez,o8hbf5jc@yahoo.com,Norway,2023-11-27,Premium,49991.25
2237,Sarah Davis,36de5jam@mail.com,India,2022-12-07,Standard,16057.15
2238,David Harris,kfomjoqj@test.com,Sweden,2021-03-08,Standard,3735.61
2239,Mark Jackson,5hszdimo@email.com,South Korea,2024-11-30,Premium,32886.8
2240,Jessica Perez,4zuz0pjq@outlook.com,India,2023-10-29,Standard,45207.5
2241,Linda Martin,wud30e47@company.com,Switzerland,2022-05-12,Basic,47454.0
2242,Joseph Gonzalez,2ytesne8@test.com,Spain,2022-06-08,Standard,28273.01
2243,Patricia Williams,3ax743vc@mail.com,France,2024-09-09,Premium,9474.85
2244,Ashley Garcia,de12wuw6@email.com,Germany,2024-08-19,Standard,40793.92
2245,Karen Wilson,yfdmowih@mail.com,Canada,2022-12-04,Premium,14468.65
2246,David Gonzalez,eit8abrl@company.com,Mexico,2023-10-09,Standard,44709.02
2247,Patricia Brown,5tg8bka8@example.com,Italy,2021-01-12,Basic,2799.99
2248,Ashley Smith,fjk2d6ar@outlook.com,Italy,2023-10-19,Standard,35159.95
2249,Sarah Reeves,e5rxrmjo@test.com,France,2022-06-27,Standard,23843.18
2250,Thomas Hernandez,ludqd6od@example.com,Spain,2024-06-23,Basic,37274.27
2251,David Martin,jqbeccxh@company.com,Italy,2023-07-27,Premium,28512.76
2252,Sandra Garcia,r4tw5s63@test.com,Spain,2021-03-16,Basic,44239.82
2253,Michael Roberts,e55h7yd9@mail.com,Italy,2023-03-07,Basic,39396.87
2254,Daniel Anderson,ydkg2d7g@outlook.com,Canada,2024-09-02,Basic,19640.66
2255,Daniel Martin,dajjo5ok@example.com,Germany,2024-03-13,Basic,40437.36
2256,Donald Jackson,dfy9zwqf@test.com,Australia,2024-01-10,Basic,12024.93
2257,Richard Anderson,s4s5qtyd@example.com,Spain,2023-01-11,Standard,10980.56
2258,James Johnson,v6xh9m0p@test.com,Netherlands,2024-12-16,Standard,14255.95
2259,Betty Moore,ortlqbk2@example.com,Italy,2021-01-11,Basic,14423.4
2260,John Lopez,x8y4t71m@email.com,Spain,2021-11-12,Premium,23330.42
2261,Kimberly Miller,l9c9n24r@email.com,Brazil,2023-12-12,Basic,18110.44
2262,Donald Hernandez,2a2x17zq@mail.com,France,2021-01-08,Basic,42166.08
2263,Karen Taylor,jfaf8edj@mail.com,Switzerland,2023-04-18,Basic,18476.48
2264,Joseph Anderson,xiobcfph@outlook.com,Switzerland,2020-04-04,Basic,3966.17
2265,Kimberly Brown,guewhwf6@example.com,France,2020-12-06,Basic,31934.27
2266,Robert Williams,zy7loejq@email.com,India,2021-02-09,Basic,2816.32
2267,Andrew Anderson,th9krqwb@test.com,Sweden,2020-11-15,Standard,15242.07
2268,Sandra Gonzalez,nlupya8w@example.com,Sweden,2022-04-16,Basic,8022.58
2269,Matthew Collins,0tmg2pu2@email.com,Australia,2023-03-04,Premium,10614.69
2270,Barbara Hernandez,q3rwk3ot@outlook.com,Switzerland,2020-04-22,Basic,34132.99
2271,Ashley Garcia,gyiw59od@mail.com,UK,2021-09-02,Basic,36470.5
2272,John Williams,t95ost10@test.com,Germany,2021-07-10,Standard,30243.14
2273,Charles Collins,ai71ywd8@mail.com,South Korea,2024-06-26,Premium,11554.44
2274,Nancy Rodriguez,butzidia@email.com,Spain,2021-07-02,Standard,21099.32
2275,Michael Perez,e37rr8i8@gmail.com,Mexico,2024-05-08,Basic,43845.22
2276,Richard Reeves,2chsnbwi@yahoo.com,Brazil,2020-11-07,Premium,3752.49
2277,Joseph Davis,3o1hc1vg@outlook.com,Switzerland,2020-04-03,Premium,12295.87
2278,Donna Martin,6rbewv68@yahoo.com,Netherlands,2022-09-22,Basic,16077.99
2279,James Smith,zyxw1cq5@example.com,Germany,2021-08-25,Standard,26527.0
2280,Charles Miller,2s2e6lzk@yahoo.com,UK,2022-08-10,Basic,3023.26
2281,Donna Anderson,artgbjbi@gmail.com,Norway,2024-01-29,Premium,14223.31
2282,Linda Garcia,4gnya55h@company.com,Mexico,2023-01-23,Premium,7027.73
2283,Matthew Garcia,znmxbfhd@test.com,Brazil,2024-01-25,Standard,8364.65
2284,Jessica Garcia,6ra0dqd2@test.com,Norway,2022-04-22,Basic,6871.4
2285,James Garcia,lls51pia@outlook.com,Canada,2023-06-13,Basic,15013.43
2286,Steven White,37h4kymh@company.com,Mexico,2020-05-04,Basic,17201.61
2287,Mark Hernandez,2ajltorc@test.com,Sweden,2021-05-28,Standard,22659.0
2288,Kimberly Johnson,0u09xox3@mail.com,Sweden,2021-04-20,Standard,16450.89
2289,James Williams,rfgx9i0t@gmail.com,UK,2024-09-30,Basic,27402.46
2290,Sarah Brown,ad1cga64@gmail.com,Mexico,2024-12-19,Basic,29867.24
2291,Betty Smith,gblcqzj8@yahoo.com,Mexico,2022-08-01,Premium,33447.84
2292,Karen Moore,m3ppsohx@outlook.com,Japan,2024-08-25,Premium,22446.77
2293,Mary Martinez,wtci9su6@yahoo.com,Japan,2024-08-08,Standard,34965.18
2294,Kimberly Perez,zqoc4eu0@yahoo.com,Switzerland,2020-03-20,Basic,7748.6
2295,William Anderson,pl7r81b5@example.com,Norway,2020-01-09,Standard,35228.03
2296,Matthew Davis,ksfqe50c@mail.com,Germany,2022-12-25,Standard,26254.31
2297,Donna Thomas,2msgqgv8@example.com,India,2023-12-05,Standard,44598.28
2298,Mary Garcia,zj6wuopz@company.com,Australia,2021-08-09,Basic,14371.28
2299,David White,qvi0oyei@yahoo.com,Norway,2024-02-10,Basic,20873.77
2300,Ashley Gonzalez,f8rm9iil@gmail.com,Australia,2023-07-15,Premium,2920.39
2301,William Wilson,pi2eyeny@company.com,India,2020-12-28,Standard,10667.85
2302,Richard Perez,5ughnbjn@yahoo.com,China,2021-02-20,Standard,43576.01
2303,Barbara Williams,cqjukurk@yahoo.com,Norway,2022-12-24,Basic,15034.2
2304,Nancy Gonzalez,idnfe9o1@outlook.com,Japan,2023-09-14,Standard,14484.84
2305,Paul Anderson,gphh6w5n@yahoo.com,Brazil,2021-05-06,Premium,3151.65
2306,Daniel Perez,en7ct4ru@example.com,Canada,2021-11-26,Standard,40657.07
2307,Donna Garcia,j09asfok@example.com,Switzerland,2022-12-31,Basic,34059.67
2308,John Garcia,l09w7wap@email.com,UK,2024-01-25,Premium,18943.23
2309,Donald Davis,06v5f4c6@gmail.com,Australia,2021-11-23,Premium,21294.56
2310,Karen Anderson,dud6le9c@gmail.com,USA,2021-06-04,Premium,9443.6
2311,Steven Garcia,u3t28sie@outlook.com,Canada,2023-02-08,Standard,44439.35
2312,Charles Martin,ztfbqonv@test.com,Sweden,2024-11-27,Standard,8279.94
2313,Patricia Lee,cd4eoxir@example.com,Norway,2022-05-16,Premium,35948.3
2314,Matthew Jackson,ns7lv5j9@test.com,South Korea,2021-03-12,Standard,35146.15
2315,Paul Garcia,vblrq3x4@example.com,Australia,2022-06-27,Standard,891.87
2316,Nancy Martin,wbvv0tl1@example.com,Canada,2021-04-29,Standard,48656.92
2317,Sandra Martin,aemtownz@email.com,Spain,2022-01-01,Standard,33858.01
2318,Margaret Smith,6lcgcsef@outlook.com,Australia,2021-09-28,Basic,14357.04
2319,William Taylor,a24mks9v@example.com,India,2022-04-10,Standard,12096.1
2320,Richard Perez,ji118l30@email.com,Brazil,2024-05-03,Standard,22991.5
2321,Thomas Thomas,5j32m7fc@outlook.com,India,2024-08-01,Basic,27585.39
2322,Christopher Wilson,qvxcrlgf@test.com,Germany,2023-06-26,Standard,28174.13
2323,Sandra Hernandez,5hwryv7w@outlook.com,Canada,2024-08-06,Premium,33272.19
2324,Lisa Rodriguez,bau1mz7k@email.com,India,2022-08-20,Standard,11146.67
2325,Andrew Hernandez,c9yvrzmw@email.com,Mexico,2021-10-01,Premium,36178.51
2326,Richard Smith,jsfoijoc@test.com,Sweden,2022-10-12,Premium,22496.3
2327,Emily Garcia,x696ghsk@yahoo.com,Switzerland,2020-06-23,Standard,2508.66
2328,Sarah Miller,90yc3kdx@example.com,South Korea,2023-08-29,Standard,2805.65
2329,Susan White,avhi6t0y@yahoo.com,Canada,2023-04-03,Premium,46497.01
2330,Kimberly Martin,97rqqio1@test.com,Australia,2021-09-29,Standard,17494.84
2331,Lisa Martin,5h6sw3zh@yahoo.com,UK,2020-04-13,Premium,19152.75
2332,Jessica Jackson,lh3t0eyg@yahoo.com,Spain,2022-01-17,Basic,37285.83
2333,Michael Martinez,9sm2qfjp@email.com,USA,2022-02-28,Standard,14143.9
2334,William Hernandez,we3lspd7@email.com,China,2023-02-25,Premium,36764.55
2335,Charles White,ez4uigkp@mail.com,Switzerland,2020-12-11,Standard,8469.67
2336,Robert Garcia,i28shqen@outlook.com,Norway,2021-06-25,Basic,49319.56
2337,Donna Martin,6v6z8kv8@email.com,India,2023-07-03,Basic,3454.26
2338,Karen Hernandez,4o99p1f3@gmail.com,USA,2021-06-12,Premium,48429.88
2339,Richard Martinez,5950ntlr@gmail.com,Mexico,2022-10-25,Basic,23549.31
2340,Kimberly Martin,y1eyn70w@example.com,South Korea,2022-09-30,Premium,37962.64
2341,Lisa Collins,besb2lcr@gmail.com,Switzerland,2021-05-09,Standard,35082.57
2342,Sandra Johnson,yddxarw2@yahoo.com,Australia,2024-12-17,Standard,17567.51
2343,Daniel Roberts,gmxzzxhe@email.com,Switzerland,2023-11-08,Basic,16988.67
2344,Jennifer Lopez,yp5ssm0d@mail.com,Brazil,2024-09-07,Standard,33899.42
2345,Jennifer Edwards,puukbi7i@company.com,South Korea,2023-08-02,Premium,17147.59
2346,Betty Hernandez,eo5chm9g@company.com,Brazil,2020-06-01,Basic,7514.68
2347,Margaret Martin,ovcfz6q0@company.com,Norway,2024-09-15,Basic,43880.04
2348,Kimberly Moore,kr1svohu@example.com,Canada,2021-12-12,Premium,24783.56
2349,Patricia Rodriguez,zn59gmuc@company.com,France,2021-04-26,Premium,47070.44
2350,David Thomas,kvzarhdv@email.com,Italy,2022-08-13,Basic,32614.12
2351,Emily Lopez,yinpfgom@test.com,Spain,2023-08-06,Basic,17704.0
2352,Ashley Lopez,o0fvlc25@gmail.com,Spain,2024-10-17,Basic,8051.43
2353,Jessica Smith,he1gq59h@mail.com,France,2023-10-31,Basic,11540.49
2354,Lisa Roberts,oes1ai9a@email.com,India,2022-11-01,Basic,49249.91
2355,David White,cm785zd7@yahoo.com,Netherlands,2022-09-19,Basic,1598.0
2356,Jessica Lee,onix7kgc@example.com,Germany,2022-04-28,Standard,29117.47
2357,Karen Hernandez,ahyvzyv9@gmail.com,Italy,2022-10-01,Standard,11013.51
2358,Joseph White,0xfjm4qy@email.com,Netherlands,2024-08-27,Premium,29144.17
2359,Lisa Johnson,330boqc2@outlook.com,Australia,2021-11-06,Premium,14273.53
2360,Christopher Perez,tcm2vss6@gmail.com,Mexico,2021-11-02,Premium,13899.2
2361,Ashley Anderson,rjdod4p4@outlook.com,Sweden,2020-12-07,Premium,35186.6
2362,John Jones,4xxzu368@company.com,Norway,2024-10-18,Standard,29062.02
2363,Christopher Miller,y0j4q495@yahoo.com,Italy,2023-01-15,Basic,42227.62
2364,Lisa Lee,m186zudn@mail.com,Australia,2024-03-05,Standard,25826.86
2365,Barbara Miller,ux01811n@gmail.com,UK,2023-04-01,Standard,4439.32
2366,Ashley Smith,od1yozrb@test.com,France,2020-01-02,Basic,7078.75
2367,Thomas Reeves,wh7dca6w@email.com,Switzerland,2022-05-27,Premium,22199.48
2368,Mary Miller,xi1s9npa@yahoo.com,USA,2021-12-12,Standard,33001.69
2369,Daniel Thomas,244vrbj3@example.com,Italy,2020-06-04,Standard,12637.75
2370,James Jackson,89jptt0i@gmail.com,Brazil,2022-11-25,Basic,21494.88
2371,Linda Johnson,4l9evg4p@mail.com,Japan,2022-10-11,Basic,44739.85
2372,Robert Jackson,lbadkel2@gmail.com,Canada,2020-02-22,Premium,45826.61
2373,Patricia Collins,7qs7jp1i@company.com,Switzerland,2021-08-02,Premium,42243.01
2374,Thomas Roberts,u8tjhulu@test.com,Mexico,2022-12-08,Premium,7258.23
2375,Joseph Smith,mexwxzmc@yahoo.com,Canada,2021-02-06,Standard,30098.07
2376,James Jackson,kxk3lqw3@gmail.com,Italy,2024-04-06,Premium,12420.44
2377,Andrew Harris,qpq4bw34@mail.com,Mexico,2021-02-17,Standard,933.09
2378,Jessica Jackson,w9ttkyxa@yahoo.com,Sweden,2021-02-06,Standard,12017.03
2379,Jessica Lee,wyqanns5@test.com,UK,2021-12-14,Standard,28006.1
2380,Donna Hernandez,ei5cqom3@email.com,Netherlands,2022-10-07,Premium,29686.49
2381,Donna Moore,v15cf89l@test.com,Japan,2020-03-09,Standard,25223.72
2382,Susan Davis,yapnrrvx@company.com,Switzerland,2023-09-18,Premium,18962.45
2383,Lisa Thompson,5c7k4rjn@company.com,India,2021-04-13,Standard,17884.32
2384,Susan Lopez,pk3y8sf4@outlook.com,South Korea,2023-09-02,Basic,28714.9
2385,Patricia Harris,es81de0r@example.com,Italy,2023-01-17,Standard,3820.93
2386,Ashley Wilson,kp9xco59@gmail.com,Norway,2021-02-18,Basic,36788.11
2387,Michael Edwards,ujlc1l8b@company.com,Brazil,2022-02-10,Premium,34438.72
2388,Jessica Thompson,tfk8mklb@yahoo.com,India,2024-11-03,Standard,36151.12
2389,Emily Lee,egt3hfjy@outlook.com,Netherlands,2020-06-30,Standard,5594.07
2390,Emily Martin,y1zy6n78@company.com,Switzerland,2022-05-05,Basic,40291.09
2391,Jessica Lee,qhuxkup5@outlook.com,South Korea,2022-12-14,Premium,28582.8
2392,Joseph Reeves,evguk1zg@example.com,France,2022-11-11,Basic,148.72
2393,Margaret Garcia,myj06mmk@outlook.com,India,2023-01-08,Basic,44402.07
2394,Sarah Williams,ja6mih6s@email.com,Switzerland,2021-01-25,Standard,33420.12
2395,James Martinez,9u18md3s@email.com,France,2020-07-08,Premium,7473.18
2396,Betty Johnson,sgt6lkwk@email.com,Canada,2023-11-04,Basic,26240.19
2397,Andrew Garcia,hu4tgvxk@test.com,Spain,2022-03-15,Premium,3993.9
2398,Joseph Davis,atndfo6s@gmail.com,Italy,2021-02-28,Basic,44538.45
2399,Nancy Martin,b3k5ruwp@example.com,Japan,2024-10-13,Basic,35397.48
2400,Robert Davis,7c8do1p9@outlook.com,Sweden,2021-07-15,Standard,41870.58
2401,Nancy Williams,kawq64nf@mail.com,Mexico,2024-04-13,Premium,31729.36
2402,Paul Martinez,scn9obxc@email.com,USA,2021-08-29,Standard,29597.78
2403,William Anderson,jxh3w6z6@outlook.com,China,2021-07-22,Premium,48223.75
2404,Donald Gonzalez,wtk95h36@email.com,Brazil,2020-04-24,Premium,45567.64
2405,Karen Brown,61um04ac@yahoo.com,USA,2023-11-08,Standard,37821.88
2406,Emily Lopez,aix9w04p@yahoo.com,Japan,2023-01-12,Standard,11775.85
2407,Thomas White,he1julj3@outlook.com,Norway,2023-11-24,Premium,14706.07
2408,Susan Garcia,a2sytmxb@mail.com,France,2020-08-14,Standard,43659.68
2409,Donna Smith,e3ppmblc@example.com,France,2021-07-24,Basic,45910.13
2410,Michael Davis,5kb3ygb1@test.com,Japan,2023-05-14,Standard,40722.78
2411,Sarah Moore,i8k179yi@email.com,Brazil,2021-06-10,Premium,29846.6
2412,Karen Brown,4umsg9sx@yahoo.com,China,2023-02-13,Standard,32802.5
2413,David Jackson,xs3lc37s@test.com,UK,2021-11-16,Basic,1483.82
2414,Daniel Jones,u6qgcbjj@example.com,UK,2023-11-17,Premium,23636.11
2415,Kimberly Rodriguez,4ahjoysj@email.com,India,2023-10-12,Standard,37740.17
2416,Steven Martinez,2vo8phnc@company.com,Switzerland,2021-06-23,Premium,7484.19
2417,Donna Jones,tgshxm42@company.com,USA,2021-09-18,Premium,29085.12
2418,Betty Jones,oevzrpe7@email.com,Norway,2021-08-16,Basic,46772.53
2419,Jessica White,0posqf4t@example.com,India,2021-05-14,Standard,19335.14
2420,Karen Garcia,v5s1hhw9@example.com,Brazil,2020-10-04,Basic,34939.52
2421,Margaret Johnson,stmg345k@gmail.com,Mexico,2020-06-21,Standard,31008.12
2422,Kimberly Roberts,zql0h5qq@company.com,Canada,2023-03-25,Standard,22995.17
2423,Michael Martin,l3o4u8in@gmail.com,Spain,2024-05-02,Basic,12615.82
2424,Lisa Thomas,h6t4u7s0@company.com,UK,2023-12-16,Basic,24895.95
2425,Daniel Wilson,wkhrzfdy@test.com,Netherlands,2024-06-30,Premium,33903.76
2426,Sandra Reeves,udlqii1e@company.com,Norway,2024-10-25,Standard,22038.72
2427,Donna Reeves,zq67n3yt@yahoo.com,Norway,2020-10-21,Basic,42019.31
2428,Richard Edwards,ruxtnxj8@yahoo.com,Australia,2020-02-22,Basic,26538.43
2429,William Martin,zyumnqiz@company.com,Spain,2022-07-22,Standard,10239.77
2430,Emily Hernandez,norre14j@yahoo.com,Japan,2024-03-15,Standard,213.1
2431,Patricia Martin,0bqof19b@email.com,China,2024-05-07,Premium,22282.2
2432,Kimberly Garcia,vsf0s60k@test.com,Spain,2024-02-29,Standard,13005.29
2433,Kimberly Jackson,3v6n2xvy@email.com,South Korea,2023-07-16,Standard,49590.21
2434,Mark Martin,7s44z78i@test.com,Mexico,2020-05-02,Basic,16198.46
2435,Barbara Lopez,xv2yrelz@gmail.com,UK,2022-08-31,Standard,46426.49
2436,Mary Rodriguez,c7m8ckhd@email.com,Switzerland,2022-08-10,Standard,7468.21
2437,James Anderson,dfq90qph@mail.com,USA,2022-04-20,Standard,9004.55
2438,Ashley Garcia,uvakswrz@test.com,Australia,2020-10-04,Premium,42424.49
2439,Mark Johnson,fmicx9ul@company.com,South Korea,2021-07-12,Standard,6392.92
2440,Donald Johnson,3nq6fxyp@gmail.com,Australia,2023-11-21,Premium,16081.6
2441,Matthew Johnson,xg6ibw9i@outlook.com,France,2024-06-11,Basic,2865.6
2442,Sandra Gonzalez,polxl0gf@yahoo.com,South Korea,2023-03-03,Standard,11140.61
2443,Thomas Harris,f806qxn6@example.com,Sweden,2020-03-06,Standard,22708.89
2444,Susan Jones,i1pu7xnm@mail.com,France,2022-04-17,Premium,15833.61
2445,Mary Anderson,a0x9a8f8@gmail.com,Norway,2022-03-27,Basic,24686.33
2446,Karen Martinez,d1myu4zv@outlook.com,India,2023-02-23,Standard,29875.41
2447,Margaret Davis,langxcd2@test.com,Brazil,2020-06-03,Basic,10117.73
2448,Emily Rodriguez,vh4g2j53@mail.com,Sweden,2023-08-16,Premium,33484.99
2449,Kimberly Wilson,ye7pdjnl@email.com,India,2021-05-23,Premium,40639.15
2450,David Edwards,yj5q0s9a@company.com,Sweden,2023-11-16,Premium,8474.41
2451,Mark Williams,wtb4v8jq@company.com,Norway,2023-09-26,Basic,36397.61
2452,Linda Perez,eod1vaa4@mail.com,Sweden,2023-01-14,Basic,30440.47
2453,James Hernandez,46stjgk4@mail.com,Canada,2023-02-06,Basic,5704.07
2454,Patricia Hernandez,n8h8s3p2@gmail.com,Germany,2020-08-04,Premium,49982.54
2455,William Wilson,zup68c65@email.com,Netherlands,2024-08-25,Standard,38811.41
2456,Barbara Taylor,ez0msg1b@company.com,Sweden,2024-08-13,Basic,39192.72
2457,Charles Jackson,60v4n5fi@yahoo.com,Japan,2024-03-05,Standard,18535.27
2458,Matthew Thomas,z51or4sd@gmail.com,China,2023-03-22,Basic,17333.64
2459,Patricia Martinez,isyoxomt@outlook.com,India,2021-01-24,Premium,38466.28
2460,Thomas Smith,qfj097nd@outlook.com,South Korea,2020-07-21,Premium,33508.11
2461,Betty Roberts,42rlosal@example.com,Italy,2021-10-01,Premium,25952.1
2462,Betty Rodriguez,w74yrtu7@yahoo.com,Germany,2020-02-01,Standard,30634.44
2463,Betty Gonzalez,wgxv38pf@example.com,South Korea,2023-01-08,Premium,4237.09
2464,Susan Thomas,m6eh0z98@test.com,Norway,2024-08-08,Basic,38976.09
2465,Robert Garcia,62346a4r@gmail.com,South Korea,2020-09-23,Basic,14880.41
2466,Mary Brown,0xujinhd@company.com,Italy,2023-06-26,Premium,1629.47
2467,Jessica Garcia,80et4084@gmail.com,South Korea,2022-05-14,Basic,24368.98
2468,Charles Thomas,rw1zdxca@example.com,Sweden,2021-05-27,Premium,37109.8
2469,Donna Garcia,o2xqz21x@example.com,China,2020-10-18,Premium,16292.67
2470,Thomas Martin,ejm1r1qj@test.com,India,2020-04-08,Premium,49756.67
2471,Emily Taylor,5gd7spbz@example.com,Sweden,2021-04-16,Basic,41372.52
2472,Andrew Thomas,tsk3a0yq@example.com,Brazil,2023-09-20,Basic,39600.62
2473,Nancy Anderson,1cnz0ivs@example.com,France,2023-08-14,Basic,2823.07
2474,Daniel Martinez,o4zzr8o9@test.com,Sweden,2023-09-22,Premium,26038.89
2475,Emily Perez,pz0ciuwk@mail.com,France,2023-12-13,Premium,5826.83
2476,Donna Hernandez,0g8lwdkh@test.com,South Korea,2020-10-08,Standard,33766.72
2477,Paul Reeves,2n3k875y@yahoo.com,Switzerland,2023-02-08,Basic,31619.97
2478,David Smith,bze2djso@email.com,Canada,2022-03-20,Premium,16054.87
2479,Daniel Thomas,lmju1bzq@gmail.com,Sweden,2020-01-17,Premium,35687.32
2480,Matthew Taylor,z6jxryx5@email.com,South Korea,2021-12-16,Basic,32995.58
2481,Nancy Roberts,s48mqvfl@outlook.com,Spain,2024-11-05,Standard,10363.03
2482,Sarah Hernandez,ipnqrpjz@outlook.com,Australia,2024-06-24,Standard,26648.42
2483,Steven Hernandez,bxazvvjq@test.com,Mexico,2023-07-13,Basic,31424.8
2484,Paul Smith,8o79vrjo@email.com,Switzerland,2024-09-01,Basic,13720.17
2485,Barbara Perez,46de7kio@example.com,Canada,2021-03-22,Premium,17478.42
2486,Joseph Gonzalez,74uz5lq0@email.com,Switzerland,2021-02-27,Standard,36491.83
2487,Steven Moore,10xgyxkq@email.com,Japan,2024-01-26,Standard,37483.3
2488,Michael Garcia,ydvxvxyi@email.com,Germany,2024-10-28,Standard,16753.92
2489,Nancy Rodriguez,i5blw4o9@example.com,USA,2020-05-06,Basic,19753.89
2490,John Brown,ze9mcjqq@gmail.com,China,2024-09-14,Basic,5493.9
2491,Jessica Martin,x16h7009@example.com,South Korea,2022-01-17,Premium,24188.26
2492,Richard Thompson,2l0oqzmk@gmail.com,Switzerland,2020-07-01,Premium,34700.41
2493,John Martin,17lzg3rb@outlook.com,Italy,2021-03-20,Basic,41286.21
2494,Jessica Brown,ouqjacpt@company.com,Mexico,2022-01-06,Standard,24153.28
2495,David Martin,vcjzxcv2@yahoo.com,Switzerland,2022-06-11,Basic,49386.15
2496,Betty Hernandez,ufhn5ylr@gmail.com,South Korea,2021-02-03,Premium,39213.36
2497,Barbara Thompson,f2zvii8t@test.com,Sweden,2023-06-08,Standard,5283.12
2498,Joseph Lopez,2vorfsl0@company.com,South Korea,2021-07-21,Basic,18060.82
2499,Robert Anderson,y6i17etm@gmail.com,Sweden,2023-01-23,Premium,46738.04
2500,Steven Hernandez,ol7maytx@mail.com,Sweden,2020-01-22,Premium,175.27
2501,Donna Collins,ypv2jrch@email.com,Australia,2021-02-01,Standard,39311.72
2502,Christopher Gonzalez,1ihkpju9@example.com,Switzerland,2023-03-28,Premium,7895.23
2503,Sandra Reeves,6swcahkt@test.com,Italy,2021-08-13,Standard,2608.91
2504,Richard Jones,va6ar1ar@email.com,Germany,2023-05-03,Premium,13557.1
2505,Kimberly Anderson,i8nu17uv@yahoo.com,Netherlands,2024-03-18,Standard,24286.0
2506,Thomas Gonzalez,phptmqk0@mail.com,Brazil,2022-07-16,Premium,12312.54
2507,Andrew Rodriguez,8j2vo7iu@outlook.com,India,2022-09-07,Standard,23925.84
2508,Steven Rodriguez,ixcijqn6@yahoo.com,Mexico,2023-01-27,Basic,41647.06
2509,Steven Hernandez,nvy4h03b@gmail.com,Canada,2021-10-24,Basic,713.53
2510,Christopher Lopez,0pntkluu@company.com,China,2021-01-13,Standard,20496.61
2511,Steven Jones,9gi7611m@example.com,Brazil,2024-12-01,Premium,43851.44
2512,Betty Martin,8l6vtu9f@outlook.com,UK,2023-05-02,Standard,45819.72
2513,Emily Thomas,u1lqxt22@example.com,Netherlands,2024-10-10,Standard,12452.79
2514,Steven Anderson,hxsipnar@test.com,Sweden,2024-07-17,Standard,46503.65
2515,James Perez,5bxjnbzv@outlook.com,USA,2023-11-06,Premium,959.16
2516,Mark Martin,ig8ofsmn@gmail.com,India,2023-06-26,Standard,33568.49
2517,Matthew Wilson,rcpht102@outlook.com,Japan,2024-06-29,Basic,15855.0
2518,Jennifer Harris,524qbssa@mail.com,India,2024-04-15,Premium,34565.06
2519,James Lopez,howrphwn@test.com,USA,2021-12-16,Premium,39895.46
2520,Robert Wilson,vqcedniq@gmail.com,Germany,2022-09-17,Basic,46849.8
2521,Thomas Anderson,u31e90gd@test.com,UK,2022-09-08,Premium,225.87
2522,Sandra Harris,gb8nhoj7@example.com,South Korea,2024-05-13,Basic,46450.35
2523,Sandra Anderson,ftpybor9@mail.com,Brazil,2022-07-08,Premium,36777.16
2524,Daniel Martinez,da71yp6e@gmail.com,China,2020-03-21,Premium,16477.66
2525,Andrew Lee,wscw63tf@mail.com,Switzerland,2022-10-28,Standard,37827.99
2526,Steven Lee,fsf7akn2@company.com,Italy,2020-08-27,Standard,19010.86
2527,Emily White,e13dww8d@company.com,USA,2023-12-14,Standard,22078.49
2528,Matthew Johnson,b5ltbxve@test.com,USA,2022-04-11,Basic,31186.23
2529,Robert Reeves,xl2wlx04@gmail.com,Italy,2024-06-02,Basic,19747.7
2530,Donna Miller,or5kls0r@example.com,Italy,2021-12-16,Premium,39139.15
2531,Christopher Edwards,xgjw2wzo@example.com,Canada,2024-04-26,Premium,36508.6
2532,Charles Lopez,h6zaz505@email.com,Switzerland,2023-07-18,Premium,42124.23
2533,William Martinez,audpusqc@gmail.com,Sweden,2020-08-24,Standard,48484.69
2534,Andrew Reeves,uia4tndg@yahoo.com,Brazil,2020-04-21,Premium,19113.01
2535,Daniel Rodriguez,7nfpe5hd@test.com,Australia,2023-04-30,Basic,22676.17
2536,Susan Thompson,527v72w7@test.com,Japan,2022-01-15,Premium,27813.11
2537,Paul Martin,2e6xdmr7@gmail.com,Japan,2020-12-19,Standard,46897.36
2538,Jennifer Rodriguez,41q6l4jd@outlook.com,South Korea,2021-06-19,Standard,48430.44
2539,Paul Martin,wv20k9jx@yahoo.com,Italy,2024-02-04,Standard,27929.48
2540,Charles Martin,s3ev33pv@mail.com,Germany,2021-10-01,Premium,40855.93
2541,Donald Smith,zrxep46a@outlook.com,South Korea,2023-11-21,Premium,9597.73
2542,Joseph Martinez,fmnuf8z3@example.com,Norway,2021-06-07,Premium,43168.13
2543,Betty Lopez,cayje8nf@test.com,India,2020-01-14,Standard,20157.96
2544,Andrew Taylor,wsj57zpq@outlook.com,Australia,2021-01-20,Premium,15411.97
2545,Susan White,wr70iofi@outlook.com,South Korea,2020-09-13,Standard,22413.12
2546,Sandra Anderson,k5mssewk@email.com,Norway,2022-07-03,Basic,35348.49
2547,Christopher Jackson,y9kvgcpm@test.com,Germany,2024-11-09,Basic,37538.25
2548,Margaret Wilson,szv56lop@test.com,Sweden,2021-03-04,Premium,1684.25
2549,Michael Gonzalez,ez15rvmk@example.com,Norway,2023-10-25,Basic,11158.25
2550,Joseph Jones,x2x5daok@gmail.com,Germany,2021-05-26,Standard,6845.08
2551,Patricia Edwards,evs40w58@yahoo.com,UK,2021-12-25,Standard,38767.18
2552,Sarah Jackson,r6mi34ud@email.com,South Korea,2020-01-26,Basic,21069.93
2553,Susan Davis,zmkbf6x3@company.com,Switzerland,2023-02-04,Basic,30295.72
2554,Barbara Reeves,7mwtz568@yahoo.com,Italy,2021-11-21,Premium,47777.86
2555,David Williams,ckc546rx@email.com,France,2023-12-23,Basic,44225.31
2556,Michael Johnson,uwxg8tpn@example.com,South Korea,2023-02-05,Premium,38163.73
2557,Donna Reeves,37eb8qhs@test.com,Mexico,2021-07-28,Premium,28970.34
2558,Joseph Martin,a6f6m2xg@gmail.com,Switzerland,2020-01-15,Basic,8945.84
2559,Christopher Thomas,k36qsttg@example.com,Germany,2022-08-03,Premium,26694.18
2560,Lisa Garcia,f2heqy8l@gmail.com,UK,2021-08-30,Basic,33571.25
2561,Sarah Moore,y4k1nidt@company.com,Brazil,2023-05-14,Standard,22780.64
2562,Patricia Johnson,rw3g91ho@example.com,Switzerland,2024-09-20,Standard,18037.84
2563,Betty Lee,a3mirb5r@test.com,Canada,2023-06-17,Basic,2805.16
2564,Joseph Jones,pfwcinvs@company.com,Spain,2021-03-05,Premium,5588.57
2565,Betty White,ppablb5y@example.com,India,2021-01-15,Premium,42475.45
2566,Sandra Garcia,93nyh90e@email.com,Australia,2024-09-11,Premium,11632.03
2567,John Jones,k68garye@company.com,India,2022-08-10,Basic,12577.43
2568,Lisa Thompson,dxubc6a4@mail.com,South Korea,2024-04-28,Standard,39916.45
2569,Thomas Lee,m29nnqpn@company.com,UK,2021-05-06,Basic,47267.12
2570,Barbara Harris,g7s1rdol@email.com,USA,2020-12-11,Standard,29097.86
2571,Joseph Lopez,5pkxundm@outlook.com,France,2023-12-31,Standard,43200.79
2572,Kimberly Harris,21f9lq6w@yahoo.com,Australia,2024-07-28,Basic,27736.52
2573,Sarah Jones,rd5ecfjf@company.com,Brazil,2024-12-21,Standard,48311.04
2574,Mark Miller,cyhc065j@gmail.com,South Korea,2022-04-03,Basic,16126.71
2575,Daniel Lee,bm0aj6x2@test.com,Australia,2024-12-13,Premium,23129.17
2576,John Jones,h5eyqt4x@yahoo.com,Netherlands,2020-11-28,Premium,46882.41
2577,Daniel Thomas,vm4jbux4@mail.com,China,2024-10-18,Premium,39079.21
2578,Patricia Harris,6p3fke5h@outlook.com,China,2023-09-15,Basic,49337.67
2579,Michael Roberts,e5r5x7f6@outlook.com,France,2021-04-13,Premium,32246.62
2580,Christopher Brown,02psoi37@mail.com,UK,2023-07-09,Basic,16963.21
2581,Barbara Davis,kyof4rpl@example.com,UK,2022-06-06,Standard,29066.36
2582,Daniel Smith,p2xkd5r9@yahoo.com,Italy,2023-08-07,Basic,14600.98
2583,Sandra Martin,5idy8t4b@test.com,Norway,2022-05-27,Basic,41796.97
2584,Daniel Anderson,0bu1iady@company.com,China,2022-09-27,Standard,41906.9
2585,Sarah Davis,ji934qpv@gmail.com,UK,2023-09-23,Standard,25147.96
2586,Betty Brown,4nix4r5b@gmail.com,Spain,2022-08-28,Premium,4222.06
2587,Linda Taylor,louqx0mu@mail.com,Brazil,2020-03-07,Basic,17570.02
2588,Barbara Taylor,cj0osoh5@outlook.com,China,2020-06-06,Standard,47001.41
2589,William Williams,v5by0632@outlook.com,Switzerland,2022-11-16,Basic,44607.79
2590,Mary Taylor,990bsh1f@yahoo.com,Netherlands,2023-04-08,Standard,30173.52
2591,Donna Brown,25h8gorm@example.com,Sweden,2024-10-09,Standard,47149.46
2592,Sandra Jones,pyz8jg2r@test.com,Spain,2020-10-21,Premium,15845.86
2593,Kimberly Davis,z5g2ylfv@outlook.com,Canada,2022-06-18,Basic,11999.15
2594,Steven Rodriguez,exqwwfb4@mail.com,France,2023-09-20,Standard,11388.63
2595,James Edwards,1ny0tr2z@example.com,Australia,2021-08-27,Basic,39206.76
2596,Kimberly Miller,qmfswpy6@outlook.com,France,2020-06-23,Premium,16098.92
2597,William White,5cxbbln1@gmail.com,Germany,2024-11-13,Standard,20309.78
2598,Karen Taylor,33z5gf0g@outlook.com,Canada,2023-02-16,Standard,39289.07
2599,Emily Thompson,lz2c11uh@yahoo.com,Italy,2022-09-10,Premium,49200.64
2600,Matthew Moore,58hwe8e3@outlook.com,France,2022-02-08,Basic,2798.83
2601,James Martin,9vqnwcqt@company.com,Norway,2023-02-19,Premium,27061.58
2602,Joseph Anderson,w9p0ieih@gmail.com,Japan,2023-03-23,Standard,19844.86
2603,Nancy Roberts,nlpr9a67@mail.com,Sweden,2022-11-28,Premium,42717.41
2604,Charles Moore,0y2atgxi@mail.com,Canada,2024-07-08,Premium,36485.08
2605,Andrew Rodriguez,rvtfmrmq@mail.com,South Korea,2024-04-26,Standard,5105.71
2606,Sarah Miller,0qaoyrxx@email.com,Spain,2024-04-16,Premium,4621.47
2607,Michael Harris,pdd8l0ai@example.com,UK,2024-09-18,Premium,12856.12
2608,Patricia Davis,rw9a8rwh@email.com,UK,2024-07-18,Basic,29077.42
2609,Patricia Collins,a9ner3o3@test.com,China,2020-09-17,Standard,21636.79
2610,Karen Reeves,rf57cple@gmail.com,India,2024-01-07,Premium,19291.04
2611,Mark Martin,we3960bm@gmail.com,Italy,2021-10-04,Basic,48767.65
2612,Daniel Smith,7tu124t2@company.com,Japan,2021-10-21,Standard,16399.43
2613,Mark Martin,ztc0j9bl@gmail.com,Brazil,2020-06-22,Standard,46169.71
2614,Daniel Wilson,r9a2b0x2@example.com,Canada,2020-02-19,Premium,11281.43
2615,Charles Edwards,wkb0tnru@company.com,Japan,2022-06-06,Standard,15535.53
2616,Charles Smith,9a6bko4j@test.com,Australia,2022-12-18,Premium,14854.97
2617,Andrew Perez,pgok6ufk@email.com,France,2021-10-09,Standard,21160.39
2618,Jennifer Miller,tzv0dsg6@email.com,Brazil,2020-12-28,Basic,32927.97
2619,Patricia Moore,ynlaima5@yahoo.com,Switzerland,2021-06-09,Premium,31634.48
2620,Karen Thomas,8r1zng13@gmail.com,Italy,2024-05-10,Premium,35059.37
2621,Linda Jackson,qqflnojk@email.com,South Korea,2021-08-02,Standard,38077.89
2622,Paul Martin,6gydxis1@yahoo.com,Italy,2024-11-04,Standard,31672.48
2623,Karen Martin,ykrz3fu0@mail.com,Mexico,2024-01-09,Standard,45780.88
2624,Nancy Taylor,6ul6ulm1@company.com,Australia,2021-04-25,Basic,7817.89
2625,Christopher Moore,02ra81rx@test.com,South Korea,2024-07-02,Standard,42699.66
2626,Steven Reeves,htljfedt@yahoo.com,South Korea,2020-09-16,Basic,28625.33
2627,Nancy Anderson,pqp81yce@example.com,Brazil,2020-12-01,Standard,41946.33
2628,David Hernandez,uxhq5r7a@mail.com,South Korea,2024-03-20,Standard,15996.09
2629,Linda Smith,w4p220x3@email.com,Switzerland,2020-04-05,Basic,15220.25
2630,Karen Perez,q879jmq4@gmail.com,France,2022-01-17,Basic,1011.76
2631,Jennifer Lopez,nkwb3wwt@test.com,India,2020-09-27,Standard,19533.19
2632,Jessica Thomas,j67tm0zx@email.com,South Korea,2021-03-07,Premium,41420.96
2633,Karen Garcia,a6m9682y@outlook.com,Switzerland,2024-02-11,Standard,6623.98
2634,Barbara Thomas,olsuczuj@outlook.com,South Korea,2024-07-31,Standard,1240.25
2635,Donald Reeves,pvbw2p5j@outlook.com,China,2021-02-06,Basic,18081.9
2636,Patricia Thomas,vodmr5qs@outlook.com,Japan,2022-10-02,Premium,21061.75
2637,Christopher Jackson,9vo8pm4y@outlook.com,India,2023-05-28,Premium,17279.0
2638,William Gonzalez,vmwtrshr@gmail.com,USA,2022-12-08,Premium,9914.16
2639,Nancy Roberts,0ah1kg9u@outlook.com,Japan,2023-06-30,Standard,4973.69
2640,James Williams,zyw6weyu@company.com,South Korea,2021-06-22,Premium,12439.14
2641,William Moore,fqvdpmm9@outlook.com,USA,2024-07-16,Premium,41337.34
2642,Patricia Lopez,vnppufu7@example.com,Norway,2023-10-15,Premium,36078.44
2643,Matthew Collins,5095tkiz@example.com,China,2023-07-09,Basic,31532.87
2644,Daniel Johnson,0a9gq2yc@test.com,Spain,2024-07-25,Premium,20111.45
2645,Matthew Johnson,8lhpwf5x@company.com,Sweden,2021-05-18,Basic,23346.06
2646,Margaret Moore,z1r505s3@yahoo.com,Germany,2024-10-17,Basic,48379.4
2647,Mark Garcia,srrt7dkp@outlook.com,Australia,2024-11-08,Basic,47864.17
2648,John Hernandez,g0dlhxba@gmail.com,Japan,2020-06-07,Basic,44801.26
2649,Ashley Perez,dcv2iyq9@outlook.com,South Korea,2022-01-16,Standard,26502.54
2650,William Martinez,whmbun6x@gmail.com,UK,2024-01-13,Standard,25606.75
2651,Betty Gonzalez,pi53ry0z@test.com,Japan,2023-03-07,Premium,4704.55
2652,Mark Lopez,oarigd79@test.com,Spain,2022-07-17,Premium,11878.81
2653,Steven Perez,wb45d5kg@outlook.com,Mexico,2024-08-20,Basic,30867.37
2654,Richard Reeves,58yj9ohn@company.com,South Korea,2022-04-05,Premium,8636.43
2655,Daniel Edwards,d8itbjqc@gmail.com,Canada,2021-09-12,Standard,2724.32
2656,Daniel Martin,ice7w683@email.com,Canada,2024-08-27,Premium,24147.76
2657,Joseph Perez,5529rrpb@mail.com,Japan,2022-10-25,Standard,18863.6
2658,Daniel Thomas,m4gl51n5@email.com,UK,2024-05-17,Basic,38028.07
2659,Lisa Edwards,jdsrr2ku@yahoo.com,Australia,2020-04-23,Standard,48229.03
2660,Mary Williams,uy5mruo0@email.com,India,2024-12-22,Premium,13206.39
2661,Christopher Williams,66ke9jfo@gmail.com,Sweden,2023-01-08,Premium,35028.89
2662,Robert Williams,lepso1gs@test.com,Canada,2021-08-23,Premium,12813.85
2663,Donald Martin,usk57qnt@test.com,USA,2020-03-31,Standard,26790.25
2664,Charles Davis,puf7vxqo@yahoo.com,Canada,2021-10-02,Standard,6162.8
2665,Ashley Perez,db2pc3q1@yahoo.com,Norway,2024-12-08,Premium,371.67
2666,Mark Reeves,rjs9nptp@test.com,Switzerland,2024-06-24,Premium,21730.08
2667,Kimberly Brown,yvf3tive@example.com,USA,2023-07-24,Basic,39797.97
2668,Linda Lopez,f80wth8q@company.com,Canada,2022-12-08,Basic,28854.02
2669,Richard White,1mvjkq5o@gmail.com,Mexico,2020-12-27,Basic,38732.99
2670,Lisa Thompson,oeto04tf@test.com,Canada,2024-06-10,Premium,42510.14
2671,Richard Harris,bxzqinmm@yahoo.com,India,2020-09-09,Standard,21961.77
2672,John Thompson,czfu58to@example.com,Australia,2024-10-18,Premium,6724.41
2673,Betty Davis,9nr73wg5@mail.com,Canada,2024-07-06,Basic,49709.08
2674,Mary Gonzalez,wap2qh8x@test.com,UK,2024-07-31,Basic,45746.9
2675,Christopher Collins,ecbaots9@example.com,Italy,2020-02-25,Premium,13905.0
2676,Patricia Davis,zlxozv4w@gmail.com,Australia,2021-07-19,Basic,43123.93
2677,Sarah Thomas,n2kqvb3l@example.com,Canada,2021-06-22,Standard,836.33
2678,Kimberly Lee,ta4pn9a7@gmail.com,India,2023-07-15,Premium,44865.57
2679,Linda Collins,w7lrkht1@company.com,Germany,2022-09-19,Standard,1315.65
2680,Richard Taylor,flaflgnf@mail.com,Mexico,2021-10-16,Standard,44928.39
2681,Linda Miller,ljc2tr11@gmail.com,Brazil,2020-09-07,Premium,49170.96
2682,Linda Collins,tjsmdke8@gmail.com,Switzerland,2021-06-12,Basic,46258.86
2683,Karen Martin,9cpv4h1r@outlook.com,Australia,2023-02-24,Basic,44675.15
2684,Charles Anderson,iqwb7ygh@gmail.com,Australia,2020-04-14,Standard,20697.53
2685,Donald Perez,bck3ervk@yahoo.com,France,2023-08-14,Standard,26806.59
2686,Michael Jackson,hpu5phpy@example.com,Mexico,2023-09-09,Standard,45066.26
2687,Daniel Harris,89k8tebt@mail.com,UK,2021-08-24,Standard,35091.89
2688,William Moore,qtroi91e@gmail.com,Japan,2020-11-14,Premium,12109.74
2689,Thomas Harris,swixn1lv@outlook.com,Switzerland,2020-02-03,Standard,387.81
2690,Nancy Davis,1tpnsq3x@email.com,Canada,2024-02-20,Premium,23259.03
2691,Steven Martin,sppobh9g@gmail.com,Norway,2024-05-05,Basic,48807.46
2692,Barbara Miller,g4ubv9tk@test.com,Canada,2023-07-16,Basic,23388.96
2693,William Taylor,yodux5x6@example.com,Australia,2022-07-31,Basic,46731.78
2694,Susan Taylor,xcp8na16@yahoo.com,Germany,2022-09-23,Basic,2442.79
2695,Richard Lopez,gynsatcq@outlook.com,Germany,2023-07-16,Standard,5133.07
2696,Ashley Martin,phbchuat@mail.com,Japan,2021-06-11,Basic,49305.32
2697,Donna Jackson,b386tgo2@email.com,Netherlands,2024-02-16,Basic,6861.32
2698,Patricia Garcia,dc9ypp0k@mail.com,Switzerland,2023-07-25,Basic,15254.27
2699,Mary Taylor,ru4hs7xm@example.com,Netherlands,2020-08-06,Premium,20971.58
2700,Emily Taylor,rk6m8r8d@test.com,Spain,2024-01-03,Premium,14256.9
2701,Richard Jones,4ynerv8j@example.com,UK,2022-10-14,Basic,8036.59
2702,Thomas Martin,3m5rpbla@test.com,Sweden,2021-07-15,Basic,45783.27
2703,Charles Collins,aepk8fvz@mail.com,South Korea,2021-12-03,Basic,6348.23
2704,Lisa White,4fm2oggv@test.com,Germany,2020-10-04,Basic,21059.17
2705,Karen Johnson,pal1dsp7@example.com,Norway,2022-04-13,Basic,26923.58
2706,Jessica Davis,w24xvofx@company.com,South Korea,2023-08-22,Basic,37008.07
2707,Susan Jackson,opdiorxb@company.com,Spain,2022-10-01,Basic,46310.16
2708,Nancy Roberts,1ffinxb0@outlook.com,South Korea,2022-04-24,Standard,42782.08
2709,Robert Jackson,2cvb6dbd@email.com,Brazil,2024-09-05,Basic,29684.61
2710,Daniel Martinez,mlzbd554@outlook.com,Switzerland,2024-01-29,Standard,43123.56
2711,Richard Perez,36l3exts@test.com,Spain,2020-04-25,Standard,38709.09
2712,Joseph Garcia,d9n1o5bq@email.com,Mexico,2024-11-05,Premium,40706.85
2713,Jennifer Miller,yjxm8og9@email.com,Japan,2021-05-17,Standard,41619.23
2714,Nancy Thompson,ym7y6clg@test.com,Switzerland,2023-10-08,Standard,4068.64
2715,Donald Smith,fnumz98t@test.com,India,2022-01-05,Basic,32001.83
2716,Donna Thomas,7u0c0y5f@outlook.com,Italy,2020-04-11,Premium,20028.38
2717,Karen Martin,i6i8e8qk@company.com,Italy,2021-04-11,Basic,48765.73
2718,Nancy Lopez,ys86y05b@test.com,Netherlands,2020-09-22,Standard,31850.89
2719,Margaret Martin,jwf50sxk@gmail.com,South Korea,2022-07-11,Basic,44904.71
2720,Michael Smith,buukgsui@email.com,Japan,2020-09-25,Premium,6520.97
2721,David Wilson,mmv8b71k@yahoo.com,USA,2021-12-02,Basic,18250.01
2722,Jennifer Lopez,130iymn8@outlook.com,Italy,2021-08-10,Premium,45964.34
2723,Karen Johnson,zqa1oxc0@mail.com,China,2021-05-03,Standard,46654.55
2724,Andrew Martin,264w0hy3@outlook.com,Sweden,2020-11-30,Premium,31895.03
2725,Michael Garcia,owdxcj19@example.com,Netherlands,2023-07-25,Standard,2687.28
2726,Patricia Lopez,4pw8zw7n@example.com,Germany,2022-06-27,Standard,9047.34
2727,Charles Harris,x19emf8r@gmail.com,Japan,2024-02-21,Standard,2100.64
2728,Paul Martin,90xp7rxf@example.com,South Korea,2024-09-07,Premium,19501.27
2729,William Perez,snj53tis@mail.com,Netherlands,2024-01-10,Basic,7765.24
2730,Richard Gonzalez,30ap7dvu@outlook.com,Switzerland,2021-08-04,Standard,42627.91
2731,Andrew Roberts,0rdx0gh9@test.com,Italy,2020-05-25,Basic,10736.89
2732,Nancy Roberts,r65wpdqm@gmail.com,France,2020-08-18,Premium,40108.38
2733,Robert Garcia,rpx1m3s6@test.com,Canada,2024-04-22,Premium,17616.64
2734,David Hernandez,i6bxpdzl@example.com,Switzerland,2024-09-05,Standard,49315.23
2735,Jessica Garcia,0qu3g58k@email.com,Germany,2021-01-01,Standard,45550.31
2736,Steven Hernandez,gc5fj2te@gmail.com,Netherlands,2021-10-27,Standard,30169.33
2737,William Martinez,5kxj2ezn@company.com,India,2023-10-21,Basic,48562.76
2738,John Garcia,wytau731@test.com,Mexico,2024-09-24,Standard,22578.3
2739,Thomas White,wtaqldtm@yahoo.com,USA,2021-01-27,Premium,32686.21
2740,Sandra Anderson,eamdk0o8@yahoo.com,South Korea,2024-07-08,Standard,36437.08
2741,John Perez,adlzi91a@outlook.com,Australia,2023-09-01,Standard,17174.02
2742,John Harris,kn444o05@outlook.com,Switzerland,2022-09-09,Standard,4271.1
2743,Patricia Hernandez,asw22fiw@company.com,South Korea,2024-04-07,Basic,9372.37
2744,Nancy Harris,rapdn3h4@test.com,Italy,2024-09-08,Premium,16166.68
2745,Christopher Garcia,tartw3fh@email.com,UK,2021-12-21,Premium,24002.24
2746,Patricia Wilson,oobp5cuj@yahoo.com,Netherlands,2023-09-07,Basic,32025.29
2747,Steven Anderson,vydukpuw@gmail.com,Norway,2022-08-02,Standard,30832.79
2748,Michael Edwards,fv7hs1tl@test.com,Netherlands,2024-10-05,Basic,27004.01
2749,Paul Brown,jhmotoy9@test.com,Japan,2022-10-25,Premium,46946.74
2750,Thomas Smith,58up6j3v@mail.com,USA,2020-08-24,Premium,42616.09
2751,Jessica Gonzalez,qfxclq08@company.com,USA,2023-01-02,Premium,45324.07
2752,Susan Martinez,1o7x33ei@yahoo.com,South Korea,2024-06-10,Standard,2891.24
2753,Karen White,xx2xnuwq@yahoo.com,Italy,2020-08-29,Basic,41500.96
2754,Michael Lopez,d0znuajp@gmail.com,China,2022-06-04,Basic,15333.27
2755,Charles Johnson,1ytlvijf@yahoo.com,Mexico,2023-06-28,Basic,8110.66
2756,Andrew Martin,bw4pyx3s@company.com,China,2024-10-27,Premium,21502.08
2757,Sandra Edwards,0drqfvfa@test.com,Canada,2023-02-14,Premium,17180.08
2758,Emily Martin,9tkyjxry@mail.com,Switzerland,2020-12-27,Standard,49923.41
2759,Robert Davis,cdc25dmu@email.com,Germany,2024-05-02,Premium,34344.35
2760,Nancy Lee,7pxdj8ms@example.com,Germany,2022-01-13,Premium,29994.28
2761,Robert Williams,a43ijwef@test.com,Switzerland,2020-04-22,Basic,16435.96
2762,Nancy Edwards,ypgw00jy@company.com,Norway,2024-06-01,Premium,4661.03
2763,Emily Lee,aexmojd8@yahoo.com,Spain,2023-06-29,Basic,38164.17
2764,Betty Lopez,3i6hnshr@yahoo.com,Netherlands,2021-10-16,Premium,40808.97
2765,Barbara White,9hkjf0u2@test.com,South Korea,2021-10-29,Standard,8372.45
2766,James Thomas,hiapjy1z@gmail.com,China,2024-05-20,Basic,8617.48
2767,Christopher Johnson,ryfnnmpg@example.com,Netherlands,2020-02-17,Standard,43844.81
2768,Richard Lee,x580nsnt@outlook.com,South Korea,2020-10-21,Premium,46860.29
2769,Jennifer Wilson,9nadhe70@example.com,China,2024-04-19,Premium,41488.62
2770,Christopher Reeves,7rmnzsyh@test.com,Mexico,2021-04-29,Standard,49381.23
2771,Andrew Thomas,ab38lstu@yahoo.com,Germany,2023-12-13,Premium,32770.37
2772,Thomas White,5o3q041r@email.com,Japan,2024-07-09,Standard,16675.54
2773,Richard Lee,ln7ft5hk@email.com,Japan,2023-10-17,Standard,40019.1
2774,David Jackson,u0esqu5n@email.com,Spain,2023-05-24,Basic,13223.36
2775,Michael Johnson,8xtsffn9@email.com,USA,2021-09-18,Basic,9358.5
2776,Paul Lopez,z2dcpgan@mail.com,South Korea,2020-12-26,Standard,31364.79
2777,John Martin,kflttu2a@email.com,USA,2022-12-11,Premium,4678.93
2778,James Anderson,dvg8za2o@gmail.com,Sweden,2023-08-24,Standard,49079.81
2779,Paul Martinez,j1h3eehp@test.com,Switzerland,2024-10-14,Standard,10699.45
2780,Donna Perez,81cvys2i@company.com,Italy,2020-04-05,Basic,49170.34
2781,Kimberly Hernandez,8nzjee1b@test.com,Japan,2022-08-05,Premium,29959.49
2782,Thomas Jones,e8mylacy@yahoo.com,France,2020-05-27,Standard,26438.44
2783,Mark Perez,1lz5rltd@yahoo.com,Norway,2021-10-12,Basic,40614.3
2784,Mary Wilson,h4em5got@yahoo.com,USA,2023-03-23,Standard,11339.81
2785,Robert Smith,93qxgli5@outlook.com,France,2021-02-03,Basic,32651.91
2786,Michael Miller,x8g4xu43@company.com,USA,2020-06-02,Standard,19469.54
2787,John Williams,5io7r6fw@company.com,Brazil,2020-04-09,Basic,35678.89
2788,Donna Smith,p4hy5i8n@yahoo.com,Australia,2023-12-25,Premium,21118.53
2789,Daniel Williams,b4unei5n@yahoo.com,India,2020-07-24,Premium,11144.81
2790,David Smith,vpb5v72k@gmail.com,Switzerland,2021-09-25,Premium,31922.49
2791,Joseph Hernandez,uyoiuinx@mail.com,Switzerland,2021-07-23,Premium,11142.12
2792,William Jackson,lszatdfn@mail.com,Canada,2020-07-08,Basic,15573.0
2793,Emily Davis,xjn82ijw@mail.com,Brazil,2022-11-12,Basic,33808.4
2794,Christopher Gonzalez,4kfddxvf@outlook.com,USA,2020-07-13,Standard,48879.13
2795,William Martin,s7a04erm@test.com,India,2020-09-02,Basic,28960.63
2796,Richard Gonzalez,3qw2kdof@outlook.com,Sweden,2023-07-08,Standard,49581.04
2797,Sandra Lopez,p55u1r8a@gmail.com,Japan,2024-09-27,Basic,48956.07
2798,Jennifer Collins,bi2mknkj@outlook.com,Switzerland,2020-08-23,Basic,45353.26
2799,Mark Martinez,mckum88b@gmail.com,South Korea,2024-01-12,Basic,17569.59
2800,Steven Miller,9p7eqfjo@yahoo.com,Canada,2024-05-23,Basic,1337.75
2801,Emily Garcia,jcsjpkb4@email.com,USA,2022-06-19,Standard,5706.05
2802,Patricia Perez,pgnm6hxg@yahoo.com,Netherlands,2022-05-12,Premium,49698.36
2803,Andrew Smith,6m7rjbn9@test.com,Canada,2021-12-19,Basic,13481.29
2804,Richard Moore,egh1vowd@outlook.com,South Korea,2023-08-27,Basic,48782.48
2805,Sandra Jones,ec4nnz49@email.com,Japan,2022-08-07,Basic,40848.12
2806,John Garcia,lbjm0c55@company.com,Italy,2024-06-14,Basic,29059.42
2807,Barbara Lopez,qau5sefm@mail.com,UK,2021-05-28,Premium,26482.76
2808,Barbara Hernandez,yfi7y01m@yahoo.com,Norway,2024-04-10,Premium,43068.89
2809,Emily Johnson,2g43154m@gmail.com,South Korea,2022-09-28,Premium,44489.03
2810,Andrew Davis,3i6kdpr2@outlook.com,Mexico,2023-04-06,Basic,6238.65
2811,Mary Hernandez,ardqv9k6@company.com,Brazil,2023-12-18,Standard,1322.5
2812,Sandra Jackson,796iqphx@example.com,UK,2024-04-29,Basic,46295.0
2813,Daniel Martin,2opl6wug@email.com,Italy,2020-12-02,Basic,23845.8
2814,Richard Rodriguez,8rbywcyb@email.com,Australia,2024-04-15,Standard,34193.53
2815,William Reeves,7cig6oxi@test.com,Australia,2024-07-18,Basic,27410.75
2816,Sandra Johnson,73wuqayg@example.com,South Korea,2024-03-14,Premium,22127.69
2817,Jessica Anderson,ibhc9gcm@test.com,UK,2024-07-06,Standard,37505.62
2818,Barbara Wilson,ed9q7gqj@test.com,Italy,2024-02-10,Standard,15670.59
2819,Karen Roberts,872pk69c@yahoo.com,Australia,2022-11-14,Basic,16408.11
2820,Susan Gonzalez,or0a5svi@example.com,Canada,2020-09-12,Standard,27395.69
2821,Betty Thomas,s9dnps86@company.com,Mexico,2022-11-06,Basic,31078.97
2822,David Martinez,kozu2pqj@email.com,Canada,2024-07-20,Basic,22929.82
2823,Sandra Roberts,hjhddqef@example.com,Sweden,2024-03-04,Premium,15345.89
2824,James Lee,i1x2iuxo@test.com,South Korea,2021-06-06,Basic,9327.59
2825,Steven Miller,u9td57re@outlook.com,Switzerland,2024-07-16,Basic,39069.36
2826,William Moore,cmhunsi7@yahoo.com,Spain,2022-03-25,Standard,3266.64
2827,Patricia Lee,isc01qas@company.com,USA,2022-08-24,Premium,20740.5
2828,Charles Taylor,sazidrct@example.com,Netherlands,2023-06-02,Basic,11147.55
2829,Andrew Hernandez,6u791682@test.com,Sweden,2020-07-16,Standard,21342.37
2830,Matthew Davis,vi1v0i8g@test.com,Germany,2023-07-19,Standard,40729.56
2831,Donald Jones,4dp632f9@email.com,Switzerland,2023-02-05,Premium,3319.44
2832,Karen Gonzalez,r9j94u9j@test.com,UK,2024-12-21,Premium,1953.7
2833,Donna Miller,1etllg3t@email.com,Mexico,2022-09-09,Premium,40168.92
2834,David Perez,q8ao1wxl@yahoo.com,Italy,2022-04-14,Basic,28493.65
2835,Patricia Wilson,mrcotx8o@example.com,Italy,2022-09-01,Basic,41731.66
2836,Betty Wilson,26smmqz6@mail.com,France,2023-11-10,Basic,13901.09
2837,Lisa Taylor,ic97szpl@outlook.com,Spain,2024-04-02,Basic,44345.75
2838,John Johnson,kjlg3oxf@test.com,Sweden,2020-12-20,Basic,16710.04
2839,Donna Moore,66108po1@company.com,USA,2021-04-01,Basic,49642.59
2840,Mary Martinez,hjwp6ta0@mail.com,India,2024-10-24,Premium,857.47
2841,Donald Thompson,4wv7ar0s@example.com,Mexico,2021-04-26,Premium,31161.84
2842,Robert Garcia,y2vg6c7n@mail.com,Brazil,2021-10-16,Standard,15133.9
2843,John Miller,wt9yxy12@email.com,Canada,2024-11-19,Standard,49537.54
2844,Steven Miller,sw8kbo20@email.com,UK,2022-04-15,Basic,43088.46
2845,Lisa Miller,9po2fknv@yahoo.com,Sweden,2020-06-22,Standard,10724.82
2846,John Edwards,wqq4noau@company.com,Germany,2022-05-05,Premium,18698.82
2847,Sarah Edwards,sfwvvpo0@yahoo.com,Sweden,2022-08-12,Standard,25924.67
2848,Robert Martinez,dxg97sjd@email.com,UK,2023-02-28,Premium,43342.28
2849,Patricia Edwards,fx6haxkh@yahoo.com,Germany,2020-06-22,Premium,13806.43
2850,Daniel Hernandez,3vv7rmn4@test.com,France,2021-05-26,Premium,19141.34
2851,Jessica Wilson,m59pcyd2@company.com,UK,2021-04-28,Standard,24335.53
2852,Steven Gonzalez,9v2xx0ze@email.com,Switzerland,2021-03-22,Standard,4070.3
2853,Donald Thomas,l2uee4lj@gmail.com,Germany,2023-01-07,Basic,31266.52
2854,Karen Collins,ku0e4qu8@example.com,Australia,2022-03-03,Standard,13549.85
2855,Andrew Taylor,ps9o5srp@yahoo.com,China,2020-09-07,Basic,34665.8
2856,Daniel Jackson,b0wvy2jk@test.com,Canada,2022-07-16,Premium,18178.83
2857,Karen Hernandez,0rocmqxt@company.com,Canada,2022-07-23,Standard,49009.12
2858,Sarah Martin,ej2it97b@mail.com,South Korea,2022-12-07,Basic,30504.63
2859,Linda White,6uxtrazm@yahoo.com,Spain,2023-03-25,Basic,33650.11
2860,Jessica Roberts,2w9o8479@test.com,China,2024-05-02,Basic,40514.51
2861,Sarah Williams,1rrsgop1@email.com,Mexico,2022-04-06,Premium,39796.99
2862,Donna Gonzalez,hti7f2ey@email.com,China,2020-02-25,Basic,12717.95
2863,Margaret Lopez,3jrbloj8@example.com,Japan,2023-02-27,Basic,16890.58
2864,William Brown,dqg6x4z5@example.com,Japan,2022-11-05,Premium,26678.5
2865,Mary Perez,yfainawo@email.com,South Korea,2023-05-11,Premium,2013.55
2866,Jennifer Martin,ghd6ek86@yahoo.com,India,2023-07-29,Standard,16420.0
2867,Karen Harris,2qs9d3r3@example.com,Italy,2021-04-08,Premium,41465.35
2868,Sandra Roberts,w6atjlon@email.com,Germany,2024-12-15,Basic,42077.51
2869,Betty Johnson,0kaclw79@example.com,Germany,2023-07-31,Standard,18493.23
2870,David Miller,j9n6npc3@gmail.com,Italy,2024-04-07,Basic,14094.28
2871,Donald Anderson,ypkb571w@yahoo.com,China,2023-10-23,Premium,41385.0
2872,Jessica Hernandez,5x3mz3e9@email.com,USA,2022-10-13,Basic,49488.07
2873,Jennifer Roberts,129kz24i@company.com,Canada,2022-08-06,Basic,13733.13
2874,Jennifer Taylor,5ln55ej1@mail.com,Japan,2022-05-05,Basic,17630.94
2875,David Johnson,oawpd8z1@test.com,Spain,2023-08-02,Standard,7861.17
2876,Sarah Perez,aetni12j@outlook.com,Norway,2020-02-03,Basic,16088.81
2877,Mary Johnson,vf61dm78@test.com,Italy,2020-01-31,Standard,34258.56
2878,Mary Edwards,b1w1hgw5@outlook.com,USA,2021-11-08,Basic,18278.83
2879,Betty Harris,m7935krn@mail.com,Netherlands,2023-01-23,Basic,11060.05
2880,Thomas Martin,iukcum8s@mail.com,Netherlands,2023-01-25,Standard,26584.67
2881,Susan Perez,57a4mg5s@test.com,Sweden,2021-02-10,Premium,34137.72
2882,Michael Moore,vpnx4yk1@gmail.com,Netherlands,2024-03-23,Standard,17139.48
2883,Donald Garcia,yynq66q7@test.com,Brazil,2022-12-01,Standard,41144.5
2884,Patricia Perez,u5xbm96b@email.com,Canada,2024-12-20,Standard,49045.53
2885,Jessica Jackson,aojtrrwb@company.com,Japan,2024-08-15,Standard,750.23
2886,Steven Davis,wuctwyeg@example.com,Australia,2022-09-27,Premium,30560.16
2887,Michael Martin,o2jep91o@email.com,Japan,2022-09-17,Premium,49551.46
2888,Kimberly Harris,umppezai@example.com,USA,2023-08-27,Premium,3854.24
2889,John Williams,wsgl97c8@company.com,Mexico,2024-07-11,Basic,19220.92
2890,John Harris,zhbn2f4i@email.com,Switzerland,2020-10-14,Premium,6622.1
2891,Nancy Gonzalez,4jken2cq@example.com,Switzerland,2022-07-17,Basic,26628.54
2892,Richard Williams,jtbq3axq@gmail.com,UK,2023-09-04,Premium,22859.4
2893,Matthew Thompson,oq5plwqn@gmail.com,Italy,2024-07-07,Basic,11323.45
2894,Ashley Edwards,0w171794@gmail.com,Spain,2024-02-29,Standard,26509.76
2895,Andrew Harris,4lhbalhj@example.com,USA,2021-06-24,Basic,40909.57
2896,Susan Smith,24af8qmq@example.com,South Korea,2024-07-06,Standard,39516.12
2897,Jennifer Wilson,hfcq33wb@mail.com,Sweden,2020-12-01,Premium,23787.53
2898,Susan Gonzalez,8y5t620j@gmail.com,Norway,2024-12-25,Basic,25824.59
2899,Sandra Collins,zd1skzio@mail.com,Netherlands,2022-09-17,Premium,4728.52
2900,David Anderson,dodu6845@email.com,South Korea,2021-04-22,Standard,6521.9
2901,Lisa Brown,7r3qcqao@email.com,Sweden,2023-08-13,Standard,13777.22
2902,Nancy Jones,k5mvltmw@company.com,Germany,2021-12-03,Premium,15943.67
2903,Mark Reeves,nuuzz3h3@mail.com,Mexico,2022-03-05,Basic,45035.49
2904,Robert Davis,09xx0bj0@mail.com,Canada,2023-10-22,Standard,39821.49
2905,Michael Lopez,x1w80wii@company.com,Switzerland,2022-10-03,Premium,16905.77
2906,Donald Williams,zn8vzywi@company.com,Mexico,2022-03-16,Premium,46211.05
2907,Mary Wilson,g0slzob3@example.com,USA,2023-03-25,Basic,2993.46
2908,Jennifer Lee,sjh3hipc@test.com,Netherlands,2023-06-14,Basic,45965.02
2909,Sarah Martinez,rkzdpndt@company.com,Italy,2020-02-12,Basic,20413.1
2910,Kimberly Martinez,exft0saz@outlook.com,India,2020-08-01,Standard,33633.68
2911,Donna Harris,vumsffrh@yahoo.com,Germany,2021-11-22,Basic,4899.24
2912,Donna Reeves,q9ia2w90@company.com,Netherlands,2022-05-21,Standard,35779.82
2913,David Martinez,ovsl1ogr@yahoo.com,Netherlands,2020-08-01,Premium,18641.18
2914,Barbara Lee,tlxbwlwm@test.com,Japan,2023-10-30,Standard,35490.38
2915,Robert Thomas,olqkixeq@gmail.com,Switzerland,2023-01-02,Premium,9905.73
2916,Christopher Moore,g727nk81@yahoo.com,Australia,2024-11-22,Premium,33201.64
2917,Betty Perez,idp3ldjd@yahoo.com,Canada,2023-09-01,Premium,14715.77
2918,Ashley Edwards,ixycgu3i@mail.com,Sweden,2021-05-27,Standard,28046.67
2919,James White,dqc59z6n@mail.com,Spain,2024-08-21,Basic,324.29
2920,William White,qju7asxb@outlook.com,Germany,2023-03-05,Basic,2331.74
2921,Margaret Rodriguez,3v1l0bzi@email.com,Japan,2021-10-21,Premium,41089.22
2922,Daniel Moore,qeagtnp9@gmail.com,USA,2023-02-09,Premium,18316.29
2923,Andrew Smith,yestazal@example.com,Netherlands,2023-01-06,Premium,27353.12
2924,Margaret Edwards,srf04f69@gmail.com,Netherlands,2020-05-24,Premium,49253.8
2925,Andrew Williams,6p07hzq8@email.com,Germany,2020-08-19,Standard,13528.79
2926,Matthew Edwards,9cuuq4ye@outlook.com,Germany,2024-08-30,Basic,29758.18
2927,Barbara White,uht4lg5h@test.com,Japan,2023-06-15,Standard,17622.26
2928,Jennifer Johnson,v107m4sq@outlook.com,Sweden,2023-08-23,Premium,13200.97
2929,Jessica Lee,sv5cvm8t@mail.com,Spain,2020-02-07,Basic,31848.64
2930,Donald Williams,jvyc2y3v@yahoo.com,South Korea,2022-08-16,Basic,16454.53
2931,Richard Lee,bq2syyj4@yahoo.com,Mexico,2023-02-25,Basic,47924.18
2932,Steven Lee,fk2k0jj4@outlook.com,South Korea,2021-01-11,Basic,45574.66
2933,Emily Gonzalez,mta5x93u@gmail.com,Brazil,2022-07-24,Premium,4108.65
2934,Kimberly Martinez,58x9qyxw@mail.com,Brazil,2024-08-04,Basic,37993.34
2935,Donald Taylor,ayj30amx@yahoo.com,France,2024-05-17,Premium,19070.99
2936,Barbara Rodriguez,zkxy2ya9@mail.com,UK,2023-03-17,Basic,2085.34
2937,Mark Collins,fy2b73rr@outlook.com,China,2022-12-26,Standard,24271.45
2938,Ashley Gonzalez,i6byhpyv@yahoo.com,Canada,2020-03-16,Basic,34570.58
2939,Donald Davis,jqwys36e@outlook.com,Germany,2021-02-02,Premium,15869.97
2940,Steven Collins,mi939117@test.com,Australia,2021-12-05,Standard,18059.99
2941,Matthew Lopez,esu75m0p@email.com,Japan,2022-10-22,Standard,26304.65
2942,Margaret Martinez,5sebbmjx@mail.com,Italy,2021-05-03,Standard,22291.72
2943,Paul Lopez,ejwska3y@company.com,Brazil,2020-03-13,Standard,33351.29
2944,John Miller,1rp6x4sv@yahoo.com,Spain,2022-12-31,Basic,22099.62
2945,Betty Lee,wlkgsdg5@outlook.com,China,2020-06-05,Basic,33419.89
2946,Ashley Edwards,8qds4znz@test.com,China,2024-08-02,Premium,19013.04
2947,Charles Moore,wavlfdjy@company.com,Switzerland,2021-06-01,Basic,10354.15
2948,Nancy Thompson,rzsuzpo0@test.com,Netherlands,2022-02-23,Standard,48382.32
2949,Daniel Taylor,ytg2ol06@test.com,Canada,2023-08-04,Premium,42991.09
2950,Joseph White,c9al4kfw@company.com,India,2023-06-26,Standard,26933.84
2951,Mark Wilson,un5dgsir@example.com,Netherlands,2024-11-10,Premium,5548.86
2952,Emily Harris,ym7d019l@outlook.com,Spain,2020-12-27,Standard,34682.52
2953,Patricia Martin,gm4cdngz@company.com,Spain,2021-11-12,Premium,45529.0
2954,Christopher Martin,e3hrbhqw@gmail.com,France,2022-12-10,Basic,3805.94
2955,John Smith,24n3jhya@email.com,Spain,2021-05-18,Basic,18395.35
2956,Karen Williams,zwvt7bgf@mail.com,Mexico,2021-07-04,Basic,32027.46
2957,Thomas Lopez,4dehnsb0@company.com,Norway,2022-01-14,Premium,19484.15
2958,Barbara Roberts,0ikq5j67@mail.com,Italy,2020-04-03,Standard,44754.0
2959,Linda Davis,wantvr4f@company.com,Canada,2022-11-03,Standard,1884.46
2960,Betty Wilson,u69im8os@yahoo.com,Sweden,2024-04-26,Premium,27871.54
2961,Jessica Martin,uptoubmm@example.com,Spain,2022-12-10,Premium,23096.39
2962,David Gonzalez,wayaj5nd@mail.com,USA,2021-11-13,Standard,34002.44
2963,Margaret Lopez,2s1w0xl7@test.com,France,2020-12-01,Premium,8545.08
2964,Susan Johnson,jaoyu534@test.com,UK,2024-02-22,Premium,19151.9
2965,Sarah Hernandez,v12dkz49@outlook.com,Norway,2022-03-25,Premium,6765.46
2966,Barbara Miller,fo48ea1w@mail.com,China,2020-10-06,Premium,13136.26
2967,Barbara Garcia,kaiezade@outlook.com,Norway,2023-09-12,Basic,8139.68
2968,Sarah Hernandez,cvrd7m1v@email.com,UK,2023-07-26,Standard,49871.33
2969,Susan Jackson,k0sornc1@test.com,Netherlands,2023-04-02,Standard,10854.99
2970,Michael Collins,jtaqvo6i@gmail.com,France,2022-09-20,Premium,45503.87
2971,Lisa Wilson,q0pr72pv@company.com,India,2024-07-20,Basic,33458.69
2972,Steven Harris,qqt0ygsc@email.com,Germany,2023-05-01,Premium,8371.12
2973,Richard Taylor,4hzcs7gf@mail.com,USA,2022-02-27,Premium,24318.74
2974,Mary Thompson,uz73bzdk@yahoo.com,Germany,2021-09-29,Standard,46229.66
2975,Susan Jackson,9jnpaxxh@example.com,Brazil,2020-03-11,Standard,20807.66
2976,Richard Harris,8yh8kmhm@example.com,Spain,2024-01-05,Basic,22394.31
2977,Betty Perez,w03vm1u0@mail.com,Norway,2022-09-14,Standard,28562.08
2978,Patricia Taylor,zg3ri0ya@test.com,USA,2023-02-19,Standard,43711.43
2979,Michael Moore,p3skykz1@outlook.com,UK,2021-07-04,Basic,12555.67
2980,Betty Lee,nnu1uxf4@gmail.com,Germany,2021-11-12,Premium,33906.62
2981,Betty Perez,2yjw20c1@mail.com,Brazil,2024-02-22,Standard,8979.17
2982,Nancy Williams,fxq6s273@gmail.com,India,2023-03-10,Standard,15180.64
2983,Robert Davis,h3gk119f@email.com,India,2021-07-08,Basic,36651.92
2984,David Wilson,wkh5z649@example.com,Switzerland,2020-05-25,Standard,7552.92
2985,Karen Miller,2bcy7txb@mail.com,Italy,2024-01-28,Premium,37397.27
2986,Susan Garcia,9f4ovktc@test.com,Australia,2021-08-17,Standard,8249.95
2987,Donald Lee,7iqxbs00@gmail.com,UK,2020-10-03,Standard,49977.17
2988,Christopher Taylor,1nvkeesl@gmail.com,USA,2021-07-26,Standard,29250.21
2989,Patricia White,80pzy037@outlook.com,USA,2021-08-03,Basic,30087.38
2990,Mary Harris,8k5dcqyj@example.com,Mexico,2020-02-29,Standard,18586.37
2991,James Miller,d0stbo1q@mail.com,UK,2021-07-01,Premium,13317.46
2992,Thomas Lopez,7lamjeqb@outlook.com,Mexico,2021-12-02,Premium,27040.16
2993,Linda Jones,8eczg04j@mail.com,Spain,2021-06-23,Premium,1884.49
2994,William Lee,48ajzr8m@yahoo.com,Canada,2022-10-14,Premium,25013.21
2995,Michael Garcia,fplbxl30@company.com,USA,2023-01-28,Basic,21904.09
2996,Robert Martin,vye1iiby@example.com,Mexico,2024-09-02,Basic,49156.75
2997,Karen Thompson,c3wsfzw7@yahoo.com,France,2023-09-17,Basic,42280.75
2998,Susan Taylor,s4lcz5jf@mail.com,Japan,2023-07-26,Premium,14962.87
2999,Lisa Roberts,bojgi7pv@email.com,South Korea,2021-07-24,Basic,3221.34
3000,Jennifer Johnson,m8gxe5fj@gmail.com,South Korea,2022-10-06,Standard,24934.56
3001,Emily Davis,xqsaaye8@example.com,Brazil,2020-06-19,Basic,34761.31
3002,Thomas Miller,0dmubgip@yahoo.com,Australia,2023-08-09,Premium,905.96
3003,Mark Roberts,9f3lefx5@gmail.com,Norway,2024-11-03,Standard,47560.15
3004,Sandra Thompson,dd8taiau@test.com,Australia,2022-09-17,Premium,37894.75
3005,Mary Thompson,ti2huxmo@email.com,Switzerland,2022-05-26,Premium,39623.04
3006,Lisa Lopez,axxm7ybh@email.com,Germany,2022-01-08,Premium,34622.87
3007,Paul Roberts,b9867lcu@company.com,Mexico,2024-09-24,Premium,13136.34
3008,Donald Williams,onzv1v8p@yahoo.com,UK,2024-04-10,Basic,25287.19
3009,Nancy Martin,5hrjae8q@company.com,Mexico,2020-08-31,Standard,21829.13
3010,Lisa Lopez,ayybgrxh@yahoo.com,India,2024-08-03,Standard,17785.35
3011,David Collins,glziubhu@example.com,South Korea,2022-10-12,Standard,27805.25
3012,Mark Edwards,mo841lcl@company.com,Switzerland,2021-08-05,Premium,29962.99
3013,David Thomas,adct1zht@gmail.com,UK,2020-01-07,Premium,31737.23
3014,James Taylor,fi63ovwu@mail.com,Switzerland,2023-12-13,Basic,26784.95
3015,Matthew Jones,5ourol6b@example.com,China,2024-03-05,Basic,35333.98
3016,Margaret Harris,c8fy9y5e@yahoo.com,USA,2021-11-28,Standard,39048.08
3017,Robert Garcia,0a4sk2ml@outlook.com,Mexico,2023-12-19,Basic,29428.82
3018,John Moore,soj9uhgv@company.com,Brazil,2021-01-24,Basic,48173.13
3019,Andrew Johnson,gtuo2kj0@example.com,Netherlands,2021-04-19,Standard,38579.73
3020,Robert Martin,8clm2qlo@example.com,UK,2022-12-18,Basic,10969.07
3021,Charles Garcia,zaf7fr7m@example.com,China,2022-03-29,Basic,47530.31
3022,Jennifer Hernandez,c98e3r03@email.com,Canada,2020-06-30,Premium,18966.91
3023,Sandra Edwards,l5qyzenp@outlook.com,Spain,2023-02-14,Standard,12602.09
3024,Robert Lee,xzwaiuos@example.com,Japan,2022-02-11,Standard,30173.39
3025,Mary Taylor,ejvobvol@example.com,Germany,2023-11-08,Basic,35512.78
3026,Thomas Edwards,cxhrqv9w@company.com,Sweden,2023-11-26,Standard,25867.65
3027,Mary Williams,ms126i93@yahoo.com,Germany,2023-05-26,Basic,7533.48
3028,Charles Lopez,jdh2udx1@company.com,France,2024-12-14,Standard,1279.39
3029,Nancy Davis,se3v3czb@email.com,Netherlands,2022-07-03,Standard,16769.04
3030,Robert Thompson,l8l24w3z@example.com,Australia,2024-10-24,Standard,10528.02
3031,John Williams,j8qdm330@outlook.com,India,2022-06-13,Standard,35468.27
3032,Karen Taylor,52y8jikm@test.com,Sweden,2020-11-27,Basic,22535.11
3033,Betty Martin,rh1c5ocy@yahoo.com,Australia,2021-09-19,Premium,44917.9
3034,Patricia Johnson,3vly26y7@email.com,France,2022-07-02,Basic,12545.37
3035,Donna Thomas,rnjek91k@yahoo.com,Spain,2022-07-14,Standard,32968.71
3036,James Thompson,exf32xpm@example.com,Australia,2022-09-07,Standard,19485.81
3037,Ashley Lopez,1m3a2v81@example.com,Netherlands,2022-01-09,Basic,17965.74
3038,Sarah Gonzalez,xwgy4jbj@company.com,Switzerland,2024-11-07,Standard,17966.74
3039,Joseph Martin,x14a80q1@outlook.com,Netherlands,2020-05-07,Standard,42895.51
3040,Paul Moore,l05sc51s@company.com,Japan,2021-04-05,Premium,6659.54
3041,Ashley Collins,ztl5gkf6@company.com,Norway,2024-04-15,Premium,15147.01
3042,Sandra Taylor,sz6w8wbz@email.com,Spain,2024-12-24,Standard,46910.95
3043,Susan Thomas,fpqeqqr7@yahoo.com,India,2024-12-26,Standard,6217.44
3044,Margaret Garcia,crnrd00h@company.com,USA,2023-12-01,Basic,49069.79
3045,Michael Jackson,yep5zply@email.com,Norway,2022-12-06,Basic,28901.4
3046,Sandra Thomas,5o7celuw@outlook.com,France,2021-06-11,Standard,20300.46
3047,Donna Wilson,p9qopwsu@test.com,France,2021-11-14,Standard,26885.16
3048,Susan Miller,89vb92g1@example.com,Netherlands,2021-05-04,Standard,17121.8
3049,David Martinez,r518ml94@yahoo.com,Norway,2020-08-19,Basic,16729.04
3050,Mark Williams,28qaqx9v@yahoo.com,Spain,2020-07-18,Standard,45097.0
3051,Nancy Hernandez,ihokm948@example.com,Italy,2023-11-23,Basic,37392.7
3052,Susan Roberts,0bf8zq1v@company.com,Brazil,2024-10-04,Basic,38171.9
3053,Mark Thomas,bd2apxet@outlook.com,Canada,2020-05-17,Standard,40100.45
3054,Jessica Hernandez,ln6goqsy@example.com,South Korea,2022-10-22,Standard,11840.11
3055,Nancy White,llu5bo81@email.com,Netherlands,2024-04-08,Premium,28270.4
3056,Mary Gonzalez,32j5ufvf@yahoo.com,Mexico,2023-06-11,Premium,13391.18
3057,Charles Miller,x2mpxtgu@example.com,Sweden,2022-09-10,Premium,43755.13
3058,William Brown,7hfvsv3v@gmail.com,UK,2022-01-25,Premium,39072.19
3059,Betty Martin,mk9cu109@gmail.com,Italy,2020-03-19,Standard,36396.94
3060,Mary Smith,5l9jpa21@yahoo.com,Japan,2021-03-08,Premium,20872.73
3061,Matthew Thomas,jg0d6muw@outlook.com,Mexico,2024-04-02,Basic,23751.41
3062,William Martin,n952b5ik@test.com,South Korea,2021-10-11,Basic,28492.24
3063,Mary Reeves,4nutho69@yahoo.com,South Korea,2024-08-15,Basic,778.25
3064,Jennifer Hernandez,63h0anhk@example.com,Japan,2023-05-29,Standard,10457.94
3065,Patricia Smith,4o8nm292@mail.com,Italy,2021-01-01,Standard,48265.07
3066,Susan Reeves,l9u0u83t@company.com,Switzerland,2020-03-29,Standard,20648.88
3067,Donna Collins,zl9do0fk@mail.com,Netherlands,2024-03-29,Basic,47675.18
3068,Christopher Jones,cxhhdas1@yahoo.com,Australia,2024-07-25,Standard,24930.93
3069,Mary Martin,59f96ls9@gmail.com,Japan,2023-11-24,Premium,30344.75
3070,Barbara Jackson,a9sxvf12@mail.com,Switzerland,2022-11-18,Premium,30476.06
3071,Andrew Johnson,gaqhcb82@email.com,China,2022-11-29,Standard,10342.09
3072,Patricia Anderson,jqt2javy@yahoo.com,Japan,2020-01-30,Standard,2958.97
3073,Michael Moore,dzzc5a8s@mail.com,China,2024-01-31,Basic,5546.88
3074,David White,gj7a0kll@example.com,Australia,2020-10-26,Standard,42109.22
3075,Sandra Williams,jdf8129t@gmail.com,Mexico,2024-09-17,Premium,30646.42
3076,David Jones,lvd3dd4s@example.com,Germany,2021-05-28,Basic,1985.42
3077,Margaret Martin,m17oce3o@company.com,Sweden,2020-06-29,Basic,42281.35
3078,Patricia Smith,cfh9apun@mail.com,Australia,2023-08-25,Standard,45293.62
3079,Susan Davis,tx9gsdik@outlook.com,Germany,2024-06-30,Basic,1229.03
3080,Kimberly Rodriguez,xxlhy4ux@mail.com,Brazil,2020-01-16,Basic,38188.57
3081,Karen Garcia,sctolqga@test.com,Germany,2022-08-14,Standard,47679.44
3082,Linda Johnson,3nc8mq5s@yahoo.com,Brazil,2021-11-26,Standard,4644.68
3083,Nancy Jackson,m9nwjwfd@example.com,France,2023-02-03,Standard,7163.38
3084,Emily Thomas,7yucf6wx@test.com,Germany,2022-02-25,Standard,38769.15
3085,Sarah Martin,jbw4se9d@mail.com,Australia,2020-10-07,Basic,18706.57
3086,Patricia Miller,ce4haecp@company.com,Germany,2020-06-20,Standard,12491.87
3087,Steven Taylor,yy8nxw06@test.com,USA,2023-09-14,Premium,21428.34
3088,Nancy Jackson,qwxw0sqg@email.com,South Korea,2023-08-20,Standard,3985.02
3089,Jessica Lopez,aqpkwqzz@example.com,Spain,2023-03-02,Standard,25350.88
3090,Robert Anderson,ed5rb8mg@gmail.com,UK,2020-05-15,Premium,44229.52
3091,Steven Roberts,3akez70i@outlook.com,Spain,2024-04-13,Basic,4377.08
3092,Nancy Davis,ho9c90wx@company.com,China,2024-12-02,Standard,29152.52
3093,Robert Thomas,evszlcdn@test.com,France,2021-05-06,Basic,3095.44
3094,Joseph Thomas,ex7saoeo@outlook.com,China,2021-11-25,Basic,26932.49
3095,Christopher Harris,nuhckxr5@gmail.com,Brazil,2023-08-16,Basic,23030.12
3096,Michael Williams,63rjlbfr@company.com,Sweden,2023-05-18,Standard,8582.26
3097,Nancy Reeves,ivho8kto@test.com,UK,2020-09-01,Basic,26248.87
3098,Donald Williams,s0zxkqkp@company.com,Brazil,2023-12-05,Premium,23194.35
3099,Sarah Harris,9xxx36do@mail.com,China,2020-09-04,Premium,39577.89
3100,Karen Lee,1wmpq30v@gmail.com,Switzerland,2022-06-24,Basic,2857.96
3101,Nancy Lee,xmh9ch1j@outlook.com,Switzerland,2020-12-18,Standard,29428.76
3102,William Lee,gwmqebn2@outlook.com,India,2024-10-09,Premium,24953.57
3103,Christopher Lee,tpfxlf5j@test.com,China,2020-11-12,Basic,37246.1
3104,Barbara Smith,gbcp6oqn@outlook.com,Canada,2024-08-24,Basic,5432.01
3105,Karen Taylor,qbo8pnbi@outlook.com,UK,2024-02-13,Basic,17189.32
3106,Joseph Perez,gna0b6nw@mail.com,Norway,2022-11-30,Standard,13699.27
3107,Matthew Brown,hj6c6ab5@outlook.com,Canada,2023-01-06,Basic,18827.34
3108,Margaret Martin,bc2f8dnz@test.com,India,2020-09-12,Basic,18877.76
3109,Susan Collins,uasmcj2j@outlook.com,Germany,2020-03-08,Standard,41357.75
3110,Christopher Miller,cy7qfuj7@mail.com,Sweden,2023-03-06,Premium,36720.23
3111,Kimberly Reeves,ktoc19yq@test.com,Spain,2022-10-26,Basic,2961.95
3112,William Williams,3bmyu8tn@outlook.com,France,2021-03-06,Standard,24740.46
3113,Robert Rodriguez,ksbxwjtv@company.com,South Korea,2020-03-11,Standard,42227.48
3114,Richard Wilson,d0nwevhv@test.com,Canada,2020-09-27,Premium,44408.27
3115,Nancy White,n0w0brnb@email.com,Brazil,2021-06-23,Standard,4218.91
3116,Robert Thompson,2hqbwo7b@gmail.com,Spain,2021-10-20,Standard,38947.94
3117,Richard Davis,839jy193@gmail.com,China,2023-01-05,Standard,43628.99
3118,Jennifer Jackson,v6loi5yr@yahoo.com,UK,2020-06-06,Standard,25483.14
3119,Linda Garcia,mzyg8cv7@outlook.com,France,2024-12-07,Basic,7187.4
3120,Matthew Davis,tcp2r7do@test.com,Germany,2020-11-23,Basic,12991.85
3121,Betty Roberts,s395pavh@company.com,Canada,2022-11-18,Premium,36680.65
3122,Joseph Thomas,sowmwgos@email.com,Sweden,2020-02-18,Basic,47233.56
3123,Steven Jackson,nmbb3rnw@email.com,USA,2021-07-29,Standard,43698.85
3124,Barbara Moore,b6qdfe2k@outlook.com,Switzerland,2024-08-22,Basic,11460.71
3125,Susan Lee,fo0skujr@email.com,France,2023-06-04,Premium,36473.83
3126,Sarah Gonzalez,05sflyg6@yahoo.com,Brazil,2023-06-06,Basic,5330.36
3127,Donald Reeves,csvs1vuc@gmail.com,Spain,2021-04-18,Standard,36186.51
3128,Mark Brown,91lerver@outlook.com,Switzerland,2021-01-02,Premium,44792.98
3129,William Perez,lmfbdwu1@outlook.com,Netherlands,2021-06-03,Standard,4920.47
3130,Margaret Hernandez,392ptg83@mail.com,UK,2021-04-05,Premium,29094.97
3131,Sandra Roberts,z883lfuo@company.com,Switzerland,2020-05-14,Basic,4765.74
3132,Jennifer Miller,6eaf0ezt@email.com,India,2022-01-17,Premium,38786.46
3133,Jessica Wilson,uxs928q0@email.com,Brazil,2021-12-28,Basic,30971.26
3134,Michael Martin,n3vo0en9@mail.com,UK,2024-10-01,Standard,11801.38
3135,James Martin,j5jfv4fh@test.com,Netherlands,2022-08-19,Standard,35439.3
3136,Karen Brown,gdgk8dzv@test.com,Spain,2022-11-17,Premium,33440.83
3137,Mary Reeves,ipdlbg7t@mail.com,USA,2022-11-02,Basic,10368.89
3138,Richard Thomas,dkh8dhx0@company.com,Italy,2020-05-14,Basic,22030.85
3139,Michael Martin,ywc9i31j@yahoo.com,Brazil,2024-11-20,Standard,43281.02
3140,Jessica Davis,7w8fkrou@outlook.com,France,2020-03-07,Standard,46159.96
3141,David Jackson,8v0mtb77@mail.com,Netherlands,2020-08-30,Basic,27877.15
3142,William Thompson,ux8pg7vh@company.com,India,2021-05-24,Basic,20969.67
3143,William Miller,hsp2oy4c@yahoo.com,South Korea,2024-08-18,Premium,16004.0
3144,Sarah Davis,qa123ncr@company.com,Switzerland,2020-01-09,Standard,30313.2
3145,Betty Davis,2gqt1kay@test.com,France,2023-05-01,Standard,22370.59
3146,Barbara Edwards,bdpwc1dn@test.com,Norway,2024-12-18,Basic,22668.01
3147,Donna Gonzalez,yrj55vfn@example.com,UK,2022-07-16,Standard,16377.58
3148,James Rodriguez,odezt07b@test.com,France,2024-09-27,Standard,23890.65
3149,Christopher Lopez,p3wude71@mail.com,Australia,2021-02-06,Standard,33893.45
3150,Patricia Miller,sxf1gehw@email.com,Switzerland,2022-11-14,Premium,44712.61
3151,Nancy Miller,7tynu5q1@email.com,Italy,2022-11-15,Standard,25639.53
3152,Margaret Harris,2ufzzjro@email.com,Australia,2020-12-27,Basic,24916.47
3153,Michael Anderson,38p58m1m@example.com,Japan,2022-01-26,Premium,21307.06
3154,Emily Martin,m2ejo2cu@test.com,France,2022-12-02,Standard,16331.02
3155,Karen Jones,qh3w6d6z@company.com,Germany,2020-05-25,Standard,12696.42
3156,Robert Jackson,o4f6t8rb@gmail.com,Brazil,2020-11-21,Basic,33519.76
3157,Kimberly Lee,y92hjqn3@example.com,Canada,2022-07-16,Basic,44088.1
3158,Kimberly Hernandez,cxuox18d@company.com,USA,2022-09-25,Premium,41345.55
3159,Thomas Rodriguez,8onbe0rs@outlook.com,France,2020-04-17,Basic,7262.52
3160,Daniel Williams,1hbgyb2d@test.com,Japan,2023-10-13,Standard,8906.58
3161,Patricia Harris,mnergwj8@test.com,Brazil,2022-09-10,Basic,38522.41
3162,Daniel Gonzalez,7kenh3i6@company.com,South Korea,2021-12-02,Premium,28579.53
3163,Robert Miller,zu2ukhe2@email.com,Japan,2023-09-16,Basic,13221.01
3164,Robert Miller,n0i97err@example.com,Spain,2021-08-06,Basic,34394.74
3165,Thomas Reeves,1w8z6qt3@yahoo.com,Norway,2020-11-22,Premium,40061.94
3166,Mary Collins,pgfhtn9x@yahoo.com,Mexico,2023-09-16,Premium,27246.96
3167,Patricia Brown,7itioura@outlook.com,Brazil,2022-07-10,Basic,44149.34
3168,Sarah Perez,mlx6vym6@test.com,Germany,2022-12-07,Standard,12525.77
3169,Margaret Garcia,lafsjwcc@mail.com,Mexico,2021-06-19,Standard,599.99
3170,Robert Martin,xxwnrsni@mail.com,Italy,2023-03-26,Basic,39131.93
3171,Jennifer Smith,nzihsq8l@example.com,China,2023-01-11,Basic,2718.1
3172,Susan Harris,kosug8nm@mail.com,Germany,2020-02-25,Premium,180.6
3173,Linda Lee,z67yykl4@test.com,France,2020-01-09,Standard,13624.16
3174,Betty Jones,23t8aged@test.com,Netherlands,2021-11-03,Basic,30653.55
3175,David Lopez,10w7tua9@outlook.com,USA,2023-11-16,Standard,5380.78
3176,Patricia Davis,xe1bf1vg@mail.com,Netherlands,2021-10-31,Standard,44242.65
3177,Linda Brown,pqxrv170@example.com,USA,2024-06-19,Premium,8002.2
3178,William Anderson,nptwefkf@example.com,Spain,2021-09-12,Standard,28897.47
3179,Matthew Moore,gwnomfug@mail.com,Canada,2023-04-09,Basic,28384.34
3180,Nancy Williams,1r71phqu@outlook.com,Brazil,2022-05-04,Standard,38505.43
3181,Matthew Moore,plrpmxyr@gmail.com,India,2020-08-28,Basic,20400.99
3182,Betty Roberts,bq0u75cn@gmail.com,India,2023-06-16,Premium,43687.95
3183,Lisa Wilson,sa5pnvwb@gmail.com,China,2023-11-11,Standard,20420.88
3184,James Harris,8os23sbk@email.com,France,2024-04-11,Standard,16578.97
3185,Richard Smith,xfmd13ug@company.com,Japan,2023-12-04,Standard,48955.29
3186,David Collins,ri8d5sj4@yahoo.com,India,2023-10-04,Premium,6664.53
3187,Lisa Rodriguez,n2v0tiw5@mail.com,Sweden,2024-11-03,Basic,14735.33
3188,Michael Wilson,vim1xzft@test.com,India,2020-06-11,Premium,49572.29
3189,Robert Williams,trkuicc6@email.com,Italy,2021-03-05,Standard,42545.47
3190,Andrew Martin,z7byk9l1@yahoo.com,Netherlands,2023-08-21,Standard,3173.65
3191,Betty Martin,r1h69m0g@gmail.com,China,2020-11-29,Premium,33827.76
3192,Christopher Roberts,dst7ojbq@test.com,Germany,2021-10-26,Standard,1837.98
3193,Betty Martinez,e9ebhnqq@gmail.com,Netherlands,2024-08-23,Basic,49765.84
3194,Mary Edwards,ydyve13g@company.com,Norway,2021-02-23,Standard,42406.84
3195,Daniel Thompson,2vn8r0yu@outlook.com,France,2022-05-01,Basic,41956.35
3196,Linda Roberts,nuyjb54x@test.com,South Korea,2020-09-11,Premium,637.39
3197,Thomas Lopez,3xaw5nv1@yahoo.com,India,2024-05-18,Standard,10354.19
3198,Charles Martin,jhmwphm5@company.com,Mexico,2021-05-12,Basic,27076.54
3199,Steven Collins,zraud2yz@yahoo.com,UK,2024-01-16,Premium,11759.1
3200,Steven Martin,lyfhjfc6@gmail.com,Netherlands,2024-12-03,Premium,7313.12
3201,Paul Thomas,1ois1wbs@yahoo.com,Spain,2023-10-14,Premium,8716.58
3202,Patricia Roberts,sf5ksxz5@yahoo.com,Switzerland,2022-11-20,Basic,4994.87
3203,Charles Jackson,me129ymw@gmail.com,USA,2023-12-11,Basic,9400.25
3204,Christopher Garcia,e1rzt239@yahoo.com,Italy,2022-10-09,Standard,33830.64
3205,Jessica Rodriguez,b9640rgz@yahoo.com,Switzerland,2021-04-02,Premium,12371.86
3206,Matthew Taylor,eoffc54w@test.com,South Korea,2023-02-06,Standard,49964.53
3207,Margaret Garcia,cnqwpbed@outlook.com,Japan,2020-01-21,Standard,42004.48
3208,John Wilson,kwm3n3e1@example.com,India,2020-03-30,Basic,42698.67
3209,William Davis,j7n795ua@outlook.com,Mexico,2024-09-20,Basic,14336.55
3210,Charles Lopez,j6v0pmqf@gmail.com,China,2022-09-29,Standard,39365.5
3211,Nancy Brown,yqmijajn@yahoo.com,China,2021-09-08,Standard,15327.56
3212,Betty Thomas,lckllzss@email.com,China,2022-02-15,Standard,43243.03
3213,Donna Martin,iaic7kc7@yahoo.com,Italy,2024-05-10,Standard,35174.96
3214,Kimberly Hernandez,jhhr6e1p@yahoo.com,Brazil,2021-05-29,Premium,8245.15
3215,Linda Garcia,989ahsh1@outlook.com,China,2022-08-30,Premium,9103.34
3216,Ashley Reeves,fq6vm3by@email.com,Italy,2020-11-26,Premium,29828.46
3217,Donna White,w67h8f9t@example.com,Netherlands,2022-01-18,Standard,34151.06
3218,Andrew Collins,2goi8sk9@mail.com,UK,2024-01-29,Premium,27882.98
3219,Matthew Thompson,szu9ys62@company.com,Germany,2023-02-23,Premium,24896.12
3220,Donna Davis,k2ajh706@mail.com,India,2021-01-20,Standard,9853.78
3221,Christopher Jackson,yz1qwj35@example.com,Germany,2021-08-19,Premium,13923.82
3222,Joseph Roberts,w145wc01@example.com,UK,2022-02-09,Premium,11155.35
3223,Christopher Lee,ixxx1gjs@gmail.com,Switzerland,2020-08-31,Premium,4269.68
3224,Richard Lopez,r37pvcf4@outlook.com,Switzerland,2024-04-16,Premium,49819.97
3225,Christopher Lee,wgbnu3m3@example.com,Mexico,2020-07-03,Basic,23229.26
3226,Paul Jackson,mpm675bn@company.com,USA,2024-03-18,Premium,23391.85
3227,John Johnson,e5iomqd9@gmail.com,Spain,2022-03-01,Standard,37545.01
3228,Matthew Thomas,4i299ij2@yahoo.com,Norway,2021-07-05,Standard,25195.7
3229,John Davis,47dvcfo9@test.com,France,2021-11-07,Premium,4759.22
3230,Emily Reeves,b58zbnia@gmail.com,Australia,2024-05-21,Standard,33702.51
3231,Donna Martin,7yf9ul42@mail.com,Japan,2022-10-09,Standard,11204.71
3232,Michael Wilson,vkmv4hmm@company.com,Germany,2024-09-02,Premium,22104.31
3233,Charles Wilson,p50eozor@test.com,USA,2021-07-22,Standard,49752.44
3234,Lisa Garcia,1k1ym2j9@mail.com,China,2023-05-22,Standard,26666.81
3235,John Rodriguez,ic487bxk@test.com,Italy,2020-05-21,Premium,21467.12
3236,Linda Lopez,nm5un7d0@mail.com,Japan,2024-07-20,Premium,12827.88
3237,Jennifer Lopez,a0hxv2zo@gmail.com,Sweden,2024-07-05,Basic,12123.97
3238,Emily Harris,069x8plw@test.com,Brazil,2024-04-16,Basic,22502.66
3239,Steven Rodriguez,e07wxc1k@email.com,Sweden,2020-12-09,Standard,16398.16
3240,Paul Rodriguez,vryl36q5@email.com,Switzerland,2021-01-06,Standard,11705.19
3241,Paul Jones,ma48s15j@yahoo.com,UK,2024-09-28,Basic,45159.34
3242,Richard Perez,krxxwfmh@yahoo.com,USA,2024-12-01,Premium,36220.47
3243,Betty Edwards,wnl2urqn@outlook.com,Canada,2023-02-26,Basic,12359.69
3244,Michael Davis,yak3j8wr@company.com,Mexico,2023-09-09,Premium,10645.24
3245,Kimberly Hernandez,tauzf01s@company.com,Canada,2020-05-25,Premium,22857.46
3246,Joseph Collins,bizbqtoq@gmail.com,Norway,2022-08-10,Standard,40004.36
3247,Thomas Thomas,hw922qvr@email.com,Canada,2020-06-21,Premium,909.58
3248,Margaret Lee,vxpkaybs@outlook.com,Brazil,2023-07-13,Basic,34484.16
3249,Margaret Gonzalez,0cadsmiq@gmail.com,Switzerland,2020-05-07,Premium,5101.76
3250,Barbara Thompson,f0go357b@yahoo.com,Canada,2020-09-06,Premium,38092.34
3251,Andrew Reeves,cnhjvanq@test.com,Mexico,2020-03-22,Premium,14152.46
3252,Nancy Williams,c21p4u0n@email.com,Japan,2024-05-02,Premium,45613.98
3253,Lisa Taylor,weqd6r5f@mail.com,Japan,2024-10-14,Standard,39356.0
3254,John Hernandez,l8z7fz4x@outlook.com,India,2024-09-03,Standard,31862.04
3255,Patricia Hernandez,z8w8a5k8@outlook.com,South Korea,2021-03-16,Premium,48246.17
3256,Susan Davis,eqlsreyg@gmail.com,France,2020-02-04,Standard,4595.88
3257,Jessica Martin,2ei2op03@company.com,China,2022-11-26,Premium,8976.55
3258,Kimberly Moore,a6wb4kpb@email.com,South Korea,2022-03-12,Standard,37906.41
3259,Sandra Garcia,ubf2vpx4@yahoo.com,Canada,2021-06-10,Basic,24688.5
3260,Donald Martinez,3v598w40@email.com,Brazil,2022-08-16,Standard,35876.63
3261,Linda Davis,y6qmjq0h@outlook.com,Sweden,2024-10-04,Standard,38510.68
3262,Barbara Reeves,2gqn8j0w@outlook.com,Switzerland,2024-10-29,Standard,38447.13
3263,Christopher Wilson,ymjc6bbx@company.com,Italy,2022-02-26,Standard,16385.28
3264,Christopher Lopez,6h9g9ei2@mail.com,Italy,2021-03-23,Standard,19441.1
3265,Paul Perez,fe1v0onr@mail.com,China,2023-05-23,Basic,7523.07
3266,James Perez,94wah3qo@yahoo.com,Brazil,2023-10-08,Standard,24142.88
3267,James Jones,65ec0tw4@example.com,Mexico,2021-12-25,Premium,30516.75
3268,Richard Moore,cmq0ob1n@test.com,Brazil,2020-02-16,Standard,44360.46
3269,David Jones,5nb7udbu@company.com,China,2021-03-28,Premium,1871.06
3270,Ashley Thomas,i1ymufxw@gmail.com,Sweden,2020-12-20,Standard,43188.98
3271,Richard Edwards,oq0zdlcc@mail.com,Italy,2024-10-26,Basic,25196.65
3272,Steven Williams,jj9gzkvb@email.com,Japan,2024-02-05,Standard,44441.64
3273,Christopher Miller,sh6s0ok0@mail.com,China,2024-11-21,Premium,17852.62
3274,Christopher White,ri2k5esv@outlook.com,China,2021-11-14,Basic,22966.6
3275,Donna Jackson,tg2myaxk@yahoo.com,USA,2020-01-20,Premium,15080.32
3276,Margaret Jones,d3rs2nu4@gmail.com,Brazil,2022-06-20,Basic,31035.29
3277,John Gonzalez,79pg2imi@gmail.com,Canada,2024-03-07,Basic,31478.88
3278,David Lee,mmhmx5ny@test.com,Switzerland,2023-09-30,Basic,10987.99
3279,Susan Roberts,mlt43e90@yahoo.com,Mexico,2022-06-30,Standard,6183.9
3280,Sarah White,huo63wed@email.com,China,2021-09-29,Premium,27704.41
3281,Donna Thomas,c7i85h6y@yahoo.com,Canada,2021-12-17,Standard,26972.0
3282,Susan Hernandez,pzrv2h24@email.com,Mexico,2024-04-20,Premium,109.84
3283,Barbara Reeves,txxzufzr@yahoo.com,India,2021-03-31,Standard,32899.75
3284,David Johnson,yp78bnwd@outlook.com,Norway,2021-10-04,Basic,19849.61
3285,Lisa Jackson,5kp3id6d@email.com,Norway,2021-10-12,Standard,48219.16
3286,Richard Gonzalez,0esoy2z1@email.com,Italy,2020-12-13,Premium,34268.59
3287,Linda Moore,lgvd3oh6@test.com,Italy,2024-06-25,Basic,25826.47
3288,Mark Williams,xkklj7ha@company.com,India,2024-07-26,Basic,38189.0
3289,Mark Martin,r7e56302@yahoo.com,Sweden,2021-03-06,Premium,20128.63
3290,Joseph Thompson,gn48ipbq@mail.com,Netherlands,2023-11-09,Basic,40700.24
3291,Margaret Edwards,c9g6mq9p@gmail.com,Australia,2023-03-24,Basic,33721.72
3292,Mary Taylor,7zp8pwn4@example.com,France,2022-02-28,Standard,24872.98
3293,William Lee,zcya1jus@example.com,India,2023-04-09,Standard,2599.2
3294,James Collins,cxf6rnh5@yahoo.com,Spain,2023-12-26,Basic,29128.11
3295,Barbara Thomas,cdv3u48t@outlook.com,UK,2022-04-26,Standard,236.1
3296,Emily Williams,qnpas8pp@mail.com,France,2020-09-15,Standard,6645.25
3297,Jennifer Hernandez,esis69op@yahoo.com,Switzerland,2022-09-28,Premium,3977.05
3298,Jennifer Edwards,w26uelz2@test.com,South Korea,2024-06-26,Premium,39192.62
3299,Matthew Hernandez,w8pndsep@email.com,India,2020-08-13,Standard,10803.45
3300,Linda Anderson,gdltggd0@example.com,China,2020-09-05,Premium,39232.2
3301,Mary Miller,hozlv48p@test.com,China,2023-08-15,Basic,14859.09
3302,Daniel Martinez,zte44rwu@outlook.com,UK,2024-04-01,Premium,44724.95
3303,Daniel Taylor,trq36mhc@yahoo.com,Spain,2021-09-27,Basic,19024.32
3304,Patricia Moore,zoyw7yhr@company.com,China,2022-09-08,Standard,4002.81
3305,Nancy Williams,f0xsz6xj@yahoo.com,USA,2022-05-18,Standard,38849.12
3306,David Martin,09wq4n18@gmail.com,South Korea,2024-08-02,Standard,31625.48
3307,Sarah Collins,vhn4rj4b@company.com,Spain,2023-04-13,Standard,45110.33
3308,Linda Taylor,gz6h7jwi@outlook.com,Switzerland,2024-02-16,Basic,5756.34
3309,Kimberly Miller,y736hxpo@email.com,Brazil,2020-07-16,Basic,46611.55
3310,Steven Taylor,2r6wssk4@test.com,Brazil,2022-08-10,Basic,29090.64
3311,Jennifer Jones,kvq84pxw@email.com,Germany,2024-06-26,Premium,31966.99
3312,Matthew Jones,a4800her@email.com,Australia,2022-12-01,Standard,27145.73
3313,Emily Martinez,fagn3cib@mail.com,France,2021-06-19,Premium,4922.34
3314,Richard Johnson,09nd3hgu@mail.com,Switzerland,2022-06-14,Premium,12510.54
3315,Donald Edwards,y9t27yfz@test.com,Canada,2021-09-08,Standard,10379.79
3316,Sandra Moore,pczuonew@example.com,India,2021-09-06,Basic,16111.21
3317,Michael Rodriguez,z9e076wy@company.com,Norway,2024-08-12,Basic,28861.43
3318,Betty Davis,9c56b1ub@gmail.com,USA,2024-11-11,Premium,14055.39
3319,Mark Johnson,hzgirick@outlook.com,China,2020-05-08,Standard,44233.47
3320,Mark Jones,2ur3fcr5@company.com,France,2023-08-07,Basic,8965.0
3321,Robert Roberts,de6tez66@mail.com,USA,2024-02-08,Standard,34224.44
3322,Donald Davis,cfyx0joc@email.com,India,2020-07-07,Basic,19880.1
3323,Richard Thomas,dmbp7ty2@email.com,Germany,2024-09-07,Premium,22140.85
3324,Betty Harris,1qy8ecv8@yahoo.com,Switzerland,2022-02-16,Basic,37169.59
3325,James White,59wagp51@company.com,China,2021-11-20,Premium,22178.49
3326,Christopher Miller,a8hts1p2@company.com,South Korea,2021-11-28,Basic,15445.09
3327,Jennifer White,1tt03vsz@example.com,Germany,2020-01-16,Premium,36112.76
3328,Barbara Garcia,n4oqxhn8@test.com,Norway,2022-01-23,Standard,16451.2
3329,John Collins,laf0ph6e@outlook.com,France,2020-12-20,Standard,48925.38
3330,Betty Smith,jepli20a@company.com,India,2022-01-27,Basic,32378.69
3331,Mark Davis,d1f8pfxr@email.com,USA,2021-02-16,Basic,7695.82
3332,Paul Johnson,rcbjs4t1@company.com,UK,2023-07-12,Standard,32796.61
3333,Sarah Martin,vori52x1@example.com,Italy,2022-11-01,Premium,36249.9
3334,Emily Anderson,3thzoutm@yahoo.com,Netherlands,2021-03-06,Basic,43540.51
3335,Sandra Moore,d9m0ib3w@example.com,Switzerland,2023-01-17,Standard,11718.93
3336,Betty Brown,eva7j6oy@example.com,China,2020-12-27,Basic,45444.2
3337,Matthew Johnson,tq9fxpt6@test.com,Australia,2022-06-20,Standard,37076.03
3338,Mark Perez,148yivc9@gmail.com,Brazil,2023-08-28,Basic,21948.6
3339,Sandra Taylor,8uuhnyky@outlook.com,Japan,2020-10-14,Standard,5955.7
3340,Sarah Davis,f9yrodt2@yahoo.com,Norway,2024-08-14,Standard,37739.24
3341,Jennifer Miller,fko78gq4@mail.com,Switzerland,2024-04-16,Premium,40419.24
3342,Emily Hernandez,bqtykixz@gmail.com,USA,2023-03-31,Basic,40608.55
3343,Paul Wilson,pyzfzj29@gmail.com,India,2020-05-12,Standard,30855.5
3344,Nancy Taylor,10mvnik2@example.com,Australia,2024-09-18,Standard,30969.25
3345,Margaret Jones,zrzuwqff@email.com,China,2024-11-17,Standard,36550.04
3346,Jennifer Thompson,97ibfaqn@gmail.com,Switzerland,2024-09-21,Standard,40266.14
3347,Steven Thompson,6pu4y6dm@email.com,USA,2020-08-27,Standard,25834.51
3348,Michael Brown,15r5bo46@yahoo.com,Brazil,2022-01-19,Basic,44242.58
3349,Matthew Reeves,u56ffjl7@mail.com,Germany,2021-03-10,Premium,6445.74
3350,Nancy Martin,99l1g2un@yahoo.com,Netherlands,2022-04-03,Basic,30024.87
3351,Jessica Johnson,icpl6rmx@email.com,Brazil,2023-12-21,Premium,749.65
3352,Sandra Roberts,3oe23srb@yahoo.com,Mexico,2022-07-17,Premium,49076.96
3353,John Jackson,2itclt62@email.com,France,2022-10-31,Basic,48092.42
3354,Sarah Smith,2gkmcml5@example.com,UK,2023-03-15,Premium,7573.51
3355,Donald Johnson,j0m9ulwt@company.com,Japan,2020-02-01,Basic,43707.08
3356,Andrew Roberts,p9qwgr4b@mail.com,Japan,2022-11-11,Standard,15372.05
3357,Steven Johnson,mni47bn9@company.com,Japan,2023-07-06,Standard,43593.1
3358,Betty Smith,4e622hmp@mail.com,Australia,2022-06-05,Premium,42337.37
3359,Betty Smith,9w44xzpr@example.com,Switzerland,2023-03-19,Basic,48371.59
3360,William Reeves,vrifuvzl@outlook.com,Mexico,2023-11-22,Basic,36623.16
3361,John Perez,4vaq6jc1@company.com,Germany,2021-05-29,Basic,32650.53
3362,Richard Williams,d3uex1er@example.com,Norway,2020-08-11,Premium,47424.0
3363,Sarah Smith,w9i9nfr7@gmail.com,Spain,2021-09-24,Standard,10921.7
3364,Joseph Martin,5sjfnl86@email.com,South Korea,2024-04-06,Basic,1800.21
3365,Lisa Reeves,tbz6um51@yahoo.com,India,2022-08-18,Standard,43271.4
3366,Patricia Reeves,dlhty2lt@gmail.com,Switzerland,2022-07-18,Basic,48334.85
3367,Karen Martin,772595ey@yahoo.com,China,2021-07-09,Standard,20376.51
3368,Lisa Rodriguez,dda47ofo@email.com,Norway,2023-02-07,Standard,14595.68
3369,Daniel White,l1wor2pm@mail.com,Canada,2020-12-11,Basic,11508.8
3370,Christopher Reeves,1e6u4gn9@company.com,UK,2022-12-14,Basic,19664.78
3371,Nancy Gonzalez,5tihm7x1@example.com,Mexico,2023-09-10,Standard,4195.03
3372,Joseph Williams,yhp386fs@test.com,Spain,2021-08-31,Standard,22866.4
3373,Joseph Anderson,gg150rnv@email.com,Norway,2020-11-24,Premium,17377.59
3374,Andrew Hernandez,xs83xew1@test.com,China,2020-01-31,Basic,22426.64
3375,Mark Rodriguez,aqvfwdro@test.com,Switzerland,2023-04-22,Basic,40519.62
3376,Patricia Gonzalez,e60jldbl@mail.com,India,2020-06-08,Basic,44905.29
3377,David Martinez,d7spljcp@yahoo.com,Netherlands,2020-04-08,Basic,33408.24
3378,Charles Martin,6kl9r84a@mail.com,Australia,2023-06-09,Premium,13876.84
3379,William Gonzalez,ykc5ir6s@gmail.com,Mexico,2021-02-16,Standard,3677.95
3380,Kimberly Taylor,cwrurd86@yahoo.com,China,2023-04-08,Standard,5022.04
3381,Matthew Hernandez,tgrht8qv@email.com,Mexico,2024-09-26,Basic,2575.72
3382,Charles Davis,6sc3lfqg@example.com,USA,2024-08-12,Basic,30246.66
3383,Ashley Reeves,al7jmixn@gmail.com,Japan,2022-01-02,Basic,36213.82
3384,Patricia Taylor,dsibgwnz@outlook.com,Netherlands,2021-01-10,Premium,10415.76
3385,Kimberly Davis,3wljh7nb@gmail.com,Japan,2022-08-08,Premium,17896.24
3386,Daniel Roberts,fp36jh83@mail.com,Spain,2023-02-27,Standard,44442.44
3387,Nancy Roberts,nhx3vkpw@gmail.com,USA,2023-06-03,Basic,31145.42
3388,Ashley Garcia,q5zdxi7n@yahoo.com,Mexico,2023-05-30,Basic,42745.63
3389,Joseph Wilson,nlbx1z75@outlook.com,South Korea,2020-03-24,Premium,20695.69
3390,Andrew Thompson,xxgsh4vw@mail.com,China,2022-01-22,Basic,28305.09
3391,Barbara Hernandez,cr5lvwqo@mail.com,UK,2020-11-28,Basic,42315.45
3392,Paul White,5y9hgrp1@gmail.com,Spain,2020-06-13,Basic,262.32
3393,Richard Brown,wix78r2x@company.com,Germany,2020-05-30,Standard,14433.44
3394,Paul Miller,3my11qus@example.com,South Korea,2024-12-18,Basic,48532.15
3395,Donna Harris,ef5hwgmi@mail.com,Germany,2020-05-11,Standard,3252.25
3396,Joseph White,92p47ptu@outlook.com,Japan,2022-08-21,Premium,48128.04
3397,Steven Thompson,l6ab6bha@outlook.com,UK,2024-01-05,Premium,10561.46
3398,Lisa Lopez,dd3vigt6@yahoo.com,Japan,2020-09-16,Premium,20523.28
3399,Thomas Lee,e00ejhrm@gmail.com,Japan,2021-10-21,Premium,41753.46
3400,Margaret Thomas,tpt318yw@yahoo.com,Spain,2020-12-31,Standard,26882.96
3401,Susan Miller,6zom2oyh@email.com,Spain,2020-06-26,Premium,43831.7
3402,Lisa Anderson,cqgzdkmq@test.com,South Korea,2023-08-01,Premium,31537.13
3403,James Collins,ghpayiw1@email.com,Sweden,2023-05-28,Premium,30025.39
3404,Betty Smith,ruruouuy@yahoo.com,UK,2024-12-21,Basic,28450.86
3405,Donna Roberts,6qng8dza@outlook.com,China,2020-07-05,Standard,16908.88
3406,Kimberly Edwards,6soh7qlh@test.com,Canada,2020-09-24,Basic,38781.44
3407,Margaret Wilson,8s37nt0h@yahoo.com,Australia,2020-11-26,Premium,3062.7
3408,Margaret Lopez,51kw4hwo@mail.com,China,2024-03-14,Premium,4000.77
3409,Lisa Lopez,pcbhbxfl@email.com,Canada,2023-02-15,Basic,27335.05
3410,Lisa Moore,nqglsh6g@company.com,Japan,2024-04-24,Standard,8436.7
3411,William Garcia,m57ppx11@yahoo.com,Norway,2020-04-01,Basic,13699.56
3412,Linda Hernandez,e80kmcmx@example.com,Japan,2022-09-08,Basic,13710.64
3413,Richard Martin,y62j6goq@mail.com,Japan,2023-11-12,Premium,34998.12
3414,Susan Martinez,mv0akjtd@company.com,Japan,2020-10-10,Standard,33667.5
3415,Margaret Taylor,x1g28p4a@yahoo.com,Norway,2023-08-19,Basic,5195.1
3416,Barbara Martinez,21o752tv@test.com,USA,2020-11-26,Premium,30438.23
3417,Ashley Jackson,zvym63yw@yahoo.com,Switzerland,2021-11-30,Basic,10739.92
3418,Linda Anderson,bymhrrtb@example.com,Netherlands,2024-04-12,Standard,46059.4
3419,Donna Anderson,gnqrbeii@gmail.com,Spain,2024-11-14,Premium,16899.57
3420,John Jackson,6oqj6g6c@yahoo.com,Brazil,2020-07-06,Basic,20786.73
3421,Thomas Martin,kt2kfxhn@example.com,USA,2023-04-29,Basic,1564.76
3422,Jessica Lee,87yec3xh@email.com,South Korea,2022-10-13,Premium,10437.06
3423,Nancy Wilson,5zl0kgsx@example.com,France,2024-12-10,Standard,34378.31
3424,Nancy Taylor,x03v1uzv@email.com,Brazil,2022-06-16,Standard,15832.68
3425,Sarah Lee,hgyr9nap@yahoo.com,France,2021-02-05,Basic,47268.35
3426,Michael Hernandez,kfjqh5qm@yahoo.com,Australia,2021-02-07,Premium,24922.7
3427,Mary Miller,xuj5ye8w@example.com,South Korea,2021-09-01,Premium,23276.51
3428,Barbara Martin,c6o8y7hr@test.com,South Korea,2022-09-07,Basic,15358.31
3429,Steven Lee,4gvoh6di@example.com,France,2022-09-26,Basic,38766.54
3430,Donna Brown,33axp4eu@yahoo.com,China,2024-10-20,Basic,14227.49
3431,William Edwards,te0m8902@company.com,India,2023-11-16,Premium,19976.55
3432,Donald Taylor,548qlold@gmail.com,Australia,2022-02-22,Premium,33653.47
3433,Betty Martin,g5fm8tbt@mail.com,Canada,2022-05-17,Basic,845.14
3434,Patricia Roberts,z1k0r401@yahoo.com,Mexico,2021-01-11,Premium,6952.22
3435,Jessica Smith,3x65w8w3@yahoo.com,France,2023-04-28,Basic,7787.45
3436,Robert Anderson,fh2i0fit@mail.com,Mexico,2020-08-04,Basic,6086.38
3437,Sarah Lee,1wr07i3q@outlook.com,Netherlands,2023-02-03,Standard,19562.09
3438,Mark Moore,3iatke13@email.com,India,2020-08-01,Standard,12861.03
3439,Charles Perez,smjao3nc@company.com,UK,2023-04-18,Basic,35181.22
3440,Barbara Johnson,gvch1six@yahoo.com,China,2020-06-21,Basic,35302.25
3441,Linda Thompson,9zwvihw9@test.com,Japan,2023-03-16,Standard,2734.59
3442,Christopher Martinez,i5p3vu58@outlook.com,Sweden,2021-07-29,Basic,13258.73
3443,Linda Perez,2dnhyog3@mail.com,UK,2024-12-29,Basic,32619.51
3444,Thomas Brown,idr90rxc@example.com,Switzerland,2022-04-21,Premium,8843.1
3445,Lisa Martin,jze72hm2@example.com,India,2022-10-06,Basic,3756.24
3446,Linda Wilson,k1zos3dg@gmail.com,UK,2024-05-08,Premium,44379.53
3447,William Hernandez,s445y4ts@yahoo.com,Canada,2020-07-11,Standard,19260.68
3448,David Miller,1n6wvofv@yahoo.com,Japan,2020-04-08,Basic,5773.01
3449,David Harris,ip3o3ofd@outlook.com,Netherlands,2022-12-18,Basic,27782.06
3450,Karen Edwards,q128t4h8@example.com,China,2022-10-18,Basic,44918.18
3451,Robert Lopez,9a30jiaw@gmail.com,Germany,2022-11-25,Premium,47085.49
3452,Jessica Jones,zz4gw43k@example.com,USA,2021-07-15,Standard,15525.78
3453,Ashley Moore,wk2uhu4a@gmail.com,Mexico,2023-04-24,Standard,21047.71
3454,Thomas Davis,jajwddwh@test.com,Australia,2024-10-25,Standard,3619.7
3455,James Gonzalez,zdyo04ly@outlook.com,USA,2023-05-12,Basic,24488.55
3456,Emily Martinez,175stuvi@company.com,Japan,2021-06-08,Premium,16395.75
3457,Mark Brown,4l1g22oh@email.com,France,2020-02-22,Basic,48602.04
3458,Michael Wilson,axjykd0f@example.com,Mexico,2023-07-02,Premium,3220.54
3459,Patricia Harris,2p37ipdt@mail.com,Norway,2023-03-25,Premium,42131.01
3460,Paul Rodriguez,07x3kb5n@test.com,Mexico,2024-08-20,Premium,41601.93
3461,Daniel Gonzalez,8n6kyloq@mail.com,Netherlands,2024-05-02,Premium,48559.78
3462,Linda Brown,brdyamsu@mail.com,South Korea,2022-10-01,Basic,29525.23
3463,Susan Perez,8on5eqcb@example.com,Spain,2021-12-12,Basic,39925.07
3464,Paul Lee,jbscp1ys@example.com,USA,2024-08-04,Standard,10287.31
3465,Barbara Garcia,v54th3ey@yahoo.com,Italy,2021-03-24,Basic,27252.24
3466,Jessica Smith,ukbr3pt4@gmail.com,UK,2024-12-31,Standard,2214.81
3467,Lisa Wilson,la4qry3v@mail.com,Canada,2020-10-19,Basic,45862.29
3468,James Rodriguez,oo4116sg@email.com,Japan,2022-12-22,Basic,9465.52
3469,David Wilson,v8cznq85@test.com,Netherlands,2021-10-13,Premium,29926.55
3470,Nancy Reeves,ygnd4zwq@yahoo.com,Japan,2020-07-16,Basic,6999.11
3471,Daniel Roberts,fq3bbt9m@mail.com,Canada,2021-10-21,Standard,8235.54
3472,Christopher Roberts,3c020ztx@email.com,Netherlands,2022-11-23,Basic,35809.81
3473,Mary Jones,iu7hqpkz@company.com,Germany,2020-02-14,Premium,12113.92
3474,Andrew Edwards,lt5gx77l@company.com,Australia,2020-12-28,Standard,23790.31
3475,Sandra White,0247gof6@example.com,Canada,2022-10-24,Basic,28566.35
3476,Sarah Martinez,lkos2i14@gmail.com,India,2021-08-29,Basic,19412.93
3477,Donald Jones,r2xc6uaw@company.com,Australia,2022-07-02,Standard,3500.66
3478,Mary Martin,ue1h4o8l@email.com,France,2020-05-21,Premium,48967.01
3479,Robert Brown,sm149ma2@company.com,China,2021-07-15,Premium,17284.72
3480,John White,i8nqfnf5@outlook.com,USA,2020-12-01,Premium,22604.98
3481,Andrew Jackson,g7hzlqei@test.com,Australia,2023-12-09,Basic,1540.7
3482,Ashley Garcia,a4f0sv3f@test.com,Switzerland,2022-01-18,Standard,24627.5
3483,Karen Reeves,n5l3j8kk@email.com,Norway,2023-05-22,Basic,48630.24
3484,Robert Collins,rm57pmm0@mail.com,Australia,2024-08-09,Standard,18397.67
3485,Susan Rodriguez,eujtexy8@yahoo.com,Australia,2021-12-09,Premium,9261.13
3486,Emily Thomas,9hdtrojw@company.com,China,2023-02-20,Standard,33290.41
3487,Mark Martinez,qohqz89g@test.com,Germany,2022-10-15,Standard,43696.25
3488,Donald Johnson,5yssny20@outlook.com,USA,2021-11-07,Basic,35174.94
3489,Daniel Thomas,tkg3ojod@email.com,India,2024-04-29,Premium,17372.31
3490,Jennifer Brown,c6yisws4@gmail.com,Norway,2024-03-13,Basic,21565.44
3491,Paul Wilson,ldxpob2r@mail.com,Italy,2023-06-11,Standard,23209.35
3492,William Collins,3myfnce9@mail.com,India,2020-11-11,Basic,32938.91
3493,Betty Harris,rq277etf@outlook.com,Germany,2024-06-22,Standard,35858.39
3494,Jennifer Miller,xsccksb1@company.com,Netherlands,2023-11-05,Standard,40795.51
3495,Lisa Lopez,qrkxfg5c@outlook.com,Mexico,2023-01-30,Basic,12128.14
3496,John Jackson,39wivxso@test.com,Spain,2020-10-10,Basic,49026.76
3497,Ashley Collins,ljmfdxqw@company.com,China,2022-03-14,Basic,26308.53
3498,Matthew Jackson,twbco3uq@example.com,Canada,2024-07-29,Standard,7437.52
3499,Sandra Martinez,o9stutgj@company.com,Australia,2021-05-11,Premium,7201.22
3500,Emily White,kf7ugliu@gmail.com,Sweden,2020-07-07,Basic,4091.09
3501,David Johnson,g1mdeymh@company.com,Canada,2021-10-26,Standard,42026.84
3502,John White,l9rat6rn@gmail.com,Canada,2021-02-25,Premium,8005.31
3503,Sandra Smith,rk5skfqj@company.com,South Korea,2021-07-11,Basic,11039.96
3504,Patricia Roberts,2hhi733i@email.com,Switzerland,2021-04-28,Premium,37374.77
3505,Donna Hernandez,tcp01vwt@outlook.com,Japan,2021-02-25,Premium,45585.44
3506,Jennifer Brown,m97ss0gh@test.com,Norway,2020-09-01,Standard,5642.28
3507,Lisa Anderson,ao6q3z0z@outlook.com,China,2021-06-03,Basic,40924.06
3508,Nancy Martin,3qx8cid3@email.com,Sweden,2024-09-03,Standard,10623.42
3509,Robert Brown,knkv25uk@email.com,Sweden,2021-08-10,Standard,25726.1
3510,William Perez,augmysrn@outlook.com,Switzerland,2021-12-17,Premium,41938.27
3511,Kimberly Lee,cfldai23@gmail.com,Switzerland,2021-05-25,Standard,48795.36
3512,Nancy Jackson,8bx3uw0y@yahoo.com,Australia,2023-09-19,Basic,40885.74
3513,Thomas Martin,xzmfu2g6@yahoo.com,Sweden,2022-08-23,Premium,34354.97
3514,James Johnson,tfebi0bv@mail.com,Australia,2024-04-18,Premium,26503.94
3515,Emily Smith,kn4e45k5@outlook.com,Japan,2024-07-14,Standard,41239.63
3516,William Thompson,eru2pcot@mail.com,Netherlands,2024-01-08,Standard,38964.2
3517,Susan Anderson,8hpi9by6@mail.com,USA,2022-03-17,Premium,6419.53
3518,Ashley Perez,4cyyf66x@email.com,Japan,2024-05-12,Basic,37184.63
3519,Sandra Collins,ktnowxzo@yahoo.com,Japan,2020-12-05,Basic,25300.87
3520,James Smith,a6azh7pg@company.com,Switzerland,2024-02-07,Premium,960.37
3521,Steven Davis,sg8f47yy@example.com,Switzerland,2022-05-25,Premium,32145.7
3522,Barbara Edwards,9zjbmern@email.com,South Korea,2020-06-09,Premium,34945.85
3523,Patricia Johnson,amd9tnxj@example.com,Spain,2023-07-05,Premium,47857.64
3524,Paul White,uke8xo7i@mail.com,Brazil,2023-07-21,Standard,33836.12
3525,Patricia Lee,arrml8hs@example.com,Norway,2020-10-05,Premium,24611.09
3526,Andrew Rodriguez,jn7ldhti@mail.com,China,2024-10-12,Premium,27503.08
3527,Nancy Garcia,wfoklbq3@test.com,Italy,2021-04-13,Standard,33089.14
3528,Michael Johnson,pgbk0ucr@example.com,Mexico,2023-07-08,Premium,26746.74
3529,John Garcia,xrl47vz0@email.com,USA,2021-09-07,Premium,25321.2
3530,John Smith,vmo4d0ut@outlook.com,Mexico,2023-12-17,Premium,49351.49
3531,Daniel Taylor,phuivl9y@example.com,UK,2021-06-20,Basic,43256.31
3532,David Taylor,wousoxlo@email.com,Spain,2021-05-27,Standard,33013.16
3533,John Reeves,kygo3u1x@mail.com,India,2022-12-18,Premium,2818.08
3534,Joseph Perez,3txz1nw8@company.com,China,2023-06-17,Premium,35979.78
3535,Robert Taylor,s4kut764@outlook.com,Netherlands,2024-01-24,Premium,46795.55
3536,Mark Taylor,2kr4wg7s@yahoo.com,Australia,2023-09-18,Standard,4392.73
3537,Kimberly Anderson,xeibb65p@test.com,China,2021-10-16,Standard,37867.2
3538,Charles Jones,rwswa2ba@yahoo.com,Italy,2021-05-04,Premium,41692.42
3539,Richard Martin,e3vjad3i@outlook.com,UK,2021-12-28,Basic,31848.26
3540,Michael Jackson,f17jiqpk@email.com,Mexico,2022-11-26,Basic,45993.72
3541,Nancy Wilson,u6nyt3ho@mail.com,Netherlands,2021-09-25,Standard,44209.68
3542,William Martinez,s0yvzvas@example.com,Italy,2022-12-05,Premium,42156.6
3543,John Lopez,put2utcn@email.com,UK,2022-02-27,Basic,42306.3
3544,Richard Martin,zqqa43p2@mail.com,Netherlands,2024-06-08,Standard,46323.52
3545,Sandra Lopez,4qxl6qph@gmail.com,Canada,2022-08-04,Standard,1796.29
3546,Donald Taylor,exir4iiq@company.com,Mexico,2023-09-22,Basic,8868.05
3547,Kimberly Moore,s3qqxt7j@email.com,USA,2024-03-03,Basic,37788.04
3548,Barbara Williams,997eial2@outlook.com,Sweden,2022-12-11,Premium,49158.5
3549,Richard Jackson,xm15rwhs@example.com,Switzerland,2024-07-25,Basic,1690.94
3550,Michael Roberts,zv0pgxc0@example.com,China,2021-08-24,Basic,4028.93
3551,Kimberly Martinez,6qw8k0re@test.com,Germany,2021-08-23,Basic,26468.71
3552,Daniel Roberts,vihn20bw@yahoo.com,South Korea,2020-10-16,Basic,34827.12
3553,Margaret Anderson,gavfxc6i@yahoo.com,Brazil,2024-11-26,Standard,21249.93
3554,Patricia Williams,ywseejmv@outlook.com,Canada,2022-09-02,Premium,45511.78
3555,Donna Reeves,yagi9uol@example.com,China,2022-02-27,Premium,43415.4
3556,Jennifer Thomas,id96jdo7@mail.com,China,2021-11-02,Premium,40347.8
3557,Susan Davis,47mvo9kw@mail.com,South Korea,2022-04-11,Premium,1272.97
3558,Joseph Gonzalez,hszslb7j@mail.com,Germany,2024-07-03,Standard,42375.68
3559,James Williams,9dnoq3xw@test.com,Switzerland,2022-11-04,Basic,5044.31
3560,Jessica Rodriguez,c2f8j7jv@mail.com,Spain,2021-12-09,Premium,28579.95
3561,Charles Miller,80csb57v@company.com,Australia,2022-01-15,Premium,39005.08
3562,Jessica Brown,7dbwu5p8@company.com,Italy,2022-11-23,Standard,37841.59
3563,Mary Martin,vd2xn7dn@example.com,Italy,2023-03-06,Basic,36752.9
3564,Barbara White,i8ol9etn@yahoo.com,UK,2023-11-23,Basic,8524.72
3565,Christopher Jackson,0f16h5p5@yahoo.com,Sweden,2021-03-09,Basic,31167.56
3566,Karen Lopez,erdqezpr@yahoo.com,UK,2022-08-25,Premium,30685.68
3567,Barbara Davis,i9le0ncn@mail.com,South Korea,2020-12-09,Basic,37744.08
3568,Ashley Martin,elm3aj76@gmail.com,Japan,2020-07-31,Standard,39689.34
3569,Kimberly Williams,1pfxtcxk@email.com,Norway,2020-11-25,Premium,20068.84
3570,John Brown,vas4k586@test.com,Italy,2020-10-16,Basic,8202.71
3571,David Brown,j4h9uhsc@mail.com,Japan,2020-08-01,Standard,17183.55
3572,David Reeves,sr3kmajk@yahoo.com,Netherlands,2022-05-18,Standard,10820.01
3573,Karen Williams,aqk0nl1h@example.com,France,2021-07-03,Standard,41807.87
3574,Andrew Thompson,i0e8n71x@test.com,Switzerland,2021-10-13,Standard,24755.59
3575,Andrew Perez,elq6pmzd@email.com,Germany,2021-01-18,Premium,15107.65
3576,Mark Anderson,9j5trkj8@email.com,UK,2021-12-14,Premium,46289.87
3577,Sarah Smith,lpeb94sa@test.com,Sweden,2024-10-14,Premium,29739.06
3578,Paul Collins,g9uegex2@company.com,France,2021-02-04,Basic,17340.66
3579,Charles Thomas,uh0r2e4u@outlook.com,India,2020-06-26,Premium,871.4
3580,Richard Garcia,ru244u23@example.com,India,2024-06-03,Basic,34595.93
3581,Charles Reeves,hpbggbax@test.com,Canada,2020-01-26,Premium,24110.39
3582,Andrew Jones,r2bnlkas@mail.com,Germany,2023-10-13,Premium,27113.59
3583,Linda Lopez,dgxs68au@test.com,China,2023-03-29,Standard,45924.51
3584,William Thompson,pnuco3sr@test.com,France,2023-11-28,Standard,30722.04
3585,Mary Thompson,dlussh1z@test.com,Norway,2023-09-14,Standard,31472.53
3586,Michael Hernandez,l7xg33y6@mail.com,Switzerland,2020-06-16,Basic,15170.78
3587,Kimberly Johnson,b9vdx0bn@example.com,Australia,2024-07-26,Premium,45146.52
3588,Barbara Jones,wqhamwnt@email.com,South Korea,2021-05-22,Premium,49172.94
3589,Karen White,hqnck49e@mail.com,Japan,2023-05-08,Basic,44733.52
3590,Barbara Martin,zluehook@yahoo.com,Japan,2021-04-01,Premium,10978.33
3591,Mark Collins,j90zuced@email.com,Italy,2023-02-11,Premium,9140.27
3592,Karen Davis,fmj73lxv@yahoo.com,Switzerland,2022-10-22,Basic,33229.73
3593,Daniel Williams,9vm5ou26@example.com,Japan,2022-01-21,Basic,35713.91
3594,Andrew Martin,h9kjsvc8@email.com,India,2022-03-31,Basic,27092.61
3595,Andrew Harris,h79gov1o@email.com,China,2020-02-05,Basic,11958.94
3596,Patricia Anderson,mm3uxpae@email.com,Netherlands,2020-08-13,Premium,28803.69
3597,Mark Martin,nd29v3an@example.com,Switzerland,2021-08-15,Basic,13649.56
3598,Matthew Harris,tvdn4p0l@example.com,Japan,2022-08-04,Basic,5389.16
3599,Barbara Thompson,9sseq7wu@email.com,Italy,2020-12-26,Premium,4138.15
3600,Ashley Johnson,whr1e0e8@outlook.com,India,2021-11-17,Basic,27259.15
3601,Jennifer Lee,04xfpp54@gmail.com,Netherlands,2022-10-26,Standard,15621.8
3602,Charles Gonzalez,q22ajxf9@test.com,South Korea,2021-10-08,Standard,4713.92
3603,Lisa Rodriguez,kmk9u9mv@yahoo.com,Japan,2023-03-20,Basic,990.11
3604,Michael Roberts,xjyvakxl@email.com,Germany,2023-08-22,Basic,46188.71
3605,Barbara Roberts,dmt3q13h@gmail.com,Netherlands,2022-04-06,Standard,37177.48
3606,Kimberly Lopez,z4xg8i41@test.com,Switzerland,2020-01-19,Standard,46061.24
3607,Matthew Perez,udencrtp@mail.com,Canada,2023-10-15,Basic,21133.33
3608,Paul Johnson,5u9q1pg4@example.com,Brazil,2021-01-04,Standard,161.02
3609,Ashley Lee,8gomc6e8@yahoo.com,Spain,2021-11-18,Basic,39729.81
3610,David Roberts,q4ay94eh@outlook.com,Canada,2020-04-15,Premium,16282.34
3611,Thomas Johnson,j90ql2d7@mail.com,Italy,2021-04-21,Premium,38032.7
3612,Lisa Gonzalez,kslo87tq@example.com,UK,2024-05-09,Basic,13006.13
3613,Sarah Davis,nudfz7on@test.com,Mexico,2022-02-13,Standard,9785.91
3614,Jessica Harris,b9fp9zsq@yahoo.com,Sweden,2020-11-15,Premium,41607.72
3615,Lisa Hernandez,r83de2ng@example.com,Spain,2021-08-17,Premium,42758.46
3616,Michael Thomas,uc6jzmnr@email.com,Australia,2023-04-06,Basic,18903.21
3617,Matthew Miller,o3deei9y@test.com,Japan,2020-09-07,Basic,48977.66
3618,Mark Hernandez,n93zg9be@company.com,Germany,2020-09-21,Premium,48398.63
3619,Mark Williams,onih004y@yahoo.com,Netherlands,2023-07-07,Basic,8076.56
3620,Michael Williams,ce9f1a2w@example.com,Canada,2022-05-13,Standard,21505.29
3621,Charles Brown,b8ze1r1y@example.com,Mexico,2020-03-23,Premium,2102.07
3622,Linda Smith,81oblxbv@email.com,South Korea,2022-12-31,Standard,35532.31
3623,Jennifer Smith,h4mqwe12@example.com,Germany,2024-02-20,Basic,507.21
3624,Lisa Perez,hltt7r9v@email.com,Brazil,2022-08-05,Standard,39738.15
3625,Daniel Martinez,hmvfujic@company.com,India,2023-11-01,Premium,13032.56
3626,Charles Jackson,z858o0j3@yahoo.com,Norway,2020-11-19,Premium,8251.37
3627,Karen White,jukq22ts@email.com,China,2021-09-08,Standard,4110.76
3628,Charles Garcia,enf0dezr@example.com,Spain,2024-06-04,Basic,4357.39
3629,Thomas Collins,tp2xe1hv@mail.com,Japan,2022-01-21,Basic,46199.21
3630,Barbara Collins,muehg832@test.com,Spain,2020-05-03,Basic,48130.76
3631,Ashley Moore,a4whoobr@example.com,UK,2024-07-30,Basic,4451.88
3632,Joseph Moore,7sy3sz50@gmail.com,Netherlands,2021-04-28,Basic,25068.09
3633,Andrew Lee,7mnoeddo@test.com,Sweden,2021-11-14,Standard,38500.94
3634,Donald Garcia,c7zofqzl@yahoo.com,China,2021-07-05,Standard,20535.78
3635,Matthew Williams,z4vqhbkn@example.com,Italy,2023-01-19,Standard,16140.14
3636,Christopher Hernandez,2dxf692x@company.com,Norway,2020-07-24,Premium,4037.23
3637,Patricia Lopez,5itszauf@outlook.com,France,2023-12-29,Premium,8329.55
3638,Nancy Collins,cro2p36y@example.com,Norway,2020-11-21,Basic,8315.25
3639,Donald Anderson,kyaa8xrl@company.com,South Korea,2021-01-14,Standard,33319.99
3640,Matthew Jackson,aedn6bfh@example.com,South Korea,2024-02-01,Standard,19503.07
3641,Thomas Anderson,crlpkhds@outlook.com,UK,2020-05-31,Basic,36384.01
3642,Lisa Thompson,zg6mlid3@mail.com,Brazil,2021-10-11,Premium,7791.12
3643,Christopher Perez,nmshoqfu@company.com,Spain,2023-04-02,Premium,39686.55
3644,Andrew Lee,80z5stdo@mail.com,Germany,2022-12-21,Standard,14326.32
3645,Nancy Martin,hlx0p851@email.com,Italy,2023-08-29,Standard,991.28
3646,Richard Thomas,6z6b95wm@outlook.com,China,2024-07-04,Premium,44338.16
3647,Mark Jackson,wi6ru4bj@mail.com,UK,2021-12-13,Basic,1333.95
3648,Matthew Edwards,j5k1swl1@test.com,UK,2021-06-17,Premium,34026.18
3649,Emily Anderson,rum2l7v3@outlook.com,UK,2023-08-15,Premium,22859.6
3650,Robert Lee,ctkaz4yi@company.com,Switzerland,2024-05-05,Basic,29858.89
3651,Nancy Jones,6x3g8se5@email.com,Switzerland,2024-08-09,Standard,13980.35
3652,Sandra Hernandez,iq701pmp@test.com,UK,2022-02-12,Standard,11904.01
3653,Michael Lee,9e82n39e@yahoo.com,Switzerland,2020-08-28,Standard,26155.47
3654,Nancy Thomas,tlwj0gde@yahoo.com,USA,2020-12-05,Basic,46203.16
3655,Donna Taylor,hejyccd0@gmail.com,Mexico,2023-08-17,Standard,40631.08
3656,Ashley Rodriguez,zdlrp95j@outlook.com,Spain,2024-05-13,Basic,2919.07
3657,Michael Garcia,j2tj20sa@test.com,Canada,2023-04-12,Premium,23121.0
3658,Betty Anderson,jgyfjyyc@outlook.com,Australia,2023-07-03,Premium,31501.58
3659,Christopher Gonzalez,ove5rzuf@example.com,UK,2024-01-14,Basic,32432.75
3660,Mary Taylor,57i3k0mu@mail.com,Canada,2023-01-29,Premium,28521.89
3661,Mary Harris,hs9o4s8u@company.com,USA,2020-11-10,Standard,25924.91
3662,Donald Harris,en8zj6d5@company.com,Netherlands,2023-05-12,Premium,13272.31
3663,Ashley Hernandez,cirvow4p@outlook.com,Italy,2023-10-31,Basic,7413.01
3664,Mary Smith,ygraw0tw@email.com,India,2023-07-17,Standard,10206.28
3665,Barbara Brown,ggetoa2l@example.com,Germany,2024-01-08,Premium,11459.49
3666,Kimberly Brown,ijj654su@yahoo.com,Japan,2024-03-31,Basic,29246.97
3667,Karen Moore,7gyh8es0@email.com,Australia,2020-09-01,Basic,29226.75
3668,Mark Williams,bz1of6dx@test.com,India,2024-01-05,Basic,42786.52
3669,Jennifer Thompson,jx3jerz5@test.com,Japan,2024-04-30,Standard,8348.46
3670,Susan White,myqbrs3x@example.com,Netherlands,2024-09-15,Standard,42345.84
3671,Barbara Martin,b69bx32i@test.com,Switzerland,2021-05-13,Standard,37358.59
3672,John Thomas,18ms6806@mail.com,Netherlands,2024-09-17,Premium,11391.64
3673,Lisa Davis,sr88gt70@company.com,Canada,2021-10-30,Standard,29747.73
3674,Christopher White,3ndwq0sf@gmail.com,Netherlands,2023-05-25,Basic,20100.65
3675,Karen Moore,buwfjeqp@test.com,Italy,2022-07-03,Premium,2812.92
3676,Steven Edwards,03aellyq@company.com,Switzerland,2021-05-22,Standard,5682.87
3677,Donald Anderson,z5jvvs92@test.com,UK,2023-12-06,Standard,24461.22
3678,Kimberly Taylor,60si399u@outlook.com,Italy,2023-10-13,Basic,36548.8
3679,James Moore,hk6r92z2@gmail.com,Spain,2023-06-17,Basic,9786.56
3680,Thomas Taylor,77gnh3i0@yahoo.com,France,2023-12-27,Basic,18520.49
3681,Mary Perez,1ts46t1t@mail.com,Netherlands,2021-04-12,Premium,34740.66
3682,David Edwards,4swfs5zu@email.com,Spain,2024-11-25,Basic,4797.73
3683,Robert Wilson,gjpqohbi@yahoo.com,Australia,2023-03-31,Premium,45674.2
3684,Charles Moore,obxz8043@company.com,Japan,2023-04-16,Premium,6088.03
3685,Matthew Williams,bmyp8l5i@yahoo.com,Sweden,2024-03-09,Premium,26318.89
3686,David Hernandez,sgiexr92@test.com,Brazil,2020-11-20,Premium,34393.57
3687,Richard Thomas,207yi5zh@yahoo.com,Australia,2022-02-24,Premium,27152.77
3688,Donald Anderson,pnuepduz@email.com,USA,2021-12-22,Premium,35152.52
3689,Nancy Gonzalez,7l6k1cnt@company.com,Norway,2022-06-13,Basic,29813.58
3690,Kimberly Jones,pk92wu1r@example.com,Australia,2024-04-22,Premium,16349.31
3691,James Reeves,7tc2arzt@yahoo.com,Sweden,2024-08-30,Premium,36649.16
3692,Jessica Thomas,xctyb6gc@yahoo.com,Spain,2021-04-17,Basic,33735.33
3693,Richard Thomas,9jknxm81@test.com,Germany,2022-06-27,Basic,45690.94
3694,Susan Martinez,kpyy7clo@email.com,Norway,2022-03-04,Standard,28465.71
3695,Charles Brown,5ynhp95g@email.com,Mexico,2024-08-10,Basic,6632.53
3696,Jessica Reeves,br4rbcsc@yahoo.com,Germany,2022-04-11,Premium,15871.79
3697,Donna Jones,nrb8ngl4@yahoo.com,Spain,2021-01-28,Standard,21022.62
3698,Paul Edwards,kiy2g6j0@yahoo.com,Germany,2021-12-27,Basic,6719.01
3699,Robert Rodriguez,ib9tsxfr@email.com,South Korea,2022-06-01,Basic,23377.82
3700,Jessica Smith,gdg0bv5r@yahoo.com,Spain,2022-09-24,Standard,44338.15
3701,Andrew Perez,je0dvnu4@yahoo.com,Norway,2021-08-18,Standard,3507.4
3702,Barbara Smith,s990m2m6@company.com,Canada,2022-02-03,Standard,27024.46
3703,Matthew Lee,3uhj7d4n@outlook.com,Norway,2022-07-16,Basic,40716.22
3704,Steven Garcia,f8m2xleg@example.com,UK,2023-09-17,Premium,44318.32
3705,Susan Thomas,gjk237wi@gmail.com,Netherlands,2023-03-26,Standard,27338.49
3706,Lisa Rodriguez,2qpinysu@test.com,India,2020-06-13,Standard,10157.91
3707,James Gonzalez,por7az48@test.com,Spain,2022-08-13,Basic,6897.67
3708,Linda Thomas,othcw1ka@outlook.com,Mexico,2023-06-06,Standard,19178.26
3709,Mary White,30kk9jge@example.com,India,2023-12-31,Standard,1793.88
3710,David Brown,4imcx159@email.com,Spain,2022-04-30,Basic,12208.5
3711,Andrew Martin,btoba84i@yahoo.com,Switzerland,2022-02-06,Basic,9653.91
3712,Mark Garcia,p55byjo7@yahoo.com,Japan,2022-07-04,Basic,29624.06
3713,Margaret Jones,1pbtvr9s@mail.com,Spain,2024-12-23,Standard,29563.24
3714,Steven Moore,74ppwwld@test.com,China,2023-08-11,Standard,35289.35
3715,Joseph Perez,grqsllkr@test.com,USA,2022-03-23,Premium,26093.71
3716,Lisa Martin,mzyl25k7@example.com,Germany,2024-10-14,Standard,35330.75
3717,Nancy Williams,9c3pfq67@mail.com,Australia,2020-11-27,Standard,20107.55
3718,Andrew Williams,t3e9vauj@example.com,UK,2022-05-15,Basic,38108.48
3719,Karen Reeves,zooywuhf@test.com,India,2021-11-04,Basic,41040.09
3720,Jessica Taylor,s0ixjif4@mail.com,Germany,2022-10-24,Basic,8775.5
3721,James Reeves,3pljv61b@gmail.com,USA,2020-11-06,Basic,46645.67
3722,James Johnson,a60o4qaz@email.com,Japan,2021-09-23,Basic,31284.82
3723,Michael Gonzalez,9frroa5v@company.com,Germany,2021-12-26,Premium,37923.5
3724,Barbara Brown,3unhhlv6@test.com,Mexico,2023-04-28,Standard,43228.84
3725,Margaret Reeves,ege1gtdy@test.com,Canada,2020-08-24,Standard,23102.23
3726,Christopher Martinez,otkunurl@test.com,Norway,2024-04-03,Premium,4848.61
3727,David Miller,i44ivndr@yahoo.com,USA,2024-09-15,Basic,11141.91
3728,Matthew Jones,knu0ztug@example.com,Netherlands,2023-10-12,Premium,47669.23
3729,David Anderson,tb3kw49h@mail.com,Brazil,2021-12-29,Basic,33353.35
3730,Mary Williams,fxyuc7vv@outlook.com,India,2021-01-26,Standard,28876.91
3731,Sarah Smith,dunurm84@company.com,Brazil,2023-10-20,Basic,29411.58
3732,William Rodriguez,l1cexhtr@test.com,Mexico,2021-05-20,Basic,31794.71
3733,Mary Edwards,kef72akt@test.com,Brazil,2020-10-22,Premium,2118.06
3734,Patricia Taylor,kpkm7z7s@outlook.com,Germany,2020-12-04,Basic,2852.36
3735,Daniel Perez,j3qa8nh0@example.com,South Korea,2024-03-24,Basic,41788.59
3736,Ashley Smith,3jsrzms1@example.com,Norway,2023-07-19,Basic,33379.14
3737,Lisa Williams,qnekrbsz@test.com,Australia,2020-09-22,Standard,43777.22
3738,Richard Lopez,mtq0hizo@outlook.com,France,2021-11-21,Premium,21338.81
3739,Jessica Martinez,tq6ye84c@email.com,Japan,2022-05-18,Standard,18237.16
3740,Mary Davis,t2906dlf@example.com,Switzerland,2020-08-03,Premium,40722.2
3741,Linda Harris,7jjhnbt3@example.com,Japan,2020-03-25,Basic,29036.98
3742,Donald Harris,a075oksn@company.com,France,2020-11-29,Standard,9334.61
3743,Ashley Anderson,ommy45lf@outlook.com,Switzerland,2022-10-08,Standard,1250.51
3744,Jessica Brown,2eopveg4@yahoo.com,South Korea,2022-02-28,Premium,30694.36
3745,Matthew Garcia,g29vqyga@example.com,India,2022-07-23,Standard,22525.21
3746,Thomas Jones,gbvszhfi@yahoo.com,Switzerland,2021-11-23,Basic,17625.55
3747,Jessica Martin,qw69xh5z@email.com,India,2023-01-03,Standard,25513.02
3748,Ashley Collins,29k3246v@yahoo.com,Brazil,2023-10-16,Basic,44033.0
3749,Kimberly Davis,wxz17977@company.com,France,2023-03-06,Basic,42726.06
3750,Joseph Wilson,towqaodz@mail.com,Brazil,2024-07-03,Premium,2264.08
3751,Nancy Perez,vtuo155d@gmail.com,Mexico,2022-09-26,Premium,36725.95
3752,Mark Roberts,eqacgohe@email.com,Germany,2023-08-20,Standard,9387.26
3753,John Johnson,n5cdw9pa@company.com,Italy,2021-11-14,Premium,42733.06
3754,Donna Perez,e7c3kqua@outlook.com,Italy,2020-12-20,Standard,35343.1
3755,Robert Roberts,z2e8n3eg@gmail.com,Spain,2024-10-28,Standard,25484.87
3756,Patricia Hernandez,oj295p1c@gmail.com,Japan,2024-09-17,Standard,10555.63
3757,Michael Perez,cy105xur@example.com,Brazil,2020-02-10,Basic,16041.12
3758,Christopher Lopez,wdd9fkp8@test.com,Spain,2021-06-08,Premium,11874.56
3759,Mary Reeves,myq4j5du@email.com,France,2023-07-14,Basic,13573.95
3760,Donald Moore,ygkl7iwt@gmail.com,Netherlands,2024-08-28,Premium,39074.08
3761,Mark Thompson,tj5xslkg@outlook.com,Netherlands,2024-01-14,Standard,48973.82
3762,James Brown,d9pprmqg@company.com,Japan,2021-07-09,Standard,44452.9
3763,Linda Harris,2bpkf0a1@example.com,USA,2022-05-01,Premium,36217.15
3764,Christopher Miller,4rayjl59@company.com,Germany,2024-07-19,Premium,23063.87
3765,Sarah Hernandez,hj4elss8@example.com,Germany,2020-11-26,Standard,42450.41
3766,Thomas Hernandez,a8g7joug@company.com,Switzerland,2024-11-25,Premium,11064.34
3767,Steven Collins,atryrmf2@outlook.com,Canada,2020-03-09,Basic,15338.86
3768,Barbara Miller,xk89gytx@company.com,Brazil,2024-04-22,Premium,18009.72
3769,Robert Perez,bdxotook@example.com,South Korea,2024-11-19,Standard,25436.88
3770,Nancy Martin,cut54ehx@company.com,China,2024-06-29,Standard,36314.98
3771,Sarah Harris,forrll5t@yahoo.com,Sweden,2023-08-18,Basic,26314.76
3772,Margaret Jones,opi3gsbc@mail.com,Japan,2024-02-07,Premium,19018.19
3773,Susan Martinez,vqam9ye7@company.com,Canada,2024-11-19,Standard,18625.16
3774,Karen Thomas,odg9rxxj@gmail.com,Netherlands,2021-12-31,Premium,17486.52
3775,Joseph Taylor,i7o3hkvp@mail.com,UK,2021-11-16,Basic,26641.39
3776,Barbara Harris,8hb3komp@email.com,Brazil,2023-10-04,Standard,4279.39
3777,Karen Jackson,6yi7jlru@email.com,Spain,2022-11-08,Basic,7571.5
3778,Richard Edwards,w3xirhmx@outlook.com,Canada,2022-11-29,Premium,4293.85
3779,Jennifer Harris,oxpy5j3s@email.com,Sweden,2022-07-11,Premium,6644.65
3780,Ashley Williams,t9oj4x9o@test.com,Mexico,2022-10-29,Basic,38152.04
3781,Patricia Harris,eiuyj3mj@yahoo.com,China,2024-01-10,Basic,30118.62
3782,Daniel White,246kolfp@gmail.com,China,2022-01-02,Premium,49272.96
3783,Richard Taylor,y44sx6xb@yahoo.com,Canada,2024-03-02,Premium,17348.55
3784,Karen Davis,6u9bl57j@gmail.com,UK,2024-12-25,Premium,27149.45
3785,Matthew Rodriguez,yu08qg1i@mail.com,Canada,2022-11-14,Premium,493.21
3786,Sandra Wilson,pb710myv@example.com,India,2021-07-24,Basic,2398.88
3787,John Rodriguez,fxf4us3s@test.com,Australia,2023-06-29,Basic,4026.97
3788,Donald Martinez,88yk9ciu@gmail.com,Brazil,2023-05-18,Basic,10291.64
3789,Kimberly Johnson,zffmoz2n@yahoo.com,Italy,2024-09-28,Basic,39787.8
3790,Andrew Thomas,cld4fwk0@company.com,Sweden,2022-10-06,Premium,36948.99
3791,Patricia Jackson,pojuki2s@mail.com,Australia,2024-01-19,Premium,6206.87
3792,Sandra Taylor,m7o9pvie@test.com,India,2024-06-24,Premium,30696.58
3793,Robert Davis,x75uhna2@email.com,UK,2023-07-19,Standard,36097.39
3794,Christopher Brown,5405tqsy@test.com,Mexico,2022-08-15,Premium,27537.3
3795,Daniel Moore,5akoefjo@company.com,India,2022-02-12,Standard,21761.78
3796,Thomas Harris,n1o9t1hw@outlook.com,Germany,2021-03-07,Premium,45274.8
3797,Susan Jones,cr08tgbx@test.com,Spain,2022-10-17,Basic,2392.98
3798,Jennifer Garcia,imqz300w@mail.com,USA,2020-06-14,Premium,30057.46
3799,David Martin,faip0lrj@gmail.com,Norway,2024-12-25,Standard,2563.03
3800,Steven Harris,kw7cife5@email.com,South Korea,2024-03-13,Standard,31198.05
3801,Andrew Roberts,fpiiaay7@example.com,Italy,2022-06-07,Basic,22853.73
3802,Joseph Harris,ok7kyckn@email.com,Mexico,2023-10-03,Basic,16046.26
3803,William Taylor,eco8vxf8@outlook.com,Germany,2021-04-28,Premium,37149.55
3804,Kimberly Martin,sz5zsuxf@yahoo.com,Canada,2023-10-24,Basic,29998.88
3805,Emily Harris,caff2x5y@test.com,China,2024-02-25,Standard,25989.74
3806,Robert Williams,w1ja8h1j@outlook.com,India,2021-05-23,Standard,14650.46
3807,Karen Martin,1drlj0bh@outlook.com,Sweden,2023-10-04,Basic,9571.52
3808,Patricia Martin,cpc5ax0q@outlook.com,Italy,2021-09-27,Premium,1504.6
3809,Barbara Edwards,kmlyhcnf@company.com,China,2020-05-15,Basic,23480.52
3810,Ashley Perez,pytoy7wp@outlook.com,South Korea,2020-09-13,Basic,43451.79
3811,Nancy Garcia,1r2td8y6@yahoo.com,Canada,2024-01-19,Premium,26402.66
3812,Barbara Lopez,7whndru4@mail.com,UK,2021-10-17,Premium,44623.33
3813,Paul Taylor,abvoanpa@gmail.com,Sweden,2021-09-07,Basic,32213.84
3814,Lisa White,9r66ebkh@gmail.com,Sweden,2024-08-24,Standard,27989.38
3815,Mark Hernandez,7nf5sjei@example.com,India,2023-02-04,Basic,2819.44
3816,Susan White,7crrbiht@example.com,India,2024-07-05,Premium,21888.38
3817,Ashley Martinez,y03n6675@example.com,Germany,2022-11-05,Standard,42659.59
3818,Charles Jones,nlmk3k6z@outlook.com,China,2024-08-15,Standard,33249.54
3819,Mark Martin,kpki9c3h@gmail.com,India,2023-01-26,Premium,25094.01
3820,Betty White,smm4pvm4@gmail.com,Japan,2023-06-07,Premium,48258.38
3821,Charles Thompson,i7ic345z@email.com,Brazil,2021-11-19,Standard,38809.27
3822,Lisa Edwards,x46atntk@test.com,France,2022-07-10,Basic,18541.78
3823,Jessica Edwards,g2klty5v@company.com,South Korea,2020-08-20,Basic,8445.36
3824,Linda Martin,j0vsiaqq@yahoo.com,South Korea,2023-07-16,Premium,5089.81
3825,Mary Moore,0014pi30@email.com,Spain,2020-12-24,Premium,18467.26
3826,Thomas Lee,1425ld9e@email.com,UK,2024-06-17,Premium,46772.34
3827,Richard Rodriguez,96xbeurz@yahoo.com,Norway,2021-04-11,Standard,2011.34
3828,Robert Garcia,fr0ayvnx@company.com,France,2021-04-13,Standard,4145.37
3829,Donna Reeves,yzfpgwv5@company.com,Mexico,2022-03-04,Basic,11703.17
3830,Karen Collins,kqvgxo23@example.com,France,2020-01-12,Standard,18498.11
3831,Jennifer Roberts,9nxajmz0@example.com,USA,2021-08-15,Premium,12582.39
3832,Karen Moore,e6usfoqk@example.com,Switzerland,2021-02-26,Premium,48735.54
3833,James Brown,viat22hd@yahoo.com,China,2020-01-26,Standard,17282.3
3834,Ashley Moore,2g46jl0k@gmail.com,India,2021-03-12,Standard,46335.77
3835,Steven Hernandez,6as6tttd@email.com,Mexico,2021-04-22,Standard,32681.86
3836,Daniel White,s4bi3frl@example.com,Brazil,2021-12-03,Standard,7210.63
3837,Nancy Wilson,33h6z1tg@example.com,Germany,2021-02-12,Basic,11223.73
3838,Barbara Thompson,ecvi5ryb@email.com,Brazil,2021-12-03,Basic,16253.81
3839,Susan Rodriguez,n7fzibdm@company.com,Norway,2024-02-03,Premium,40906.06
3840,Jennifer Rodriguez,iszrr1ju@company.com,Japan,2022-10-15,Premium,26754.01
3841,Michael Martin,h5kbfcko@example.com,Spain,2021-12-20,Standard,21947.99
3842,Sarah Thomas,c5lm3ygw@yahoo.com,Japan,2020-08-22,Basic,17739.58
3843,Ashley White,du06ufx7@example.com,South Korea,2022-04-28,Standard,6917.41
3844,Betty Harris,djvs4g9k@test.com,Japan,2022-02-03,Standard,17513.8
3845,Barbara Lopez,apgi32o4@example.com,Brazil,2024-03-27,Premium,24823.15
3846,Susan Jones,kirxc9t3@company.com,Germany,2024-04-28,Basic,46172.68
3847,Margaret Miller,fcgml9kj@company.com,Spain,2022-03-21,Standard,24576.0
3848,Daniel Brown,daib6sqk@gmail.com,Spain,2024-04-15,Basic,29298.3
3849,Karen Reeves,8yyk2vhh@mail.com,Australia,2020-12-01,Premium,37119.21
3850,Christopher Brown,zp3qcsvx@outlook.com,South Korea,2024-02-13,Standard,3169.47
3851,Jessica Wilson,cdnh2e0q@test.com,Brazil,2023-04-22,Standard,40585.8
3852,Nancy Rodriguez,r0akii80@email.com,Netherlands,2023-05-10,Premium,34829.45
3853,David Anderson,o2juxbob@test.com,Sweden,2020-12-20,Premium,35462.41
3854,Donna Jackson,5rrhw5hg@yahoo.com,Sweden,2022-07-18,Basic,44900.09
3855,William Martin,nn8urh0e@gmail.com,Brazil,2024-09-26,Basic,39856.25
3856,Ashley Miller,k2om9bkw@company.com,Netherlands,2024-03-31,Basic,38173.87
3857,Richard Jackson,ix17xnof@gmail.com,Norway,2022-06-30,Basic,44380.84
3858,David Jackson,o9nx50r3@example.com,Australia,2022-02-28,Premium,43193.59
3859,David Thomas,ia2qnjxj@example.com,Sweden,2021-04-18,Basic,28728.03
3860,William Williams,q62xa9xv@test.com,Switzerland,2024-10-11,Basic,46004.94
3861,Paul Martin,0yesnzoj@outlook.com,Norway,2023-08-05,Premium,6642.09
3862,Donna Smith,f6gk4p9o@yahoo.com,Switzerland,2023-12-02,Standard,28120.02
3863,Margaret Wilson,94mrb6tt@example.com,Germany,2021-02-08,Basic,36529.87
3864,Charles Smith,wzgovq1u@mail.com,Netherlands,2022-06-29,Standard,8457.36
3865,Jessica Roberts,ltjby6q0@mail.com,China,2022-08-17,Premium,2499.08
3866,David Wilson,j5y3voz3@test.com,UK,2022-10-23,Basic,42062.72
3867,Michael Harris,ptr5e7bc@test.com,Switzerland,2022-08-20,Standard,19216.64
3868,Robert Johnson,gaxizles@outlook.com,Italy,2021-12-04,Standard,9115.79
3869,Mary Martin,lfjmzgwf@gmail.com,Germany,2022-01-09,Standard,49994.42
3870,Mary Jackson,jcg2lmll@test.com,Australia,2021-10-16,Standard,35849.9
3871,Donna Davis,p47av5os@test.com,Brazil,2023-10-17,Standard,7715.17
3872,Joseph Harris,6khadigs@mail.com,Sweden,2023-03-28,Basic,14572.83
3873,Robert Martin,x3av0tte@test.com,Mexico,2020-05-02,Standard,15234.71
3874,Patricia Thomas,ddxjtw5n@test.com,Sweden,2021-10-05,Basic,46407.26
3875,Joseph Martin,dxq4wbgy@test.com,India,2020-06-04,Basic,34661.61
3876,Lisa Miller,0jg4q8i0@test.com,Switzerland,2021-02-19,Premium,47156.66
3877,James Edwards,b6j8gx6y@company.com,China,2020-09-09,Premium,41140.17
3878,David Miller,37b85tnt@outlook.com,Spain,2021-04-02,Standard,28134.4
3879,Emily Williams,wkgd6pkq@test.com,Italy,2020-12-12,Basic,15903.45
3880,Charles Jones,mpqgdkf0@test.com,France,2021-06-01,Standard,40534.24
3881,Margaret Jones,qblzzbln@company.com,UK,2024-10-18,Standard,7886.83
3882,Jessica Rodriguez,cu63ji1n@gmail.com,UK,2024-07-04,Standard,46422.4
3883,Donna Lee,1ewhvf1h@test.com,USA,2021-06-02,Basic,16162.9
3884,Robert Miller,xs8rwgos@example.com,Japan,2021-11-17,Premium,6997.26
3885,Betty Roberts,epyf0lnw@example.com,UK,2022-02-16,Premium,32303.89
3886,Barbara Thomas,sh0k732n@email.com,UK,2020-09-29,Basic,42029.79
3887,Donald Martin,4ml15dzv@mail.com,Spain,2020-06-10,Standard,42846.0
3888,Lisa Gonzalez,3qtmpdje@outlook.com,France,2023-07-18,Basic,34265.1
3889,Emily Williams,aghwlgqo@mail.com,China,2021-12-28,Premium,40321.77
3890,Daniel Hernandez,jsms38wz@gmail.com,Australia,2023-03-21,Premium,15365.71
3891,Donna Thomas,stvuw35k@company.com,USA,2022-03-21,Premium,7388.48
3892,John Jackson,1bwvbye9@gmail.com,Germany,2020-01-02,Standard,23300.77
3893,Joseph Johnson,t65la8hh@email.com,Netherlands,2022-07-08,Premium,17348.58
3894,Kimberly Jackson,eilzf4qw@example.com,France,2022-02-04,Premium,46069.89
3895,David Harris,m1sjx9a1@email.com,Germany,2022-09-22,Standard,8948.78
3896,William Brown,ye017kjx@mail.com,USA,2020-10-25,Basic,15003.31
3897,Donald Harris,cyc3dad6@test.com,Switzerland,2021-04-19,Premium,47025.39
3898,Lisa Jones,zw2agrcb@outlook.com,China,2020-01-19,Standard,15239.47
3899,Mary Jones,fqmpzx56@company.com,Spain,2022-03-30,Premium,13767.34
3900,Betty Roberts,bfai6tp5@email.com,Netherlands,2022-06-17,Standard,19232.02
3901,Margaret Collins,v3synh9b@company.com,Sweden,2024-03-03,Premium,20381.67
3902,Matthew Miller,duuvyq9b@company.com,Australia,2020-08-19,Basic,23533.88
3903,Patricia Perez,wfziwjot@example.com,Mexico,2021-09-16,Basic,39164.23
3904,Karen Garcia,mb30i1ww@email.com,China,2024-01-11,Basic,22445.35
3905,Kimberly Miller,8if5vzvx@example.com,Italy,2020-10-10,Standard,47414.14
3906,Margaret Williams,syxomv66@company.com,Brazil,2020-02-25,Standard,36098.27
3907,Donald Martin,msn650dj@example.com,Sweden,2023-10-14,Premium,7891.56
3908,Lisa Moore,7g5gvjpk@company.com,Canada,2021-08-31,Premium,13390.76
3909,Christopher Brown,yonp5boi@gmail.com,Netherlands,2020-11-24,Standard,23205.49
3910,Margaret Collins,ny8mzchz@example.com,Netherlands,2021-08-04,Standard,18874.73
3911,Thomas Thomas,rr2k06gs@yahoo.com,Germany,2024-09-29,Basic,33388.84
3912,Donald Thompson,72e0f9f4@test.com,Netherlands,2023-06-01,Basic,30055.28
3913,Christopher White,94cl4otg@test.com,Brazil,2022-04-02,Premium,36195.49
3914,Christopher Reeves,bp3glso8@yahoo.com,USA,2022-02-14,Premium,13867.56
3915,Michael Gonzalez,mog4z206@yahoo.com,Germany,2020-02-22,Standard,13215.5
3916,Matthew Perez,earp1qre@email.com,France,2020-02-03,Basic,7632.74
3917,Sarah Miller,nrbniuhr@mail.com,Australia,2023-11-13,Premium,46867.73
3918,Daniel Martinez,5n7f9ltu@email.com,Italy,2023-12-20,Basic,17765.57
3919,Betty Brown,k4mbjld2@gmail.com,Australia,2023-08-09,Standard,38229.27
3920,James Lopez,ublfju8s@mail.com,Sweden,2023-07-06,Basic,12383.82
3921,Barbara Lopez,3cdo0oxb@outlook.com,Sweden,2024-12-04,Premium,12939.67
3922,Paul Martin,ompxxdzt@mail.com,Japan,2023-10-15,Basic,34964.36
3923,John Perez,d2luin14@company.com,China,2023-04-23,Premium,14208.75
3924,Christopher Davis,bkf7q0jm@email.com,South Korea,2024-02-07,Premium,5535.69
3925,Lisa Reeves,mucoa9lc@test.com,Sweden,2022-10-07,Standard,20933.95
3926,Michael Thomas,7f8nd40q@gmail.com,Netherlands,2021-08-21,Basic,35998.68
3927,Barbara Anderson,v0z86hev@email.com,China,2022-03-20,Standard,39776.18
3928,Barbara Jones,r5xluyth@email.com,Norway,2021-08-28,Standard,42144.31
3929,Donna Smith,y5j3n6mm@test.com,Spain,2023-02-06,Premium,17181.97
3930,Sandra Harris,q79xtmpg@gmail.com,France,2024-06-05,Basic,11410.84
3931,Richard Perez,r8h6oww2@test.com,Spain,2024-04-28,Basic,22596.79
3932,Emily Anderson,ynuo9rt4@test.com,Brazil,2021-04-09,Standard,2044.15
3933,Sandra Jones,9uwpwmdr@email.com,Spain,2024-08-09,Standard,41069.9
3934,Patricia Wilson,bev535po@email.com,Switzerland,2020-11-28,Standard,39429.29
3935,Paul Harris,49h3g79h@email.com,Sweden,2020-12-23,Standard,9753.7
3936,Paul Williams,15bryqpe@mail.com,South Korea,2023-04-12,Premium,31955.03
3937,Ashley Perez,8cw8hyv1@mail.com,China,2020-06-09,Standard,13856.53
3938,Mary Thomas,ymaxymfl@example.com,Canada,2020-03-05,Standard,16456.4
3939,Steven Harris,x5t2wf55@gmail.com,USA,2024-04-24,Standard,46349.86
3940,Matthew Martin,y6xlejwc@gmail.com,Spain,2021-08-07,Premium,163.65
3941,John Martin,7q7crk0p@test.com,USA,2023-09-17,Basic,44579.7
3942,Donna Jones,2vfcpdij@mail.com,Sweden,2021-04-07,Standard,40346.84
3943,Andrew Smith,0yzooty3@email.com,South Korea,2023-12-09,Premium,8437.81
3944,Barbara Edwards,4t5yfiaz@gmail.com,Australia,2024-08-27,Premium,30153.83
3945,Charles Thomas,t6tcjay1@outlook.com,Japan,2023-11-26,Standard,15169.23
3946,Ashley Jackson,ykhl2yqn@email.com,Australia,2020-07-01,Basic,19981.68
3947,Jennifer Davis,g9vgney4@test.com,Australia,2020-06-17,Premium,38225.31
3948,David Perez,dm2z9qnr@gmail.com,India,2023-09-11,Premium,36497.07
3949,Thomas Edwards,shyvjwdx@test.com,Germany,2023-05-15,Premium,30077.06
3950,Sarah Smith,j2b8ncmr@yahoo.com,Mexico,2024-04-15,Basic,21981.78
3951,Margaret Lopez,5rgjfoma@example.com,Sweden,2021-10-01,Premium,2825.07
3952,Matthew Perez,59wggvyj@company.com,USA,2024-01-08,Basic,20058.33
3953,Jennifer Edwards,mwye5rny@email.com,Mexico,2023-02-03,Premium,37460.01
3954,Donna Garcia,m5yeh22z@outlook.com,Japan,2021-12-17,Standard,36825.41
3955,Matthew Williams,sbwte87a@test.com,UK,2021-02-13,Standard,11275.61
3956,Emily Harris,l5fj65ym@gmail.com,Italy,2022-06-01,Standard,28478.71
3957,Betty Jackson,grrg540f@gmail.com,Japan,2023-12-21,Standard,37320.0
3958,Andrew Thompson,5665cp6x@example.com,Switzerland,2020-04-14,Premium,35144.41
3959,Michael Gonzalez,rnygrf0c@outlook.com,South Korea,2020-11-27,Premium,926.1
3960,Jessica Smith,t4a27dzw@example.com,Norway,2024-07-12,Standard,42178.71
3961,Lisa Perez,49yzsgb3@yahoo.com,Italy,2023-04-19,Standard,7219.22
3962,Andrew Taylor,qgqqh70k@example.com,Sweden,2022-08-18,Basic,20015.98
3963,Mary Martin,va730wkz@test.com,Canada,2023-05-26,Standard,26540.67
3964,Betty Brown,n41wc6ll@yahoo.com,Italy,2020-09-07,Basic,23081.54
3965,Charles Rodriguez,tx3euj8y@example.com,Japan,2021-06-07,Premium,8842.83
3966,Donna Lee,snlcsvwd@yahoo.com,USA,2024-12-31,Basic,33253.72
3967,Karen Moore,lcvw20py@email.com,USA,2023-02-19,Basic,22483.46
3968,David Roberts,3j59l81t@test.com,South Korea,2023-01-04,Premium,18491.93
3969,David Rodriguez,qc4e4xep@yahoo.com,Sweden,2023-03-11,Standard,12846.93
3970,Christopher Wilson,u9dud85z@yahoo.com,Australia,2021-08-11,Basic,5832.24
3971,Mary Thomas,bjkeykug@gmail.com,Australia,2023-11-23,Standard,3353.52
3972,James Jones,rjs89flj@email.com,Netherlands,2020-09-01,Basic,10978.68
3973,John Harris,6xk96yat@mail.com,Spain,2021-11-27,Basic,32731.05
3974,Donna Miller,fjhy7096@yahoo.com,Italy,2021-01-25,Premium,3552.12
3975,Donald Martin,v6hijume@test.com,Norway,2022-11-23,Premium,32881.23
3976,Kimberly Perez,3rfbiure@company.com,France,2022-08-11,Premium,36892.12
3977,Sandra Hernandez,o7mhv9sa@example.com,Japan,2022-09-24,Standard,46782.09
3978,Margaret Martinez,0y7lpsv0@outlook.com,India,2021-03-19,Premium,25808.6
3979,Margaret Jackson,i58bdytg@example.com,Norway,2024-01-28,Premium,36469.86
3980,Richard Johnson,z38wm5fh@email.com,UK,2022-04-15,Basic,2478.89
3981,Andrew Roberts,pu5i3048@email.com,Japan,2020-05-01,Basic,20714.09
3982,Lisa Moore,b80c3bx6@example.com,Brazil,2020-03-14,Premium,40393.13
3983,Paul Perez,tv3cifsm@example.com,Italy,2022-05-15,Standard,41294.78
3984,James Roberts,5if62rue@yahoo.com,UK,2024-10-13,Basic,8798.72
3985,Andrew Jackson,cazcfda6@yahoo.com,Japan,2022-07-30,Basic,28787.43
3986,Patricia Harris,lf9hvq0z@test.com,Australia,2022-11-21,Basic,16903.86
3987,Karen Miller,jx23lflo@example.com,Switzerland,2021-03-01,Premium,11058.64
3988,James Johnson,iaqno5i9@outlook.com,Brazil,2021-05-21,Basic,32309.69
3989,Robert Jones,6w32vaad@mail.com,France,2020-04-15,Standard,33222.79
3990,Paul Jones,t0kkm3xq@test.com,Canada,2023-07-17,Standard,38382.67
3991,Sarah Lee,xh7zci84@mail.com,Japan,2022-05-26,Basic,8351.17
3992,Barbara White,tzq7ncr2@gmail.com,Mexico,2023-08-16,Premium,19091.98
3993,Thomas Lopez,tnkt5w7c@company.com,Sweden,2023-05-24,Standard,16824.2
3994,James Moore,jujj4606@test.com,Netherlands,2022-01-08,Standard,21478.2
3995,Michael Garcia,ia91lgak@yahoo.com,Brazil,2020-02-22,Standard,21579.6
3996,Karen Garcia,afdegvig@gmail.com,Sweden,2020-10-08,Standard,48250.87
3997,Jennifer White,vxq0rkyi@test.com,France,2021-03-01,Premium,35903.75
3998,Ashley Davis,ldh0squs@mail.com,Spain,2024-03-03,Basic,18238.4
3999,Richard Hernandez,t53l0uej@company.com,Italy,2022-05-12,Premium,14517.67
4000,Donna Thomas,ekatk10p@company.com,UK,2021-09-03,Standard,36932.18
4001,Betty Martin,3yuyuirz@gmail.com,UK,2021-10-30,Standard,47860.98
4002,Emily Moore,apuslmw6@outlook.com,Australia,2021-12-05,Premium,24183.91
4003,Charles Thomas,osct8oil@mail.com,UK,2024-08-14,Basic,11935.39
4004,Nancy Smith,gnjrb6g7@mail.com,USA,2021-05-07,Basic,10140.62
4005,Sarah Gonzalez,tkfdbm1s@company.com,Australia,2020-02-23,Standard,18038.4
4006,Nancy Lee,uap56hvo@gmail.com,Brazil,2024-02-29,Standard,24699.48
4007,Joseph Edwards,zbmwg92g@example.com,Mexico,2023-11-30,Premium,34336.54
4008,Robert Moore,ey9hrg08@gmail.com,Canada,2022-07-02,Basic,25023.39
4009,Donna Martin,2s4yt77y@email.com,Australia,2022-05-30,Basic,33074.13
4010,Nancy Reeves,hhdlvh6c@outlook.com,Switzerland,2020-10-14,Standard,30357.57
4011,Robert Jones,4jmhvk8s@company.com,Switzerland,2023-09-06,Premium,25811.16
4012,Christopher Davis,v34gnsd6@example.com,Brazil,2022-12-03,Standard,28595.77
4013,Barbara Edwards,ah4ba6vn@email.com,Canada,2024-09-26,Premium,24610.93
4014,Paul Lopez,lnmmwdz6@email.com,Mexico,2021-09-08,Premium,19371.07
4015,Donald Brown,kir1aj1d@gmail.com,Sweden,2020-03-23,Premium,31620.82
4016,Susan Lee,56whlvj8@mail.com,Australia,2021-06-28,Premium,18656.84
4017,Kimberly Hernandez,0drvcnig@mail.com,South Korea,2021-12-05,Standard,11277.22
4018,Jessica Thomas,hj4tvwa3@gmail.com,USA,2020-12-11,Standard,8930.74
4019,Michael Perez,eq2oo5nu@test.com,Norway,2022-08-25,Standard,14986.66
4020,William Brown,0lkd9g2j@outlook.com,Mexico,2023-12-24,Basic,12884.74
4021,Christopher Edwards,r04yhrpw@company.com,Sweden,2023-07-11,Basic,45045.2
4022,Michael Lee,f5yye5ll@mail.com,USA,2023-04-24,Standard,12038.62
4023,Jessica Miller,6vsb4sz4@mail.com,France,2022-10-13,Premium,14679.2
4024,Mark Lee,xj67ohxn@test.com,Japan,2023-03-11,Standard,42581.4
4025,Linda Davis,da8n4z9w@yahoo.com,Brazil,2024-12-13,Basic,17834.53
4026,Andrew Moore,ch20snst@outlook.com,Italy,2020-10-30,Premium,46943.3
4027,William Williams,ivzgzu2n@gmail.com,Spain,2020-06-12,Standard,20166.21
4028,William Johnson,339x3kbr@gmail.com,Sweden,2020-07-21,Standard,4029.1
4029,Susan Davis,ppjmj3nx@test.com,Italy,2024-03-31,Basic,9769.74
4030,Michael Wilson,m94qnt8n@yahoo.com,South Korea,2022-03-11,Standard,16854.56
4031,Jennifer Perez,p2nf1p6r@yahoo.com,China,2022-09-17,Premium,44009.07
4032,Susan Roberts,yv9ykhdo@mail.com,Mexico,2022-02-26,Standard,39648.68
4033,William Moore,x2jas0s3@gmail.com,Japan,2024-04-24,Premium,1048.52
4034,Ashley Thompson,wyzv4wv2@email.com,India,2024-02-21,Basic,34801.81
4035,Thomas Jones,d5a47q0m@company.com,UK,2022-05-14,Standard,3460.3
4036,Daniel Wilson,qyspr3te@email.com,Norway,2020-12-30,Premium,10145.21
4037,Donna Reeves,3fsqkc5m@company.com,Mexico,2023-09-26,Standard,47014.59
4038,Margaret Taylor,2udtxcy1@test.com,Norway,2022-09-30,Premium,13664.6
4039,Patricia Moore,1ej65qqd@email.com,India,2021-08-17,Premium,7115.7
4040,William Perez,91kgnhxy@mail.com,Netherlands,2020-07-13,Premium,40677.1
4041,Matthew Anderson,adtkcf05@gmail.com,Germany,2021-03-28,Basic,38036.56
4042,Andrew Martin,yghekq8b@gmail.com,Australia,2024-11-25,Basic,43847.39
4043,Sandra Brown,68f2u9mp@outlook.com,UK,2024-10-21,Premium,36240.94
4044,Donna Edwards,mgqpe8pq@company.com,USA,2022-01-15,Basic,24938.53
4045,Mary Davis,qxrj9368@example.com,USA,2024-01-10,Standard,28080.13
4046,David Jackson,jep5kupf@company.com,France,2022-07-02,Basic,31043.27
4047,Jennifer Reeves,vc65hys7@gmail.com,Japan,2024-03-26,Standard,7393.5
4048,Richard Harris,07ughp72@gmail.com,Norway,2024-11-28,Standard,23856.95
4049,Michael Hernandez,y6kgjib8@example.com,France,2020-07-12,Premium,44776.71
4050,Margaret Thomas,xjbv9m10@outlook.com,Switzerland,2020-02-19,Basic,25794.76
4051,William Harris,547c1g6d@example.com,Canada,2021-11-07,Basic,49538.18
4052,Matthew Smith,22erm5tz@mail.com,Norway,2020-07-17,Basic,48001.28
4053,Karen Taylor,tzkxj5gg@email.com,Japan,2020-12-04,Standard,515.13
4054,Donald Rodriguez,8dz4zren@company.com,Canada,2022-04-14,Standard,39702.92
4055,Barbara Rodriguez,mdpbd2j4@yahoo.com,Norway,2020-08-03,Premium,34563.92
4056,Patricia Anderson,o0a7oxzo@outlook.com,Mexico,2022-02-10,Basic,13635.19
4057,Susan Martin,abh2cbvk@example.com,Germany,2023-04-13,Standard,37377.35
4058,Nancy Smith,x24zk830@test.com,Germany,2024-04-19,Standard,39587.29
4059,Ashley Reeves,22yc5ub6@company.com,Japan,2022-03-08,Premium,964.87
4060,Mark Martinez,70rucprk@outlook.com,Mexico,2021-06-04,Premium,47616.07
4061,William Rodriguez,ax158x3v@gmail.com,Switzerland,2020-04-27,Premium,25929.01
4062,Thomas Edwards,uge00fro@company.com,France,2020-09-19,Premium,15796.75
4063,Mark Perez,3d0k2ks8@mail.com,Germany,2021-06-23,Premium,13378.0
4064,Karen Perez,3zypoovc@gmail.com,Mexico,2020-10-12,Basic,46026.76
4065,John Miller,i7rwwrjq@email.com,Netherlands,2021-12-30,Standard,14087.83
4066,Sandra Thomas,n728zhzd@company.com,USA,2021-03-11,Premium,15157.64
4067,Barbara Garcia,d9jmz5k9@outlook.com,UK,2021-09-19,Standard,4844.75
4068,Mary Martinez,ug7bb4dw@example.com,South Korea,2022-01-19,Premium,38203.89
4069,Margaret Jackson,cvd6rmwu@gmail.com,Canada,2021-10-19,Standard,49525.82
4070,Jessica Thompson,jabm8vc7@example.com,India,2021-07-11,Standard,5701.79
4071,Sandra Rodriguez,b0vk8f3x@mail.com,India,2020-01-06,Premium,49528.73
4072,William Brown,2zdmuu40@outlook.com,Japan,2020-05-23,Basic,34755.77
4073,Linda Wilson,ol2nbtdq@gmail.com,Spain,2020-09-22,Basic,2307.07
4074,Sarah Brown,yhhck9zw@test.com,France,2024-08-12,Premium,32750.83
4075,Lisa Williams,l4t5d8k9@test.com,Germany,2022-02-15,Premium,5998.99
4076,Sarah Thomas,aeh35m5n@email.com,Netherlands,2021-04-03,Premium,10021.74
4077,William Brown,e23c04lj@email.com,Australia,2023-11-28,Standard,6494.06
4078,Linda Miller,729cij4a@email.com,USA,2020-06-06,Standard,21012.62
4079,Linda Harris,em9jujqh@example.com,South Korea,2020-05-06,Premium,24028.69
4080,Emily Jones,74gi8ipw@yahoo.com,Netherlands,2021-12-18,Premium,25120.51
4081,James Anderson,xntmlsip@email.com,Mexico,2020-10-15,Premium,44601.91
4082,Lisa Thompson,sv7a3b0c@outlook.com,Japan,2023-10-30,Basic,26489.21
4083,John Perez,ippd7100@email.com,Italy,2021-02-22,Basic,28909.93
4084,Lisa Martinez,recdhzv2@example.com,Italy,2023-03-13,Standard,8143.08
4085,Mark Garcia,s0f25emp@email.com,USA,2021-08-24,Premium,8865.14
4086,Ashley Martinez,kqakcir9@outlook.com,France,2021-07-03,Basic,14270.25
4087,David Davis,61oshvvi@email.com,USA,2022-03-13,Basic,7333.94
4088,Sandra Miller,tfwvvqzs@test.com,Japan,2021-12-27,Standard,40253.62
4089,Donald Harris,y34xx4ts@email.com,Brazil,2023-04-07,Premium,23793.36
4090,Nancy Reeves,s3gxk8k4@outlook.com,Netherlands,2022-10-11,Premium,28341.57
4091,Matthew Martin,cwwvd0ol@test.com,Switzerland,2020-11-25,Basic,4913.63
4092,Andrew Taylor,95b12qzu@example.com,Mexico,2023-11-01,Basic,39313.03
4093,Linda Thomas,xm4exjj0@test.com,UK,2023-08-01,Basic,42323.17
4094,Charles Lopez,l7975vnf@test.com,China,2024-03-19,Basic,45593.5
4095,Mark Reeves,np0im4h1@gmail.com,China,2022-07-28,Premium,35485.17
4096,Joseph Edwards,qeynnsd8@gmail.com,Italy,2024-10-21,Standard,25767.67
4097,Sarah Thompson,7wq9xc29@email.com,Germany,2023-12-09,Standard,18778.88
4098,Charles Johnson,nsqi1v2u@mail.com,Brazil,2020-11-16,Premium,30053.52
4099,Mark Thomas,2gw2kull@company.com,France,2020-11-19,Premium,16137.95
4100,Paul Martin,6745ugsy@email.com,Netherlands,2021-05-03,Premium,32632.22
4101,Sarah Anderson,bw0fbwpv@mail.com,Brazil,2024-11-27,Standard,39765.75
4102,Joseph Brown,vn3oocmp@test.com,Japan,2024-06-18,Basic,36978.26
4103,Jessica Thomas,kriaoi4p@gmail.com,France,2022-03-01,Basic,25616.85
4104,Linda White,q7j8m8cw@email.com,India,2023-01-23,Standard,9206.48
4105,Paul Taylor,woefjpa5@yahoo.com,USA,2024-04-10,Standard,43294.81
4106,Donna Garcia,2q4nrvj0@test.com,Japan,2021-11-24,Premium,42263.54
4107,Mary Martin,rp89b8r9@outlook.com,India,2021-04-13,Standard,48410.41
4108,William Jones,l4wg5w28@outlook.com,Canada,2020-08-20,Standard,27667.9
4109,Linda Davis,7696vgcp@mail.com,UK,2021-12-22,Premium,7429.49
4110,Jessica Rodriguez,l13tpy72@example.com,Switzerland,2024-10-22,Standard,19218.61
4111,Ashley Smith,xuc1p7zc@email.com,China,2020-02-27,Standard,4864.99
4112,Andrew Davis,g0azdkkq@gmail.com,Japan,2021-02-17,Basic,49632.92
4113,Joseph Hernandez,iq05pmyf@company.com,Mexico,2020-05-16,Premium,46584.19
4114,Jennifer Martinez,53dote3n@example.com,India,2023-07-26,Premium,23638.91
4115,Andrew Miller,408osla7@company.com,India,2024-03-27,Standard,25585.3
4116,Karen Anderson,bvhcnuvl@yahoo.com,Germany,2023-07-18,Premium,29759.43
4117,Charles Edwards,j2x9jhqz@company.com,India,2022-07-19,Basic,13185.36
4118,Patricia Martin,33ir5e9l@email.com,India,2023-11-08,Premium,32714.65
4119,Barbara Moore,p49sq49b@yahoo.com,Norway,2023-12-28,Basic,27030.14
4120,Thomas Thomas,tebqsxj2@company.com,India,2024-10-21,Premium,38756.57
4121,David Lopez,oe96cyl8@yahoo.com,USA,2023-03-09,Standard,18177.01
4122,David Gonzalez,m1xeomkp@gmail.com,USA,2020-01-15,Basic,49991.34
4123,Andrew Martin,s9qp0di6@outlook.com,Germany,2021-01-01,Basic,18498.58
4124,Sandra Perez,u0g4kiku@gmail.com,Switzerland,2021-02-15,Premium,23225.64
4125,Michael Jackson,yvbqqid2@mail.com,Spain,2024-05-21,Standard,49189.39
4126,Daniel Edwards,6hlte9yw@company.com,Canada,2023-09-22,Premium,24794.54
4127,Sandra Edwards,4ev137s9@yahoo.com,Sweden,2022-10-30,Premium,4903.24
4128,Patricia Anderson,n1yl9unl@test.com,Canada,2021-05-30,Premium,18490.43
4129,Mark Reeves,qv9ri45v@email.com,USA,2024-08-03,Standard,39261.33
4130,Susan Moore,wh1retme@outlook.com,UK,2022-04-05,Basic,48541.81
4131,Sandra Garcia,vynwyrjs@gmail.com,Japan,2020-12-14,Standard,27154.14
4132,Christopher Martinez,oaxzx9sl@example.com,France,2020-05-24,Basic,3948.69
4133,Thomas Miller,07kdv9ky@mail.com,South Korea,2021-05-30,Standard,37428.78
4134,Christopher Martinez,oj4l17k6@email.com,Spain,2020-07-06,Standard,36266.19
4135,John Thompson,14rbhpa9@test.com,Japan,2024-06-21,Premium,5926.61
4136,Robert Wilson,2ya51a31@email.com,USA,2024-03-21,Premium,36248.43
4137,William Lee,rssa3j8r@example.com,USA,2024-03-26,Basic,47029.66
4138,Mark Edwards,qf4p9oqk@mail.com,Sweden,2023-11-27,Standard,48692.14
4139,Jennifer Martin,lbt2ljck@email.com,Brazil,2020-05-18,Standard,44836.91
4140,Richard Jones,fcv4fdep@gmail.com,South Korea,2022-10-31,Premium,42918.61
4141,Steven Brown,591jxljc@example.com,France,2023-09-25,Standard,27741.44
4142,Donald Miller,j5i4k8in@outlook.com,Brazil,2023-08-07,Standard,28398.73
4143,Lisa Davis,8xvyau87@test.com,Australia,2020-12-04,Standard,265.22
4144,Sandra Gonzalez,d4b86zu0@yahoo.com,Australia,2020-07-06,Basic,30657.2
4145,Barbara Jackson,zpgpnemy@yahoo.com,Norway,2022-09-09,Basic,18217.99
4146,Patricia Davis,3kzncmk1@email.com,UK,2022-12-12,Basic,33866.0
4147,David Martinez,c3ff22w2@example.com,Norway,2022-07-20,Premium,957.42
4148,John Johnson,2x32vv8m@test.com,Italy,2022-08-16,Basic,48470.49
4149,Betty Wilson,8077xavl@outlook.com,Canada,2022-09-07,Premium,48424.89
4150,Lisa Martin,90gnvygi@gmail.com,Sweden,2024-11-05,Standard,36624.21
4151,Betty Brown,zenk5z3g@mail.com,Mexico,2021-06-14,Premium,44646.25
4152,Margaret Martin,hml14i07@example.com,USA,2021-12-13,Standard,5067.03
4153,Thomas Jones,cyzr7z5p@gmail.com,Sweden,2021-01-04,Basic,47571.33
4154,Jessica Martin,50g7cedv@example.com,Canada,2022-11-05,Standard,29279.07
4155,Jessica Collins,hbxcsxcx@email.com,USA,2020-11-27,Premium,42935.14
4156,Paul Brown,uo70wtjh@mail.com,Sweden,2022-05-13,Premium,49215.25
4157,Sarah Collins,7sunt9qx@email.com,Sweden,2020-03-15,Standard,20451.97
4158,Kimberly Jackson,bkpj7x7t@email.com,Japan,2022-11-19,Standard,1509.91
4159,Susan White,1bfbrn92@outlook.com,Japan,2023-02-09,Basic,27667.37
4160,Jennifer Martinez,qtt4hoxv@yahoo.com,India,2023-06-29,Standard,17918.51
4161,Paul Gonzalez,os8j24tj@mail.com,Japan,2021-10-26,Premium,21126.94
4162,Joseph Lee,16gjycyc@test.com,Brazil,2024-08-31,Basic,18952.33
4163,Jennifer Harris,kxosjvsv@mail.com,Switzerland,2020-09-08,Premium,24221.38
4164,John Jones,d57ghx66@email.com,USA,2022-02-11,Standard,26098.93
4165,Matthew Garcia,g129aykp@company.com,Norway,2022-11-18,Standard,26737.6
4166,Margaret Martin,1trl0pse@example.com,South Korea,2023-05-10,Basic,33994.92
4167,Robert Reeves,sx78xbp8@gmail.com,Netherlands,2022-08-17,Standard,21246.43
4168,Charles Miller,h7uybm2d@example.com,Spain,2021-02-02,Standard,43225.76
4169,Thomas Martin,d109rk7z@yahoo.com,Sweden,2022-11-03,Standard,11796.06
4170,Charles Smith,1oeye048@outlook.com,Australia,2021-03-01,Premium,10480.77
4171,Jennifer Johnson,q8sz7qst@email.com,France,2020-03-06,Standard,41968.47
4172,David Smith,0dsosqo0@gmail.com,Mexico,2024-05-17,Basic,27331.45
4173,Christopher Jackson,pz0d63ye@yahoo.com,Brazil,2024-06-08,Basic,44242.63
4174,Joseph Thompson,djgt1qzj@company.com,South Korea,2021-04-22,Standard,22390.05
4175,William Moore,23oth9ri@test.com,China,2021-11-12,Standard,5641.08
4176,Mark Garcia,q70vh5xv@gmail.com,Netherlands,2020-05-31,Premium,12463.75
4177,Sandra Anderson,sy0lj2fh@example.com,Netherlands,2022-07-14,Basic,35101.78
4178,Mary Rodriguez,yjz7t6do@example.com,France,2021-05-13,Standard,28217.66
4179,Robert Gonzalez,i6qlmj9k@gmail.com,China,2020-11-03,Premium,40286.49
4180,Kimberly Jackson,zsqzcuz6@email.com,Netherlands,2023-03-18,Premium,41150.98
4181,Susan Thomas,7yhwb24r@gmail.com,Switzerland,2024-02-16,Basic,46794.48
4182,Susan Roberts,ax0si9ic@gmail.com,UK,2024-03-30,Premium,20250.36
4183,David Rodriguez,a0cmyzzj@email.com,Switzerland,2021-08-08,Standard,46316.49
4184,Donald Harris,504fx0ak@email.com,Netherlands,2024-02-17,Basic,43238.46
4185,Christopher Taylor,54316ujk@gmail.com,USA,2020-09-18,Basic,49736.43
4186,Barbara Davis,k9x5dkgz@example.com,Sweden,2023-09-12,Basic,3100.94
4187,Linda Davis,6q7xvt53@email.com,South Korea,2021-10-10,Standard,11222.01
4188,Lisa Davis,wl7gfrd4@gmail.com,India,2022-02-25,Premium,8948.11
4189,Susan Brown,jxix9d20@example.com,Netherlands,2022-12-30,Premium,3072.38
4190,Andrew Martinez,ayj9ui8n@mail.com,Canada,2022-06-17,Basic,29377.93
4191,Susan Thompson,91bztx2k@yahoo.com,Italy,2020-03-21,Basic,19236.56
4192,William Smith,sl3begj3@email.com,Japan,2020-07-20,Standard,42017.81
4193,Linda Taylor,egey50uc@gmail.com,France,2021-05-16,Premium,9815.56
4194,Richard Martin,83huy7t7@yahoo.com,China,2021-01-17,Standard,11749.37
4195,Robert Garcia,ez23d4b1@mail.com,Italy,2023-10-29,Premium,48199.3
4196,James Hernandez,vskxg57t@company.com,Italy,2023-07-26,Standard,42049.16
4197,Nancy Harris,zwu725ri@yahoo.com,UK,2020-08-09,Standard,13890.27
4198,Jessica Martin,epqbyd77@company.com,Norway,2022-12-04,Premium,40775.4
4199,Donald Rodriguez,xnfwwwgg@test.com,Spain,2022-06-06,Standard,7339.85
4200,Jessica Martin,qnwzb9lm@test.com,UK,2024-12-07,Standard,22289.39
4201,Michael Collins,9q36ljai@mail.com,Netherlands,2020-09-24,Standard,39911.47
4202,Sarah Lee,0lwqbyau@test.com,Norway,2024-09-16,Standard,41390.22
4203,Susan Reeves,3z8eztmb@gmail.com,France,2022-04-06,Premium,21485.44
4204,John Perez,9xlclpxf@company.com,Sweden,2020-08-23,Basic,37843.86
4205,Donald Smith,k30tztkr@gmail.com,India,2023-09-21,Basic,21782.07
4206,Ashley White,drugud3i@mail.com,Italy,2021-01-28,Basic,14957.99
4207,Jessica Smith,wevsxhbz@gmail.com,Sweden,2021-11-29,Basic,7722.32
4208,Betty Gonzalez,jwagjm3p@mail.com,Mexico,2023-04-10,Standard,37369.78
4209,Sarah Thompson,vmb9kzyx@outlook.com,USA,2023-04-29,Standard,14073.0
4210,Betty Rodriguez,7d1h435u@company.com,China,2021-07-06,Premium,9268.82
4211,Paul Davis,fwmsq5f8@email.com,Italy,2020-01-08,Standard,30794.87
4212,Daniel Roberts,xa859tyz@yahoo.com,South Korea,2021-02-07,Basic,27696.32
4213,Richard Taylor,yc99zufd@yahoo.com,UK,2024-11-18,Basic,29594.45
4214,Christopher Gonzalez,f98p6n6n@example.com,South Korea,2024-11-12,Premium,122.85
4215,Christopher Roberts,ygl4bm3a@mail.com,India,2024-01-10,Standard,28390.71
4216,Jennifer Rodriguez,7969m8fs@email.com,France,2022-01-24,Standard,43518.85
4217,Charles Harris,do357ny1@test.com,Australia,2021-09-26,Premium,19933.02
4218,Sarah Gonzalez,mseecuou@example.com,Germany,2021-07-28,Basic,32165.11
4219,Barbara Davis,lhvg6doz@example.com,Switzerland,2023-05-10,Standard,22254.57
4220,Christopher Williams,rhzo7e88@email.com,Switzerland,2022-02-23,Basic,2351.51
4221,Jessica Martinez,0mh742dy@mail.com,China,2023-06-05,Basic,44337.3
4222,Patricia Lee,yd4nt4n8@mail.com,Netherlands,2022-03-12,Standard,21512.04
4223,Mary Miller,45hgktpg@test.com,UK,2023-06-27,Basic,7172.28
4224,Ashley Davis,o0mpq9c6@gmail.com,Switzerland,2020-11-21,Standard,34062.14
4225,Richard Reeves,2hnqcjzo@test.com,UK,2022-05-03,Standard,1497.97
4226,Richard Garcia,o8x83j6z@mail.com,Netherlands,2020-12-22,Standard,34487.52
4227,Jennifer Anderson,pt6pkscu@mail.com,Switzerland,2022-11-16,Premium,48191.44
4228,Sarah Miller,s1raw0m1@test.com,USA,2021-11-27,Premium,41253.51
4229,Robert Moore,2dttnoog@mail.com,South Korea,2024-02-27,Basic,4414.24
4230,Robert Roberts,g73v5thy@gmail.com,Japan,2020-04-22,Standard,38512.74
4231,William Reeves,now9d2ol@mail.com,Spain,2023-03-20,Standard,4498.66
4232,James Martinez,22s7lx69@test.com,Brazil,2022-12-21,Basic,49729.88
4233,Patricia Garcia,kvschv1q@example.com,India,2023-10-02,Standard,37841.33
4234,Charles White,j2t02a4p@example.com,Canada,2020-09-12,Basic,37355.75
4235,Daniel Brown,o1z2qs3n@email.com,South Korea,2021-04-12,Standard,10791.65
4236,Matthew Jones,e6o3wp59@example.com,Spain,2024-03-24,Premium,49694.07
4237,Donna Roberts,mtiuwq0w@gmail.com,UK,2021-11-05,Basic,1790.75
4238,Sarah Rodriguez,h9pvhlg4@company.com,Spain,2021-05-05,Standard,47936.31
4239,Jennifer Thompson,2a9rw3ht@gmail.com,Australia,2022-10-29,Premium,26584.84
4240,Mark Thompson,eysb9nly@example.com,UK,2023-10-15,Premium,23573.77
4241,Patricia Thomas,b1yntpli@mail.com,Italy,2021-07-22,Standard,47658.46
4242,Kimberly Reeves,cze45xpi@gmail.com,South Korea,2023-10-22,Premium,962.57
4243,Jennifer Edwards,ifcgiofs@test.com,Italy,2020-03-21,Basic,4409.05
4244,Robert Miller,mh08bfzm@gmail.com,Japan,2020-10-06,Standard,44644.87
4245,Donna Hernandez,36wxsuif@yahoo.com,China,2024-06-05,Premium,31693.51
4246,Kimberly Moore,mqg2yjn7@test.com,South Korea,2024-02-15,Standard,26595.29
4247,Jessica Johnson,90ha682k@email.com,Japan,2021-04-20,Basic,33217.48
4248,Mary Taylor,sgybj0mm@outlook.com,Norway,2021-05-18,Standard,31720.59
4249,Andrew Thomas,wgbj4b1y@test.com,Japan,2024-03-05,Basic,29544.25
4250,Thomas Smith,5s336bzn@example.com,Italy,2023-09-12,Basic,36365.8
4251,Donna Edwards,mn18285z@outlook.com,Switzerland,2020-03-22,Basic,25787.15
4252,Donald Thompson,9k3sw6kh@example.com,Sweden,2023-08-14,Premium,45755.52
4253,Betty Miller,7oj2w7yr@gmail.com,Japan,2024-05-17,Standard,32631.01
4254,Donna Johnson,myzj2vng@company.com,UK,2021-08-10,Basic,432.15
4255,Mark Rodriguez,lgxudzm5@email.com,Sweden,2022-03-29,Basic,36496.23
4256,John Williams,tkclrjx6@test.com,China,2024-04-28,Basic,35868.16
4257,Mary Hernandez,oge64p7b@mail.com,Switzerland,2023-01-16,Basic,20785.7
4258,Thomas Hernandez,rno6p2hf@yahoo.com,UK,2023-07-31,Basic,35874.54
4259,Karen Hernandez,uc5rus56@yahoo.com,Norway,2023-10-21,Standard,3409.67
4260,Donald Taylor,hf07273v@gmail.com,Sweden,2020-10-21,Premium,24300.06
4261,Mary Lopez,vafivaq9@outlook.com,Switzerland,2024-05-30,Premium,6531.92
4262,Joseph Harris,6rltzdpm@email.com,Netherlands,2020-05-12,Basic,18478.92
4263,Linda Rodriguez,y9p4nel8@gmail.com,Australia,2020-10-18,Basic,36811.88
4264,Ashley Taylor,15esuuuy@company.com,Japan,2020-03-16,Premium,21741.6
4265,Robert White,s6lt00qw@example.com,Brazil,2023-08-15,Standard,3132.59
4266,Paul Perez,l7k4k1w7@outlook.com,Sweden,2022-10-11,Standard,46310.22
4267,Lisa Wilson,qisoslmx@outlook.com,China,2024-07-29,Premium,49252.97
4268,Joseph Martin,5rggokbd@company.com,China,2021-08-09,Basic,28570.9
4269,Patricia Thompson,8ak2ivd8@yahoo.com,India,2022-09-02,Basic,25391.44
4270,Charles Harris,jt1up3a8@outlook.com,Sweden,2022-07-05,Premium,1875.95
4271,Patricia Gonzalez,fk9n6cxe@outlook.com,Brazil,2022-04-10,Premium,12696.02
4272,Thomas Anderson,ofvf9bpm@mail.com,South Korea,2024-12-10,Basic,46504.29
4273,Donald Perez,r7pbb3u6@mail.com,Brazil,2022-09-17,Standard,11758.72
4274,Paul Collins,t091qjhd@yahoo.com,Switzerland,2023-08-18,Premium,42146.94
4275,Donna Lopez,4zodcz4t@test.com,India,2024-06-19,Basic,38089.03
4276,Betty Moore,vewpihsc@test.com,Mexico,2023-03-23,Standard,23893.36
4277,Matthew Edwards,o3gd83jr@yahoo.com,China,2020-04-01,Standard,32817.39
4278,Sandra Taylor,mv3gpatp@yahoo.com,China,2022-05-16,Premium,29494.61
4279,Patricia Brown,2qkh2sqx@outlook.com,Italy,2020-08-14,Basic,43391.13
4280,Karen Thomas,adfy056z@outlook.com,France,2022-04-05,Standard,29440.87
4281,Thomas Gonzalez,e99ifdz3@email.com,Italy,2020-03-04,Premium,35272.16
4282,Paul Gonzalez,99dthvyt@example.com,Brazil,2023-04-23,Premium,9673.74
4283,Matthew Reeves,syi60q75@outlook.com,China,2021-11-09,Basic,31020.84
4284,Linda Martin,st0herhe@outlook.com,Italy,2023-06-21,Premium,35210.1
4285,Ashley Hernandez,l15rnl3a@mail.com,China,2022-09-22,Standard,17659.05
4286,Susan Martinez,97p4br2f@company.com,UK,2021-07-22,Basic,5346.92
4287,Steven Edwards,d3qurmhn@gmail.com,USA,2021-07-19,Standard,37568.01
4288,Nancy Hernandez,rkrnqqfo@mail.com,Spain,2022-07-12,Premium,12859.66
4289,Karen Jackson,80e7nv7k@example.com,South Korea,2023-05-08,Premium,46233.86
4290,Robert Johnson,u19zsil7@outlook.com,Switzerland,2020-02-04,Basic,46146.44
4291,Matthew Davis,s2vapjc9@test.com,Japan,2023-02-09,Basic,19661.58
4292,Kimberly Moore,3pirvjcl@example.com,UK,2023-01-22,Premium,14796.92
4293,Nancy Thompson,rkab0y2m@company.com,USA,2022-04-17,Premium,12202.1
4294,Lisa Wilson,w9qananc@yahoo.com,Switzerland,2024-07-08,Premium,48668.92
4295,Betty Davis,pudr0aws@test.com,Netherlands,2022-01-14,Basic,10689.38
4296,Linda Lopez,0k80phix@outlook.com,Sweden,2022-12-30,Premium,19348.64
4297,Ashley Smith,bq44to21@test.com,Brazil,2022-09-29,Premium,29421.06
4298,Andrew Moore,qg1gym73@email.com,UK,2022-02-16,Standard,43001.23
4299,Charles Jones,0ha0w7fo@email.com,Germany,2020-02-14,Standard,32582.71
4300,Kimberly Garcia,wspdwz0b@outlook.com,Australia,2021-02-16,Basic,37571.67
4301,James Garcia,p15031bc@yahoo.com,Germany,2020-12-13,Basic,21598.43
4302,Emily Williams,zpg8xmtp@email.com,Sweden,2020-08-07,Premium,11204.45
4303,Daniel Harris,h4ebcdw5@example.com,USA,2022-09-10,Premium,26293.65
4304,Donna White,c3wfew01@email.com,Brazil,2020-09-18,Premium,3103.04
4305,Robert Anderson,2jg50zb7@yahoo.com,Mexico,2023-05-29,Basic,36215.22
4306,Linda Hernandez,ssne8c57@mail.com,USA,2023-09-22,Basic,15208.8
4307,Richard Roberts,f4cc96q1@mail.com,Canada,2022-12-03,Premium,19824.44
4308,Robert Miller,uviawdvi@yahoo.com,Mexico,2020-03-05,Standard,18556.73
4309,Nancy Jones,jzs92lob@mail.com,Norway,2021-04-10,Standard,27018.41
4310,Sarah Hernandez,7cfmipg7@test.com,Canada,2021-12-25,Premium,38275.05
4311,Joseph Martin,xlm21ucr@example.com,Brazil,2024-02-06,Standard,9653.18
4312,John Reeves,4497yslt@yahoo.com,Norway,2022-01-30,Standard,22565.3
4313,Jennifer Thomas,9pqr9pe6@yahoo.com,Canada,2024-10-08,Basic,19558.11
4314,Robert Martinez,g1ir70io@outlook.com,Sweden,2020-05-14,Standard,31167.43
4315,Ashley Moore,az7xu67p@gmail.com,Canada,2024-08-09,Basic,15949.12
4316,Charles Harris,ql0ksj7i@company.com,Japan,2022-04-21,Basic,30148.39
4317,Margaret Gonzalez,g1vmvzd3@example.com,Spain,2021-07-26,Basic,43683.05
4318,Nancy Williams,lmg04fq9@test.com,Mexico,2021-01-24,Standard,26716.22
4319,Donald Jones,7oche392@test.com,Sweden,2022-06-30,Premium,40060.82
4320,Andrew Thomas,x2xs4f4c@gmail.com,Netherlands,2022-08-24,Premium,40976.81
4321,Donna Martinez,b2vaoglv@company.com,South Korea,2023-12-14,Standard,33365.99
4322,James Hernandez,55ou7630@outlook.com,Sweden,2022-12-02,Basic,22811.78
4323,Ashley Lee,uaxjea93@email.com,UK,2022-10-12,Standard,49937.89
4324,Joseph Thomas,upiua63h@gmail.com,UK,2023-10-14,Basic,8093.81
4325,Linda Edwards,49kat0lg@yahoo.com,Italy,2024-05-16,Standard,48514.96
4326,Christopher Harris,jr46mhrl@gmail.com,USA,2022-09-18,Standard,27781.57
4327,Thomas Collins,spfbff96@mail.com,France,2022-04-08,Premium,2495.62
4328,Sandra White,qn3lq0s5@test.com,France,2022-01-22,Premium,40368.77
4329,Sandra Edwards,vim2qzzj@outlook.com,Spain,2020-09-01,Basic,17397.56
4330,Linda Smith,59u3sci4@yahoo.com,Canada,2023-04-25,Basic,9935.61
4331,Donald Wilson,zrossss2@example.com,Netherlands,2024-09-04,Standard,48885.08
4332,Donald Williams,xqemy6mj@example.com,UK,2024-07-02,Basic,23985.28
4333,Andrew Garcia,46jcth7j@example.com,Japan,2020-05-05,Premium,44333.91
4334,Emily Hernandez,y4v8cqdl@email.com,Australia,2024-01-30,Basic,12425.24
4335,Kimberly Jackson,ah0cpsfa@example.com,Norway,2024-02-12,Basic,19701.67
4336,Christopher Davis,qdeovgvx@outlook.com,Japan,2023-03-17,Standard,20433.28
4337,Thomas Martinez,3rxnddzt@email.com,France,2021-06-18,Standard,9946.09
4338,Linda Reeves,lrtfoe5e@gmail.com,Australia,2022-12-21,Standard,20519.13
4339,Sandra Lopez,4njkw3ux@example.com,Netherlands,2021-06-30,Basic,47074.0
4340,Joseph Wilson,ko9fcfv0@test.com,South Korea,2023-08-03,Standard,3831.15
4341,Matthew Thomas,363ey89z@yahoo.com,Italy,2023-04-08,Standard,26321.02
4342,Sarah Perez,vzb2sup0@outlook.com,USA,2022-10-11,Premium,38528.62
4343,Michael Miller,8axios4k@company.com,France,2022-10-09,Basic,10358.13
4344,Steven Thomas,krgkq8ul@mail.com,Japan,2023-03-04,Standard,27049.08
4345,Steven Garcia,9ybc06dr@test.com,Mexico,2022-02-27,Basic,29540.99
4346,Christopher Rodriguez,lxuuh3jb@gmail.com,China,2020-12-09,Basic,34113.6
4347,Betty Hernandez,70j98fbi@yahoo.com,Australia,2023-02-11,Premium,26885.03
4348,John Perez,ujiwrpy8@example.com,France,2023-07-01,Basic,28368.99
4349,Thomas Jackson,dr9vbske@company.com,Sweden,2021-01-10,Standard,20930.04
4350,Christopher White,61ctaijq@gmail.com,South Korea,2020-08-07,Standard,30137.47
4351,Andrew Perez,jic1oray@outlook.com,Mexico,2023-02-25,Standard,1927.29
4352,David Brown,oolmow99@gmail.com,UK,2022-09-01,Standard,48714.82
4353,Nancy Johnson,zaqnkxlt@company.com,Mexico,2020-11-05,Standard,47106.15
4354,Mary Williams,40i8svet@outlook.com,UK,2020-11-11,Premium,25160.59
4355,Linda Martin,6x8kxb2j@outlook.com,Australia,2020-12-02,Basic,45113.49
4356,Charles Miller,girb04lr@outlook.com,Japan,2021-07-14,Premium,14357.74
4357,Steven Garcia,4fp7f5xh@example.com,Germany,2023-07-19,Standard,2295.49
4358,Jessica Garcia,exldx77s@company.com,Japan,2023-10-07,Premium,41011.85
4359,Thomas Smith,w22z0sd0@outlook.com,China,2024-02-07,Basic,7199.09
4360,Linda Perez,4v9mvnez@example.com,France,2020-03-04,Basic,11096.66
4361,Kimberly Thompson,jt33vvop@mail.com,Mexico,2021-07-18,Standard,17246.93
4362,Nancy Martinez,jl2vx7rp@example.com,Germany,2024-06-10,Premium,10289.48
4363,Charles Moore,hrm9qw3h@mail.com,Mexico,2021-04-19,Basic,9875.27
4364,Michael Jones,59le4pmn@email.com,Netherlands,2021-12-21,Standard,1842.61
4365,Steven Jones,3rnxxii6@example.com,Brazil,2022-03-20,Premium,38644.5
4366,Betty Hernandez,ah1k1b00@yahoo.com,Mexico,2021-04-22,Standard,9708.85
4367,David Smith,7web9q8t@outlook.com,France,2023-07-15,Standard,38755.51
4368,Robert Perez,oo99zxpa@test.com,USA,2023-07-03,Basic,48585.96
4369,Christopher Moore,8oivv4lp@yahoo.com,Germany,2023-07-03,Basic,38085.16
4370,Jennifer Williams,8e7kxsga@example.com,France,2022-06-26,Standard,9600.27
4371,John Martin,kso5xb74@gmail.com,Australia,2024-09-09,Standard,39040.92
4372,Joseph Garcia,iyo4v3xn@company.com,UK,2020-05-31,Standard,4747.74
4373,John Martinez,31372vfw@mail.com,Switzerland,2023-02-23,Premium,21683.23
4374,Mary Johnson,saqhfbat@company.com,Spain,2023-02-27,Premium,10140.39
4375,Karen Martin,qe5anutx@example.com,UK,2024-04-10,Premium,31195.56
4376,James Martinez,50f53ipp@yahoo.com,USA,2023-09-21,Basic,45336.67
4377,Barbara Martin,9uwhtc43@yahoo.com,Canada,2020-07-18,Standard,37876.91
4378,James Reeves,ob0rsuyk@outlook.com,Canada,2023-04-06,Standard,33692.83
4379,Ashley Roberts,y4p3dbvl@example.com,Mexico,2023-05-07,Basic,42920.23
4380,Karen Brown,ehl3fc5r@outlook.com,Brazil,2020-01-27,Standard,47192.24
4381,Barbara Miller,ie16nujl@company.com,Sweden,2021-03-30,Premium,24828.96
4382,Christopher Martin,u49a9ops@email.com,Italy,2024-02-16,Premium,46332.39
4383,Joseph Anderson,f4xrttov@test.com,Canada,2020-07-28,Premium,39406.9
4384,Donna Moore,dflpsgy7@example.com,India,2022-12-20,Standard,6900.4
4385,Karen Edwards,fe36epce@company.com,France,2021-01-28,Premium,18227.6
4386,John Perez,mpp0owf9@test.com,Japan,2021-05-02,Standard,8706.56
4387,Mary Moore,l9tsuh8a@yahoo.com,South Korea,2023-05-23,Standard,13138.15
4388,Sandra Taylor,a83o5tku@yahoo.com,UK,2022-07-01,Standard,33206.01
4389,Sandra Jones,fr2y79ly@test.com,Australia,2022-05-21,Standard,39261.8
4390,Richard Reeves,pv68g8r7@company.com,South Korea,2023-06-12,Standard,49671.73
4391,Andrew Garcia,lklnk3y9@gmail.com,Canada,2020-08-11,Premium,24569.21
4392,John Taylor,i7580sie@company.com,Germany,2024-12-01,Premium,47430.55
4393,Donald Martin,n8lcrcm4@test.com,France,2022-02-13,Standard,22782.14
4394,Donna Miller,53bzbbgb@test.com,Netherlands,2023-03-02,Premium,36141.89
4395,Jennifer Brown,645gsl4w@mail.com,India,2020-01-21,Standard,41704.43
4396,Kimberly Jones,ubhvnjtp@test.com,Australia,2021-07-08,Basic,48380.85
4397,David Lee,wyb51pcm@outlook.com,Australia,2021-10-15,Standard,45714.72
4398,Joseph Thomas,bfx2eftp@test.com,Canada,2024-04-20,Premium,411.23
4399,Emily Hernandez,jmov3woy@yahoo.com,Germany,2021-02-01,Standard,41583.99
4400,Joseph Lee,hboaroe2@test.com,Canada,2022-07-01,Premium,23544.14
4401,Margaret Wilson,3bd4xpqv@company.com,Australia,2023-08-11,Standard,1188.12
4402,Lisa Hernandez,vicuugjw@yahoo.com,Australia,2020-06-23,Standard,30916.95
4403,Susan Perez,uvufxfl7@test.com,China,2024-12-09,Premium,31036.51
4404,Charles Martin,mw4s8bni@example.com,Japan,2020-01-28,Basic,32293.75
4405,John Collins,96ue75ih@mail.com,Germany,2022-12-29,Premium,13511.81
4406,Thomas Miller,g1jjnsov@company.com,South Korea,2020-07-15,Standard,43797.05
4407,Paul Wilson,tl7dok1w@company.com,UK,2022-06-17,Basic,34741.05
4408,Mary Wilson,a0t9fpcb@outlook.com,France,2021-06-27,Basic,29266.51
4409,Mark Williams,lbomol93@gmail.com,Germany,2024-09-20,Premium,34003.12
4410,Mark Martin,q1ykxalu@gmail.com,Mexico,2022-04-06,Standard,19978.1
4411,Barbara Martinez,peouc4c2@outlook.com,Sweden,2024-01-24,Basic,1567.68
4412,John Reeves,d25gfs8k@company.com,Australia,2023-04-15,Standard,26121.05
4413,Linda Miller,psv6txjn@mail.com,Norway,2020-03-20,Premium,37282.99
4414,David Reeves,28eddee8@gmail.com,Brazil,2022-12-05,Basic,46811.51
4415,Paul Martinez,c98wzgw1@example.com,Mexico,2024-05-03,Premium,49535.74
4416,Nancy Jackson,jaszfm6e@example.com,Norway,2021-12-02,Premium,6783.1
4417,Jessica Jones,8lgic5l3@test.com,USA,2021-06-11,Basic,36636.46
4418,Andrew White,sxi2zgnb@example.com,India,2024-11-20,Standard,12300.4
4419,Richard Collins,smx74xut@company.com,Spain,2020-06-06,Premium,21966.44
4420,Jennifer Rodriguez,8sokpaag@yahoo.com,Norway,2023-02-23,Standard,3135.58
4421,Donald Lee,40tfu3ce@outlook.com,Sweden,2020-02-11,Premium,38832.29
4422,Andrew Perez,b5igs3qn@gmail.com,Netherlands,2022-10-02,Premium,3801.45
4423,Donna Martin,9p6mcmnn@company.com,USA,2020-04-12,Premium,21828.85
4424,Kimberly Williams,oq2qivul@example.com,Mexico,2023-12-01,Basic,31526.84
4425,Sandra Jones,4tvdkzg5@mail.com,Germany,2023-03-06,Premium,2672.16
4426,Mary Collins,k8vfuo5w@email.com,UK,2022-04-14,Standard,38820.36
4427,Linda Moore,nbb34f72@example.com,Netherlands,2023-02-03,Basic,21889.71
4428,Daniel Lopez,y26v9lfb@company.com,Mexico,2023-08-30,Premium,27365.69
4429,Daniel Williams,q996xxzx@test.com,France,2024-06-20,Standard,8598.67
4430,Mary Gonzalez,7mye1zc7@gmail.com,UK,2020-12-23,Basic,43087.94
4431,Emily Garcia,93s8dydg@mail.com,Sweden,2020-02-23,Standard,23313.59
4432,Jennifer Johnson,6dcyz4us@mail.com,Australia,2021-04-07,Basic,32904.3
4433,Daniel Davis,ljo7wn36@gmail.com,USA,2021-01-25,Standard,11730.45
4434,Joseph Anderson,2y4r1bcc@gmail.com,Netherlands,2022-10-10,Basic,11394.72
4435,Sandra Taylor,gcyzo648@test.com,Brazil,2021-03-30,Premium,3174.16
4436,Robert Reeves,eopuzl7r@test.com,Mexico,2021-07-13,Basic,29808.27
4437,Michael Garcia,9mwym23u@company.com,Netherlands,2021-05-30,Premium,3378.91
4438,Lisa Moore,x3p5kug2@mail.com,Japan,2021-11-08,Premium,43610.89
4439,Joseph Roberts,35fb4g90@yahoo.com,France,2020-11-27,Basic,29067.69
4440,Joseph Martin,p899df5i@company.com,UK,2021-09-24,Basic,6608.42
4441,Patricia Johnson,5ke33jwd@outlook.com,Sweden,2021-02-18,Premium,14857.56
4442,Betty Roberts,daz54qyg@company.com,Mexico,2020-05-30,Standard,28929.83
4443,Thomas Perez,kquqovq0@email.com,Netherlands,2023-05-27,Premium,45703.17
4444,Ashley Brown,e164gxz7@test.com,USA,2024-01-02,Premium,20278.37
4445,Paul Lee,j4kt8kx7@example.com,Brazil,2022-11-16,Basic,23003.44
4446,William Williams,dhkwlnjo@company.com,China,2021-04-04,Premium,10354.8
4447,Andrew Jones,5nnhshix@outlook.com,Canada,2023-12-21,Standard,49041.12
4448,James Edwards,skyy9be3@gmail.com,UK,2022-11-18,Standard,31240.3
4449,Steven Jones,2rva2ulz@outlook.com,Switzerland,2022-07-14,Basic,5387.57
4450,Matthew Martin,6rzq0h1c@example.com,Germany,2020-03-13,Standard,2927.68
4451,Margaret Roberts,ifgnx9xz@test.com,Mexico,2024-06-25,Premium,39486.59
4452,Jessica Smith,r9n21zqd@test.com,South Korea,2024-05-30,Basic,21972.5
4453,Michael Gonzalez,gndjptoy@test.com,Canada,2020-04-21,Standard,10838.8
4454,Richard Reeves,d3qy7dm1@test.com,USA,2023-05-27,Standard,37754.3
4455,Ashley Davis,dphjuf4f@test.com,Sweden,2022-04-28,Basic,4703.73
4456,Mark Taylor,4akm9ead@email.com,Sweden,2024-07-30,Standard,43828.06
4457,Steven Smith,djy9sr6y@outlook.com,Switzerland,2023-02-10,Premium,48631.78
4458,Barbara White,msh9ycr0@example.com,South Korea,2022-10-24,Standard,45311.77
4459,Karen Garcia,ec6e3ca0@outlook.com,Sweden,2023-12-28,Premium,24012.55
4460,Daniel Gonzalez,xmv2z9pw@test.com,Italy,2024-06-29,Premium,21135.6
4461,Nancy Garcia,poqhd73m@outlook.com,Switzerland,2023-10-14,Basic,33728.54
4462,Sarah Martinez,b7c00f0o@company.com,Switzerland,2022-12-18,Basic,43108.85
4463,Nancy Taylor,pxn9ecao@gmail.com,France,2023-06-09,Basic,43050.46
4464,Barbara Martin,ke9movbx@gmail.com,Australia,2023-02-09,Premium,3021.48
4465,Sandra Lee,mv0y8x4y@outlook.com,South Korea,2020-12-17,Premium,23793.95
4466,Mary Hernandez,94kfgp9r@company.com,Australia,2023-12-07,Premium,14233.48
4467,Patricia Gonzalez,6s83v9zs@gmail.com,France,2021-03-13,Premium,23605.77
4468,Michael Johnson,0nbaqknn@mail.com,France,2021-08-10,Basic,1227.63
4469,Andrew Thomas,z4l48x9a@mail.com,Switzerland,2022-04-29,Standard,15378.05
4470,John Lee,i1gk2ul4@gmail.com,China,2024-04-18,Premium,20087.95
4471,Christopher Martin,lvc7pbge@email.com,India,2023-12-28,Standard,24699.37
4472,Richard Wilson,nk460dqt@yahoo.com,China,2022-12-06,Basic,36858.98
4473,Andrew Martin,zo8xudof@yahoo.com,Mexico,2024-10-02,Basic,11194.05
4474,John Moore,qnjd6zrr@company.com,Japan,2021-09-23,Standard,40169.64
4475,Andrew Gonzalez,uxivjtso@example.com,India,2024-01-30,Basic,16446.23
4476,Steven Jones,kqv7v07c@mail.com,India,2021-04-14,Standard,10800.06
4477,David Martin,9e5oz8bu@mail.com,Australia,2022-04-24,Premium,42145.97
4478,James Harris,ft2c4zwb@mail.com,Canada,2020-11-12,Standard,43891.45
4479,Lisa Lopez,5jf9yydj@gmail.com,China,2022-01-02,Premium,43679.77
4480,Andrew Thomas,o0ss35ay@mail.com,France,2022-02-18,Premium,16837.65
4481,William Martin,0830n95r@yahoo.com,UK,2020-09-18,Premium,10523.69
4482,Nancy Rodriguez,uoipbvn7@mail.com,Netherlands,2021-11-05,Premium,42843.56
4483,Matthew Edwards,3r3mfzk8@outlook.com,Canada,2023-12-26,Basic,4495.2
4484,Jennifer Wilson,b48gyul2@email.com,Mexico,2021-02-02,Standard,4743.72
4485,William Smith,6arw4yef@gmail.com,South Korea,2023-06-13,Basic,38951.43
4486,Robert Johnson,yr4l7n2l@outlook.com,Spain,2023-03-24,Basic,14269.64
4487,Donald Martinez,64zckmsn@gmail.com,India,2020-09-02,Basic,36349.14
4488,Mary Jackson,lw9mahe4@email.com,France,2024-01-30,Basic,17070.52
4489,William Johnson,inis3ia8@company.com,South Korea,2022-09-18,Standard,21003.73
4490,Donald Moore,x7qa7ds9@yahoo.com,USA,2022-08-20,Basic,7887.52
4491,Sandra Thomas,gk9me4q7@company.com,Spain,2021-08-02,Basic,4729.04
4492,Michael White,biwmrwmt@example.com,China,2024-09-11,Basic,48845.7
4493,Sarah Lee,rrch68hw@outlook.com,Sweden,2022-03-28,Basic,10330.17
4494,Thomas Rodriguez,9ccnmjdo@gmail.com,South Korea,2024-09-20,Standard,10653.21
4495,Thomas Roberts,8mc0unjf@outlook.com,Netherlands,2020-10-16,Standard,20378.75
4496,Sarah Reeves,wbuw6f5c@test.com,Switzerland,2020-08-30,Standard,17662.94
4497,Joseph Wilson,7iz282de@outlook.com,South Korea,2024-03-07,Basic,44280.6
4498,Donald Smith,urq5wnia@example.com,Norway,2022-05-27,Basic,26066.78
4499,Sandra Miller,lkfa25nq@mail.com,Italy,2022-08-11,Basic,24523.99
4500,Margaret Rodriguez,9eosnp8d@yahoo.com,Mexico,2021-09-06,Standard,6704.08
4501,Joseph Moore,7l4cezdj@company.com,Germany,2020-11-13,Standard,18552.62
4502,David Edwards,ecw9akcd@email.com,Germany,2023-05-30,Basic,35826.79
4503,Paul Roberts,geskgefu@yahoo.com,South Korea,2022-06-07,Premium,42917.69
4504,James Collins,y110u60t@test.com,Canada,2020-05-15,Standard,7327.94
4505,Betty Harris,d5x598k2@gmail.com,Canada,2021-10-12,Standard,34389.76
4506,Sarah Lee,d8ff3k8h@test.com,Germany,2021-08-31,Basic,15477.87
4507,Matthew Edwards,b8s6kpkw@mail.com,Germany,2023-12-25,Premium,7647.51
4508,Daniel Miller,0rkgx1ck@company.com,Italy,2024-04-05,Standard,6179.27
4509,Matthew Reeves,kyebmsnm@mail.com,UK,2024-02-12,Basic,26517.56
4510,Patricia Davis,7qyj0u28@mail.com,Spain,2023-12-13,Basic,37968.3
4511,William Jones,12c523f4@yahoo.com,Germany,2020-08-02,Standard,5149.87
4512,Mark Wilson,f81uhyxf@example.com,Spain,2020-07-11,Premium,21909.72
4513,Barbara Lee,sabq21vt@test.com,Mexico,2020-01-20,Standard,12862.79
4514,Christopher Johnson,ji7ubtno@yahoo.com,India,2024-10-03,Premium,31144.65
4515,John Brown,f5179n1u@company.com,China,2022-06-01,Standard,34799.63
4516,Barbara Smith,nssb6fqd@outlook.com,Canada,2024-11-14,Standard,44990.31
4517,Richard Wilson,vnhevxpq@outlook.com,India,2024-06-04,Premium,24395.63
4518,Michael Brown,1atbn6se@test.com,France,2023-10-23,Standard,25678.77
4519,Thomas Collins,csmq37hb@mail.com,Italy,2023-01-11,Standard,45529.36
4520,Margaret Anderson,qagrwguo@test.com,France,2023-02-11,Premium,10224.56
4521,Mark Collins,e77uy03d@example.com,India,2022-09-16,Basic,7367.42
4522,Susan Miller,xj6077hb@outlook.com,Australia,2020-10-15,Basic,18492.48
4523,Thomas Gonzalez,lctrr7ku@company.com,UK,2022-10-23,Basic,11448.59
4524,Paul Thompson,0t37szc1@outlook.com,USA,2022-06-17,Basic,19561.24
4525,Christopher Martin,s5rm3834@example.com,Mexico,2023-07-06,Premium,38227.96
4526,Matthew Hernandez,el61gtyq@example.com,Switzerland,2024-11-14,Standard,2630.33
4527,Susan Thomas,8r88i5ex@example.com,Australia,2021-03-02,Premium,9935.41
4528,David Taylor,3s5qj8nk@example.com,Italy,2022-03-14,Premium,36814.39
4529,Linda Reeves,90lp4yk8@yahoo.com,Norway,2024-07-03,Basic,25901.67
4530,John White,wyc9de1f@email.com,Netherlands,2021-02-14,Premium,22392.1
4531,Margaret Perez,300tnnc6@test.com,Norway,2023-11-14,Premium,8672.54
4532,Ashley Edwards,vwql586t@outlook.com,Italy,2024-12-31,Basic,3347.79
4533,Barbara Thomas,bwkxs1n4@example.com,Italy,2021-02-26,Basic,42098.39
4534,Sarah Jones,ogbif3lr@gmail.com,Japan,2020-08-31,Basic,30611.0
4535,Matthew Williams,hrlfvwhw@outlook.com,USA,2022-01-20,Standard,32364.82
4536,Robert Edwards,tuexo2a8@gmail.com,Switzerland,2022-10-30,Premium,31365.11
4537,Michael Roberts,x2fv2of6@test.com,Norway,2023-09-21,Basic,6228.56
4538,Richard Miller,g3y93bzv@mail.com,Australia,2021-05-07,Basic,4083.2
4539,Jennifer Martinez,640m9933@gmail.com,Germany,2022-07-29,Standard,3697.95
4540,Kimberly Moore,7gysiejn@outlook.com,France,2024-04-01,Basic,10356.9
4541,Jennifer Martin,rrdn208r@mail.com,South Korea,2021-11-24,Standard,41584.92
4542,Steven Wilson,fy5o5bfk@yahoo.com,USA,2022-02-11,Basic,6101.67
4543,Charles Collins,cb98l8ga@company.com,Mexico,2023-11-19,Premium,39353.28
4544,Charles Lopez,edv3l2af@test.com,Sweden,2024-08-10,Premium,40217.35
4545,Susan Lee,i14z9pat@mail.com,Spain,2024-11-10,Standard,49299.35
4546,Matthew Harris,1re3ltdf@mail.com,Brazil,2024-04-05,Standard,49816.49
4547,Charles Moore,uia1rh1o@gmail.com,China,2024-04-26,Premium,5269.34
4548,Susan Collins,5xnbywpe@outlook.com,Australia,2022-08-23,Standard,47022.88
4549,Steven Anderson,sgugpivh@company.com,Norway,2021-04-27,Standard,18227.4
4550,Nancy Jackson,bmk5dplo@email.com,Japan,2021-04-27,Premium,7637.99
4551,Charles Thompson,ondtwltw@gmail.com,Spain,2023-12-11,Basic,31601.38
4552,John Miller,jbff3sje@mail.com,France,2020-05-23,Standard,38380.42
4553,Andrew Jones,bx39ihwk@test.com,UK,2021-12-01,Basic,8204.49
4554,Donna Edwards,v9vz15ic@yahoo.com,Australia,2023-03-11,Standard,38903.23
4555,Emily Jones,81sxtbi4@example.com,Mexico,2023-03-16,Premium,45563.97
4556,Donna Lopez,wzjw87sz@test.com,India,2023-11-03,Basic,40811.64
4557,Steven Johnson,dlykfx8w@gmail.com,Brazil,2022-02-05,Standard,22817.08
4558,Richard Johnson,55zzots1@gmail.com,Norway,2023-03-26,Standard,13742.41
4559,Daniel Reeves,z84gdqoz@outlook.com,Japan,2023-08-28,Standard,36504.39
4560,Michael Lopez,hawfrcq6@email.com,Germany,2020-04-15,Standard,32314.3
4561,Barbara Thomas,e8k73u1p@company.com,Brazil,2020-01-28,Standard,3332.61
4562,Barbara Davis,v6mpm3lw@mail.com,Netherlands,2022-04-15,Basic,25743.63
4563,Linda Garcia,44bm4ymi@company.com,USA,2022-09-14,Basic,13979.53
4564,Jessica Taylor,q5qaxnzi@outlook.com,China,2020-12-08,Premium,27972.44
4565,Charles Moore,6eyta0co@test.com,Sweden,2020-06-03,Basic,40271.31
4566,Linda Moore,p33tvz7m@company.com,Spain,2021-07-21,Basic,16726.67
4567,Kimberly Harris,yeubhs15@test.com,USA,2021-05-30,Basic,36793.46
4568,Jennifer Jackson,hexhigd6@gmail.com,South Korea,2020-10-14,Premium,42080.49
4569,Nancy Rodriguez,an4010y7@example.com,Italy,2021-02-06,Premium,22343.18
4570,Emily Thomas,hxlsl6fw@mail.com,Sweden,2020-05-18,Standard,47711.27
4571,Andrew Smith,lwcmroe9@outlook.com,Netherlands,2021-02-11,Premium,1956.17
4572,Sarah Gonzalez,kb2rkf6b@company.com,Norway,2023-06-02,Premium,30228.75
4573,Christopher Collins,wphwq1ui@gmail.com,Japan,2024-05-16,Standard,39238.01
4574,Linda Davis,4hq46vvd@test.com,Netherlands,2020-02-13,Standard,22814.83
4575,Mark Miller,ds0rcip3@outlook.com,India,2022-01-22,Standard,26064.31
4576,Michael Jackson,afee3spx@yahoo.com,Norway,2022-04-09,Standard,43272.31
4577,Steven Smith,wlyu9r1d@email.com,Norway,2021-11-28,Basic,25429.1
4578,Charles Lopez,zho89cb7@example.com,China,2020-01-20,Standard,11177.6
4579,Kimberly Roberts,kg338bt1@test.com,Italy,2021-07-07,Standard,20366.25
4580,Michael Edwards,ix48gqkx@mail.com,Italy,2024-02-08,Premium,30780.78
4581,David Hernandez,0vc54x6r@mail.com,Germany,2024-11-21,Premium,22683.26
4582,Steven Edwards,4ffo678e@test.com,UK,2022-02-17,Basic,3257.23
4583,Donna Roberts,gs2sbmk9@gmail.com,Spain,2021-10-05,Standard,46990.99
4584,Andrew Miller,ng1755xw@test.com,Australia,2020-07-06,Standard,48094.05
4585,Christopher Smith,cquvkcmf@yahoo.com,UK,2020-01-27,Basic,23367.68
4586,Sandra Lopez,mbn3ax5a@email.com,Brazil,2023-08-27,Premium,9516.28
4587,Patricia Martinez,eakfk6af@company.com,Sweden,2021-10-09,Premium,49608.46
4588,Joseph Gonzalez,rkawfbal@test.com,India,2020-10-23,Premium,44038.89
4589,Thomas Garcia,nkxldee5@outlook.com,USA,2023-03-01,Standard,21840.99
4590,Lisa Reeves,swrx6561@outlook.com,USA,2022-12-02,Basic,29777.23
4591,Ashley Jackson,uwjhusrf@gmail.com,UK,2022-07-05,Standard,3143.46
4592,Ashley Thomas,mqmhcpwy@yahoo.com,Brazil,2022-07-26,Premium,21427.59
4593,Nancy Martin,a90ueaha@yahoo.com,Netherlands,2024-02-02,Premium,33582.82
4594,Mark Gonzalez,mwk86uum@gmail.com,Spain,2024-07-01,Standard,8211.12
4595,Jessica Smith,ld2ske1a@company.com,South Korea,2020-11-17,Premium,40622.25
4596,Donna Thomas,ithgno2k@example.com,Switzerland,2022-05-11,Basic,7217.33
4597,Matthew Brown,3smklhgx@mail.com,India,2024-07-11,Standard,17755.44
4598,Sarah Perez,4ib6zjgu@gmail.com,Switzerland,2023-08-03,Standard,43598.04
4599,Sarah Brown,uuya687e@outlook.com,Italy,2023-10-21,Basic,22695.73
4600,James White,iwxest02@outlook.com,South Korea,2020-03-03,Premium,31788.1
4601,David Johnson,p1b4k53n@test.com,Switzerland,2023-11-07,Basic,23152.84
4602,Joseph Collins,ftgxq70f@test.com,Norway,2021-11-16,Basic,49458.99
4603,Steven Garcia,4sxa0ziv@test.com,China,2024-09-01,Premium,36925.85
4604,Donna Reeves,b8tvd9su@yahoo.com,Switzerland,2021-09-05,Standard,16522.84
4605,David Harris,qlh46jdb@example.com,Italy,2024-09-28,Standard,38677.73
4606,Donna Gonzalez,kcovrxit@example.com,Mexico,2023-10-04,Premium,47561.02
4607,Sandra Lee,jaizqpsr@example.com,Mexico,2023-05-15,Premium,3861.69
4608,Jennifer Moore,mma11kra@example.com,Norway,2020-06-24,Basic,44855.22
4609,William Thomas,3rv621wi@mail.com,Spain,2021-04-25,Standard,12497.07
4610,Barbara Miller,alqf7yzq@email.com,South Korea,2024-08-03,Basic,12202.53
4611,Andrew Harris,nsm8x7pn@mail.com,Australia,2021-03-13,Basic,13266.16
4612,Andrew Thomas,kehkc352@outlook.com,Australia,2024-03-26,Basic,38776.89
4613,Donald Davis,5lkhj649@mail.com,Sweden,2023-06-05,Standard,642.81
4614,Thomas Lee,q2gorxp0@gmail.com,Switzerland,2021-02-02,Standard,16989.07
4615,Ashley Roberts,eqqa9lbp@test.com,France,2020-09-30,Premium,3931.69
4616,Donald White,kff6o9u8@test.com,Brazil,2022-12-05,Premium,34569.36
4617,Nancy Davis,1yq44ngo@email.com,South Korea,2023-10-10,Premium,22378.24
4618,Sandra Jones,g8489r1r@company.com,Canada,2021-06-01,Basic,17496.13
4619,Mary Gonzalez,27vmd777@yahoo.com,Brazil,2023-09-14,Standard,21498.06
4620,Susan Martin,4qtwojt1@company.com,South Korea,2022-09-12,Standard,45972.12
4621,Thomas Collins,him0f8u8@outlook.com,Australia,2021-02-17,Basic,43444.84
4622,Charles Reeves,dl8g4q9l@company.com,Mexico,2020-12-27,Premium,42145.31
4623,Michael Williams,1arr5tgi@company.com,Netherlands,2022-05-01,Premium,5868.44
4624,Lisa Moore,0vyrg5as@yahoo.com,Canada,2021-12-31,Premium,4644.66
4625,Charles Smith,yr0rn2wo@email.com,China,2021-12-24,Premium,12249.22
4626,Joseph Anderson,ie233pag@gmail.com,Switzerland,2022-06-27,Standard,9612.28
4627,Betty Davis,ioc6dr1r@gmail.com,Germany,2022-07-26,Premium,2949.89
4628,Joseph Hernandez,fnf8t9ml@email.com,Switzerland,2024-11-17,Basic,2909.65
4629,Christopher Thomas,mtb892s9@test.com,Canada,2021-01-27,Standard,5077.33
4630,Linda Gonzalez,hpbahdg1@outlook.com,Netherlands,2023-02-13,Premium,2359.91
4631,Daniel Wilson,6so282d8@outlook.com,Norway,2021-09-30,Premium,40518.71
4632,Charles Rodriguez,pobmuixc@example.com,India,2022-09-11,Standard,35244.13
4633,Matthew Miller,tilejvc6@email.com,Italy,2020-07-22,Basic,32552.27
4634,Susan Anderson,swuns0u5@test.com,Spain,2022-08-10,Basic,29868.87
4635,Betty Gonzalez,t30s0v9p@outlook.com,UK,2022-02-19,Premium,49308.58
4636,Nancy Taylor,r9nj55ab@yahoo.com,Mexico,2022-11-01,Standard,40024.66
4637,David White,0nk0f3bt@mail.com,India,2023-07-26,Standard,38612.98
4638,Emily Smith,zie40q8x@outlook.com,Netherlands,2022-03-22,Premium,21872.24
4639,Ashley Johnson,onaw5qxg@email.com,UK,2020-07-11,Basic,47620.25
4640,Andrew Harris,8vlpcnui@outlook.com,Italy,2020-10-10,Basic,9783.42
4641,Kimberly Harris,7omj8b19@test.com,Spain,2020-09-01,Premium,4579.57
4642,Richard Smith,4fqgo8ry@yahoo.com,Italy,2023-01-26,Basic,6497.83
4643,Mark Davis,ik3vmolp@outlook.com,Italy,2024-05-20,Premium,19229.07
4644,Sandra Brown,juv5p6ni@gmail.com,Netherlands,2021-07-21,Premium,33131.77
4645,Sandra Miller,h7wgs9a3@test.com,Canada,2023-07-19,Basic,36507.83
4646,Donald Smith,w95yccyy@example.com,Australia,2020-08-18,Premium,11787.99
4647,Jessica Miller,ttj9kxup@yahoo.com,India,2020-11-19,Premium,38665.69
4648,Lisa Moore,ufa26qcf@example.com,Netherlands,2024-08-01,Basic,37175.46
4649,Mary Jackson,aii7l6vz@mail.com,Italy,2021-03-29,Basic,44658.98
4650,Donna Davis,47y3pbwe@yahoo.com,Sweden,2021-09-23,Basic,39335.82
4651,Thomas Lee,nm5c5y1n@yahoo.com,Spain,2021-08-04,Standard,27991.18
4652,Robert Gonzalez,wamce64q@email.com,Switzerland,2021-01-03,Premium,15257.94
4653,Robert Wilson,t7pf1m9h@email.com,Australia,2023-01-30,Basic,34514.27
4654,Patricia Anderson,h0xet90s@example.com,UK,2022-03-24,Basic,25303.72
4655,Joseph Martin,r8vn8ky7@mail.com,South Korea,2022-04-11,Basic,1246.74
4656,Ashley Davis,63gq8mg6@gmail.com,Brazil,2021-05-12,Basic,48863.94
4657,Robert Perez,he36w773@mail.com,UK,2020-01-05,Premium,4950.46
4658,Lisa Smith,b2uqo5fd@test.com,Brazil,2024-06-27,Premium,42408.29
4659,Betty Jackson,i1054c40@example.com,Switzerland,2021-06-16,Premium,12663.68
4660,Ashley Martinez,flvwul6r@company.com,South Korea,2021-10-29,Premium,28759.39
4661,Christopher Wilson,ynh02bhx@company.com,Norway,2023-03-18,Standard,27946.43
4662,Nancy Jones,y6e1ymse@gmail.com,Sweden,2020-11-25,Premium,4960.6
4663,Joseph White,5b8mbx1u@gmail.com,China,2020-11-27,Basic,20780.97
4664,Donna Johnson,tt5inxv8@mail.com,Canada,2024-03-24,Standard,3628.34
4665,Michael Davis,efe7t0ts@yahoo.com,South Korea,2023-08-15,Premium,19676.99
4666,Margaret Martin,sj5fi7i9@company.com,China,2021-09-30,Standard,3513.85
4667,Ashley Jackson,08k07qc8@yahoo.com,Netherlands,2024-05-15,Premium,14797.98
4668,Charles Lee,zxc7nemc@example.com,Mexico,2024-08-23,Premium,7641.27
4669,Emily Jones,z23ku6od@gmail.com,Switzerland,2020-09-18,Standard,3189.0
4670,John Taylor,ymp795c4@company.com,Canada,2024-12-03,Premium,16892.19
4671,Christopher Martinez,m0e592fj@outlook.com,Norway,2023-06-25,Basic,3861.68
4672,Sandra Reeves,p13vfj02@mail.com,India,2022-10-11,Standard,34990.28
4673,Betty Martin,d8h6muhj@outlook.com,Spain,2023-01-27,Basic,4511.34
4674,Kimberly Jones,oj01p5w1@outlook.com,China,2023-08-17,Standard,20385.27
4675,Robert Thomas,equmwglk@example.com,South Korea,2022-10-18,Basic,21171.37
4676,Barbara Jones,hpafkzjj@outlook.com,Switzerland,2020-10-03,Standard,17792.46
4677,Kimberly Gonzalez,vv1rcwt4@example.com,Italy,2022-03-25,Premium,30888.45
4678,Sandra Smith,9lje80uq@yahoo.com,Japan,2023-07-12,Standard,16482.35
4679,Betty Harris,wcbw4ql7@company.com,UK,2024-08-25,Premium,45949.85
4680,Charles Roberts,b4in9hg9@email.com,Switzerland,2021-01-25,Basic,32900.14
4681,Daniel Perez,qepm8yep@email.com,Mexico,2022-08-17,Standard,28678.86
4682,Thomas Lee,zkxfzvd2@mail.com,India,2024-05-28,Standard,42927.27
4683,Patricia Johnson,zo91t82a@outlook.com,South Korea,2023-08-30,Premium,1342.37
4684,Matthew Martin,oi74buo1@outlook.com,Netherlands,2020-06-23,Basic,8046.58
4685,Donna Moore,g12iau1q@outlook.com,Brazil,2021-09-05,Premium,22055.34
4686,Charles Moore,790486os@gmail.com,Japan,2021-03-18,Premium,42006.05
4687,Jennifer Brown,9reqqy35@test.com,Norway,2023-05-22,Basic,38346.73
4688,Joseph Thomas,tufem2jy@mail.com,Canada,2024-01-22,Standard,27346.44
4689,Betty Miller,d5pn6j25@test.com,India,2021-01-26,Basic,13593.26
4690,Steven Lee,w7gwm3su@outlook.com,France,2024-09-21,Basic,3355.07
4691,Steven Williams,48tf3tuc@example.com,Japan,2023-03-10,Basic,24051.65
4692,Matthew Lee,w2in2is4@mail.com,Japan,2023-04-05,Premium,33665.06
4693,Donald Thomas,wshy61yd@yahoo.com,South Korea,2024-07-15,Basic,25034.27
4694,Margaret White,kls4iini@outlook.com,Sweden,2020-12-04,Premium,22382.87
4695,Margaret Reeves,yw6rrb39@mail.com,Canada,2022-07-11,Standard,2045.56
4696,David Miller,pdbx52ni@gmail.com,Mexico,2024-12-20,Standard,40705.23
4697,John Williams,ejv4dgg9@email.com,Netherlands,2021-01-22,Premium,33213.95
4698,Charles Martin,exujufo0@mail.com,UK,2020-08-29,Basic,16623.64
4699,Paul Johnson,4axdwxdz@gmail.com,South Korea,2020-05-23,Premium,15592.73
4700,Barbara Johnson,8t3ki0v2@gmail.com,Sweden,2020-04-20,Standard,16036.78
4701,Barbara Thomas,5sdzt4pg@company.com,Brazil,2021-08-13,Basic,444.26
4702,Betty Davis,popdlw3s@mail.com,Germany,2020-07-16,Standard,35192.99
4703,Susan Lee,4p7uiy0o@yahoo.com,Norway,2021-09-08,Standard,20904.31
4704,Mark Miller,fkap0wzq@company.com,USA,2020-01-27,Premium,31771.99
4705,Nancy Anderson,25pnv0gu@gmail.com,Netherlands,2020-06-28,Premium,13756.61
4706,Patricia Moore,9ynz51mg@company.com,Netherlands,2020-09-12,Basic,3055.33
4707,Emily Taylor,334wid6z@mail.com,Sweden,2021-01-18,Standard,3092.52
4708,Margaret Martin,b80lq1q1@outlook.com,Germany,2024-07-23,Premium,22839.25
4709,James Wilson,opkss9aw@email.com,Spain,2023-11-13,Basic,49484.91
4710,Sandra Taylor,8j57597p@yahoo.com,Italy,2021-10-10,Standard,44835.23
4711,Sandra Lopez,qqt3e02j@yahoo.com,China,2024-10-17,Standard,19063.97
4712,Sarah Taylor,bo1c4kcp@test.com,Mexico,2024-12-04,Basic,20413.37
4713,Karen Williams,sjpjxudv@example.com,South Korea,2021-02-13,Premium,7441.58
4714,Mary Collins,0gq3a7c1@test.com,France,2024-03-10,Premium,46945.28
4715,Sandra Thomas,6t7nmwnp@email.com,Netherlands,2020-02-21,Premium,43645.9
4716,Susan Thomas,k8ditwpl@gmail.com,India,2024-12-27,Premium,793.95
4717,Joseph Miller,315bdp4r@yahoo.com,Brazil,2020-06-04,Premium,47874.15
4718,Andrew White,uuz5bf3k@yahoo.com,Italy,2022-02-10,Premium,15354.98
4719,Joseph Anderson,jnxp90uk@yahoo.com,France,2022-10-14,Standard,49374.36
4720,Karen Harris,sfpv6qgg@gmail.com,Mexico,2023-04-25,Premium,12820.75
4721,John Anderson,ml4whr98@yahoo.com,Spain,2021-10-15,Premium,43377.03
4722,Mary Moore,qdlt8qhy@test.com,Australia,2020-05-19,Premium,16424.8
4723,Christopher Brown,tdujiztl@company.com,Germany,2023-07-25,Basic,40588.92
4724,Ashley Brown,kxp124tw@outlook.com,Canada,2020-07-02,Standard,44444.01
4725,Emily Brown,9whr92nu@email.com,Norway,2022-04-20,Basic,16152.69
4726,John Wilson,a4dms7mc@gmail.com,Italy,2021-10-25,Standard,18561.46
4727,William Perez,4yyy1oxm@test.com,Switzerland,2023-09-10,Premium,32013.17
4728,Joseph Wilson,atjzhba0@example.com,Italy,2022-10-08,Basic,6983.2
4729,Sarah Wilson,v8ay0rsg@yahoo.com,UK,2024-07-18,Standard,9977.05
4730,James Harris,xwdlpbjr@yahoo.com,India,2021-02-11,Standard,23640.68
4731,Robert Smith,wlqc66ax@mail.com,India,2023-09-14,Standard,808.65
4732,William Martin,t7u6clgv@company.com,France,2021-04-05,Premium,17828.5
4733,Charles Collins,2xjg1g27@company.com,Spain,2024-06-16,Premium,7138.49
4734,Paul White,whyhwifr@email.com,USA,2024-12-29,Standard,41127.76
4735,Steven Lee,jrxivzd4@test.com,Norway,2020-01-28,Basic,41806.37
4736,Kimberly Wilson,3rkh7kx0@mail.com,Netherlands,2022-11-15,Standard,11033.3
4737,Robert Thompson,cc1yh0od@email.com,Spain,2022-09-11,Basic,49746.83
4738,Mary Wilson,acizn62e@example.com,Switzerland,2023-02-13,Standard,49025.39
4739,Matthew White,7wi3g5ii@outlook.com,South Korea,2024-05-25,Premium,8524.06
4740,Sarah Garcia,7owe5esa@outlook.com,China,2024-03-05,Premium,911.14
4741,Kimberly Hernandez,c6agiwz9@email.com,Brazil,2022-05-06,Standard,42706.72
4742,Donna Jackson,7wj0vysd@test.com,Mexico,2021-03-07,Premium,11188.17
4743,Barbara Perez,ukzdt0hd@example.com,Italy,2024-04-16,Premium,44212.68
4744,Patricia Martinez,0flabeha@mail.com,Sweden,2022-10-01,Basic,9212.62
4745,Richard Smith,1mb4gmvd@email.com,USA,2022-06-10,Basic,8189.24
4746,Linda Rodriguez,irkrim9w@outlook.com,Switzerland,2022-04-27,Premium,814.6
4747,Kimberly Gonzalez,17wlqipn@company.com,Norway,2023-01-27,Premium,11652.71
4748,William Rodriguez,fa8no8cl@yahoo.com,China,2020-02-29,Premium,11806.25
4749,Emily Moore,qufwi2zq@company.com,Germany,2023-01-02,Standard,693.5
4750,Andrew Harris,w14sohax@mail.com,France,2020-05-21,Premium,37992.52
4751,Patricia Roberts,kdjt4md6@mail.com,Australia,2021-06-19,Basic,45915.53
4752,Robert Miller,5eeqinby@company.com,Germany,2024-06-05,Premium,33407.1
4753,Betty Martin,je2otbpc@mail.com,Australia,2021-02-21,Basic,35622.45
4754,John Edwards,fjk18mon@test.com,Netherlands,2020-09-19,Premium,16966.73
4755,Matthew Edwards,drq8tqvg@gmail.com,Brazil,2023-03-31,Basic,13344.2
4756,Karen Gonzalez,diiczkk0@gmail.com,South Korea,2024-01-21,Basic,24516.01
4757,James Martin,0ynfs7b0@test.com,Mexico,2020-08-08,Premium,21504.59
4758,Christopher Taylor,b11fm1ow@gmail.com,Canada,2024-05-03,Basic,26821.89
4759,William Martinez,stvn7lcc@company.com,Germany,2020-10-22,Basic,20617.41
4760,Patricia Wilson,1c2g0rf1@mail.com,France,2023-11-09,Premium,27964.0
4761,Sandra Anderson,sf2xolzo@mail.com,China,2023-11-03,Basic,19924.0
4762,Mark Moore,rxtm0766@test.com,France,2021-08-01,Basic,25983.0
4763,Linda Taylor,0aphw4jq@email.com,Netherlands,2024-01-17,Premium,8288.12
4764,John Martin,sic80hlr@email.com,France,2020-04-04,Basic,48764.79
4765,Susan White,t8zrwv5z@email.com,Germany,2024-02-26,Standard,4546.16
4766,Sarah Reeves,2kv00i3k@yahoo.com,Japan,2020-12-12,Premium,40597.42
4767,Emily Brown,m48m22jl@outlook.com,Brazil,2020-05-04,Premium,26407.76
4768,John White,v1ebcgyc@company.com,France,2024-01-10,Basic,9467.77
4769,Christopher Brown,sm55ecar@yahoo.com,Japan,2023-05-14,Standard,19864.59
4770,Barbara Davis,owr4b2eg@example.com,China,2020-05-22,Standard,47589.41
4771,Ashley Jackson,89fycyqb@outlook.com,China,2021-10-05,Basic,19732.06
4772,Mary Jones,fqegbyka@test.com,Canada,2023-08-09,Basic,13626.12
4773,Jennifer Lopez,gd23wrqs@email.com,Germany,2021-12-07,Basic,48605.57
4774,Jennifer Lopez,opto9nxx@company.com,India,2022-02-08,Basic,19418.66
4775,Donald Reeves,8si91xrl@outlook.com,Norway,2023-07-12,Premium,26476.65
4776,Steven Williams,3cz6omk8@example.com,Italy,2020-08-28,Premium,34768.91
4777,Kimberly Martin,bzkl5t76@gmail.com,Japan,2024-10-03,Basic,23747.52
4778,Jennifer Smith,i0irvo9m@gmail.com,Germany,2023-06-15,Standard,19997.76
4779,Patricia Thompson,pkahb1rp@yahoo.com,China,2020-01-26,Standard,29334.97
4780,Barbara Gonzalez,amfomrbu@mail.com,UK,2022-06-26,Standard,13350.21
4781,Christopher Williams,i174lxz1@mail.com,India,2020-10-23,Standard,11480.59
4782,Jessica Davis,tc41rwsb@example.com,Norway,2023-11-21,Premium,45677.68
4783,James Gonzalez,ha7w3mqo@company.com,USA,2023-10-06,Standard,25780.88
4784,Paul Anderson,exvr29if@yahoo.com,Canada,2023-05-14,Premium,2761.89
4785,William Jones,kzvenma8@company.com,Netherlands,2023-06-28,Premium,30734.46
4786,Thomas White,n86vwpew@gmail.com,Italy,2021-04-24,Basic,36371.73
4787,Barbara White,4tzgnqlr@outlook.com,Netherlands,2023-11-18,Premium,16726.53
4788,David Thompson,wbct64pb@email.com,Brazil,2024-11-07,Standard,24865.42
4789,Kimberly Martin,1q6se4sj@example.com,Switzerland,2020-09-25,Premium,45818.55
4790,Margaret Harris,pemstnps@example.com,Australia,2022-08-11,Basic,1011.97
4791,Michael Jackson,z07ahczk@gmail.com,Japan,2021-02-23,Basic,27089.87
4792,Jennifer Lopez,4c8a1yhy@company.com,Norway,2021-10-19,Basic,44604.99
4793,Christopher Perez,glc669ps@example.com,Netherlands,2022-03-09,Premium,4992.35
4794,Emily Martin,9gmysezv@example.com,Brazil,2020-11-02,Standard,33744.3
4795,Donald Thompson,3gyb1guu@company.com,USA,2020-05-21,Basic,46538.05
4796,Daniel Martin,3uc00ig3@company.com,Brazil,2022-10-13,Basic,15601.2
4797,Thomas Martinez,xlmc7u1m@example.com,Sweden,2020-11-24,Premium,48705.07
4798,Sandra Brown,ttmdbziv@yahoo.com,Spain,2021-01-10,Basic,40908.63
4799,Matthew Edwards,6a1k42sf@example.com,USA,2021-01-10,Standard,30762.08
4800,Paul Taylor,u536h4vj@email.com,USA,2023-01-18,Standard,17811.41
4801,David White,o1n4wjy1@example.com,India,2021-03-21,Basic,40941.16
4802,Daniel Wilson,ve98qizw@example.com,Switzerland,2021-01-31,Standard,11083.05
4803,Patricia Jones,mxqrhkt6@yahoo.com,Norway,2021-09-08,Standard,27358.61
4804,Andrew Jackson,4mutkba4@outlook.com,India,2024-07-06,Standard,46453.59
4805,Ashley Taylor,f5hdhg5b@example.com,Netherlands,2024-04-04,Premium,46555.32
4806,Matthew Martinez,b2xhy2a9@email.com,Japan,2024-06-17,Basic,23061.66
4807,Betty White,cz7wzhct@mail.com,Sweden,2021-10-16,Premium,1154.89
4808,Michael Roberts,0oj6u1h8@outlook.com,USA,2024-06-06,Standard,46715.34
4809,Michael Lopez,glbvcr7z@mail.com,USA,2024-09-30,Standard,23357.35
4810,Robert Smith,4of37cqr@yahoo.com,Netherlands,2023-11-05,Standard,40175.35
4811,Robert Martin,7hu3oalk@gmail.com,Netherlands,2024-01-27,Basic,1049.63
4812,Sandra Johnson,0rnlru24@example.com,Mexico,2024-02-05,Premium,8065.11
4813,Daniel Jackson,sf6dzt2d@outlook.com,China,2023-11-02,Standard,13504.33
4814,Michael Gonzalez,vohaj3yv@mail.com,Italy,2020-09-06,Standard,35716.3
4815,David Lee,qku7zeuy@email.com,Brazil,2021-07-22,Standard,29623.94
4816,Andrew Smith,oby20rm7@email.com,Canada,2022-07-08,Premium,17754.81
4817,Joseph Miller,wxh8f31g@outlook.com,USA,2021-10-19,Premium,39306.98
4818,Paul Martinez,mfejql37@outlook.com,Italy,2020-10-23,Standard,18889.53
4819,Robert Miller,tesg12be@mail.com,Mexico,2021-05-11,Premium,44003.73
4820,Margaret Roberts,gk2xoxrr@test.com,USA,2021-03-23,Standard,16954.68
4821,Susan Williams,mlrj8dud@mail.com,Switzerland,2021-12-28,Basic,39283.93
4822,Nancy Jones,x0jjupk5@outlook.com,France,2021-09-07,Premium,32803.27
4823,Paul Taylor,npc5dt45@gmail.com,Netherlands,2021-07-05,Basic,38669.97
4824,Donna Martin,3adb56en@test.com,Netherlands,2024-10-27,Standard,9362.68
4825,Donald Miller,n2fjk8m8@test.com,South Korea,2021-10-23,Standard,22878.81
4826,Paul Jackson,dlnitq77@yahoo.com,China,2020-09-30,Standard,46394.24
4827,Paul Smith,rkff2920@email.com,USA,2020-01-23,Premium,15168.67
4828,Susan Reeves,ii1dkwb1@test.com,Spain,2024-01-11,Basic,16468.61
4829,Paul Martinez,g5csoaaz@yahoo.com,Japan,2023-05-08,Premium,32742.74
4830,Jessica Reeves,idu506mr@gmail.com,Netherlands,2021-02-16,Premium,3647.23
4831,Donald Thomas,5ogi4mei@gmail.com,UK,2023-12-20,Standard,43141.46
4832,Paul Johnson,g9ys31jo@company.com,USA,2024-02-08,Standard,14813.34
4833,Kimberly Lopez,nl1os9fv@yahoo.com,Norway,2020-05-17,Premium,25394.15
4834,James Martin,83udqbuy@outlook.com,Switzerland,2022-08-06,Basic,48071.91
4835,Linda Anderson,vos8u3pf@test.com,Switzerland,2024-01-03,Basic,37091.71
4836,Charles Martinez,d4mk8456@mail.com,Sweden,2021-01-11,Standard,46994.22
4837,Michael Miller,ft8sadgy@mail.com,Sweden,2021-07-12,Basic,13806.3
4838,Mark Reeves,gfj2dzkw@yahoo.com,Spain,2020-08-08,Premium,13308.33
4839,Betty Brown,rb0mjkhw@gmail.com,Italy,2022-12-17,Premium,21172.7
4840,William Brown,1jguoiq6@gmail.com,Brazil,2020-09-05,Premium,10992.51
4841,Jennifer White,34fz9dt2@mail.com,Mexico,2020-06-27,Basic,37584.65
4842,Steven Harris,kgius981@outlook.com,Switzerland,2021-12-19,Standard,1409.79
4843,Christopher Reeves,5w405d3n@example.com,Australia,2020-10-24,Basic,38750.82
4844,Karen Taylor,40ugrt1e@test.com,South Korea,2021-08-18,Premium,40827.79
4845,Paul Rodriguez,x1tefcyx@mail.com,Norway,2024-07-24,Standard,41634.26
4846,Barbara Anderson,zkxbxi4o@gmail.com,France,2022-11-14,Premium,5503.64
4847,William Jones,rkk6tx2i@company.com,Sweden,2020-04-10,Standard,6870.36
4848,Ashley Martin,ab7ur8wo@example.com,UK,2022-05-16,Premium,28985.45
4849,Paul Williams,73qeo7p5@company.com,Mexico,2023-11-06,Standard,19298.27
4850,Patricia Gonzalez,jmty0sx2@company.com,Japan,2023-09-25,Premium,14415.03
4851,Patricia Collins,jwso4hp9@company.com,India,2020-08-06,Premium,20902.06
4852,Susan Thomas,6p87idnl@company.com,Mexico,2023-11-24,Standard,41505.71
4853,Jessica Reeves,gcntdon4@email.com,Spain,2021-09-02,Standard,48209.61
4854,Emily White,m0v7ckxn@outlook.com,South Korea,2023-12-02,Premium,15206.41
4855,Nancy Garcia,hwtsr6lm@example.com,Australia,2021-01-07,Standard,46049.1
4856,Susan Hernandez,t5egcjzj@test.com,Japan,2020-11-13,Standard,5771.82
4857,Nancy Anderson,eg1nenwi@outlook.com,Canada,2020-02-20,Standard,4848.73
4858,Thomas Wilson,tmfz2292@gmail.com,Germany,2024-11-06,Basic,9789.53
4859,Matthew Garcia,i5wyviu8@company.com,Australia,2020-05-07,Standard,14491.61
4860,Michael Gonzalez,0v4lld2p@gmail.com,China,2022-08-25,Basic,16234.6
4861,Linda Edwards,wkje8jn8@example.com,Spain,2021-05-15,Standard,23895.43
4862,Mark Reeves,p2ms5jwj@company.com,Netherlands,2022-08-09,Premium,23496.32
4863,Mark Brown,swe90caa@company.com,Australia,2021-06-09,Premium,26433.33
4864,Andrew Jones,8id9sqmj@mail.com,Germany,2020-08-22,Standard,14691.99
4865,Richard Lee,b8d0bgyx@mail.com,Japan,2023-07-15,Basic,46991.67
4866,Daniel Brown,d7ce8yul@email.com,Italy,2021-01-20,Premium,28146.0
4867,Steven Jackson,yjppvbqa@email.com,Canada,2023-11-15,Standard,46866.25
4868,Joseph Anderson,cewnv0s2@email.com,India,2020-05-08,Standard,32058.6
4869,Jessica Wilson,jgnzclmc@gmail.com,Germany,2022-03-21,Standard,6302.57
4870,Daniel Moore,26a2oc8i@gmail.com,Netherlands,2021-05-20,Standard,45153.74
4871,Donald Johnson,arqjw72p@mail.com,Australia,2021-07-06,Standard,41851.04
4872,Barbara Hernandez,28ij6nlo@gmail.com,USA,2020-09-13,Premium,47564.94
4873,Mark Wilson,jnc06n6m@email.com,France,2023-11-06,Basic,31536.15
4874,Charles Brown,3i7e4ti3@example.com,Switzerland,2020-02-17,Premium,23117.56
4875,Susan Gonzalez,53srivnv@example.com,Japan,2022-02-16,Basic,39129.05
4876,Thomas Davis,eo7d8wkd@yahoo.com,Netherlands,2020-11-06,Premium,16972.93
4877,Susan Perez,lkemhlww@example.com,Sweden,2020-08-08,Basic,26266.12
4878,Emily Hernandez,mg1awzvw@email.com,Canada,2020-04-22,Basic,24329.8
4879,Charles Jackson,1h1adrgh@outlook.com,Canada,2022-07-22,Standard,3711.45
4880,Sarah Martinez,up9vzuag@outlook.com,Germany,2021-06-14,Premium,5043.35
4881,Thomas White,fcw561l7@outlook.com,Japan,2023-07-22,Standard,24476.95
4882,James Harris,awakqdke@mail.com,Sweden,2022-08-14,Basic,46357.03
4883,Thomas Wilson,65o5ib96@yahoo.com,Spain,2020-03-15,Premium,17536.4
4884,Susan Davis,uhqusi3o@yahoo.com,South Korea,2020-10-07,Basic,43956.05
4885,Donald Martin,6tx1l8k3@example.com,Italy,2021-12-05,Premium,33336.88
4886,Daniel Gonzalez,bhwg5742@company.com,Australia,2022-12-15,Standard,48527.63
4887,David Thomas,dm0ibzz0@test.com,Netherlands,2024-11-10,Basic,49170.08
4888,Mary Moore,rwkq99qx@example.com,Spain,2022-06-10,Basic,11086.57
4889,Nancy Martin,0vx3gehl@yahoo.com,Canada,2021-09-11,Basic,48087.57
4890,William Jones,3jpwit78@example.com,Italy,2020-05-30,Premium,26227.45
4891,Joseph White,89uhly10@example.com,Switzerland,2024-03-11,Premium,2315.57
4892,Karen Jones,qg774695@example.com,USA,2024-05-28,Premium,20647.48
4893,Robert Martin,jiwq9oet@gmail.com,South Korea,2023-06-09,Premium,13900.7
4894,Paul Jackson,cksc63gn@company.com,China,2020-05-10,Basic,15855.5
4895,Mary Williams,yppkym9v@mail.com,Switzerland,2024-02-28,Standard,19353.36
4896,Jennifer Williams,xjcighdv@outlook.com,Sweden,2023-08-16,Premium,38970.15
4897,Jessica Lopez,z4i6r81p@company.com,Netherlands,2020-08-01,Basic,38164.61
4898,Thomas Jackson,dl8p6947@gmail.com,Norway,2022-08-31,Basic,6847.36
4899,Charles Collins,aos6ayxm@company.com,USA,2022-06-02,Basic,13531.27
4900,John White,7p8rrrz1@outlook.com,UK,2020-09-26,Premium,31843.83
4901,Daniel Martin,lkdvac3w@example.com,Norway,2021-01-08,Standard,47462.52
4902,Sarah Johnson,veyiln8n@email.com,Spain,2020-02-17,Basic,39703.03
4903,Robert Gonzalez,plb01j78@company.com,China,2022-04-15,Standard,3423.91
4904,Ashley Jones,ruy9aes7@company.com,France,2023-01-03,Standard,40322.03
4905,Lisa Hernandez,15r433yf@gmail.com,Spain,2023-12-28,Standard,48403.58
4906,Karen Rodriguez,bbc5lt67@test.com,Canada,2021-04-04,Basic,21668.8
4907,Charles Collins,6nk9f73u@outlook.com,Sweden,2022-06-04,Basic,24383.0
4908,Ashley Roberts,u4s7w8gm@outlook.com,France,2024-07-06,Basic,10059.53
4909,Jennifer Hernandez,e8om9vtl@mail.com,Sweden,2020-09-01,Premium,1878.7
4910,Betty Martinez,lmg9rrut@gmail.com,Canada,2020-10-27,Premium,40429.29
4911,Thomas Garcia,4s41psun@yahoo.com,Switzerland,2022-12-14,Basic,43724.67
4912,Sarah Perez,f5exvdn3@test.com,Italy,2020-11-21,Premium,47082.53
4913,Susan Davis,zobqmfw0@example.com,Germany,2020-05-03,Basic,28768.14
4914,Jennifer Brown,jhtxx3zc@company.com,India,2022-04-10,Basic,35192.9
4915,Barbara Anderson,srazzxvk@company.com,Switzerland,2023-11-29,Standard,4067.34
4916,Margaret Thomas,ix0bfipe@example.com,Germany,2022-09-21,Standard,655.48
4917,Joseph Jones,pk5rjjtd@mail.com,Netherlands,2023-08-27,Standard,41665.37
4918,Betty Williams,ncdojmud@company.com,UK,2022-01-17,Premium,23817.82
4919,Sarah Taylor,otvtka25@example.com,France,2022-01-04,Premium,18566.18
4920,Lisa Jackson,vmvg191l@email.com,USA,2020-01-07,Basic,20940.37
4921,Christopher Edwards,fv44u3wo@gmail.com,Netherlands,2024-07-02,Premium,2230.59
4922,Mary Reeves,d1zwaehx@example.com,Brazil,2023-12-24,Standard,11266.81
4923,Kimberly Martin,6l3zmber@company.com,UK,2024-10-14,Premium,4131.48
4924,Margaret Davis,8fl67g86@test.com,France,2021-07-24,Basic,47350.28
4925,Charles Miller,u0zb6nbq@example.com,Mexico,2020-01-09,Standard,47594.79
4926,Matthew Lee,bqwc83o3@mail.com,Spain,2023-11-16,Standard,28793.26
4927,Andrew Lopez,0cn7wfzg@example.com,Brazil,2021-05-01,Standard,7625.78
4928,Karen Lee,vac8g0ta@email.com,Japan,2024-09-09,Basic,46081.88
4929,Linda Lee,lx2u6yjz@email.com,Japan,2023-05-24,Premium,47469.86
4930,Sandra Miller,1wuoagpu@example.com,Canada,2020-03-10,Standard,15634.38
4931,Margaret Rodriguez,820wl0gt@example.com,France,2021-11-21,Standard,4210.47
4932,Richard Gonzalez,o98cxgpv@outlook.com,UK,2021-05-04,Standard,30824.44
4933,Mary Moore,oa9vio4e@outlook.com,Japan,2024-08-24,Premium,14862.54
4934,James Martin,yl65pxwe@test.com,Switzerland,2022-09-10,Basic,10906.39
4935,John Martinez,aqb3fx8p@email.com,China,2022-10-07,Basic,26604.45
4936,Joseph Lopez,zyizcfnk@mail.com,Italy,2023-09-09,Standard,12645.08
4937,Joseph Jones,s3a8mbtf@outlook.com,Mexico,2024-03-24,Standard,43253.22
4938,Betty Reeves,wh5jz554@company.com,USA,2024-12-26,Basic,24949.21
4939,Joseph Taylor,i5o54fxe@test.com,Japan,2021-09-23,Premium,7096.69
4940,Linda Miller,hfpah82u@email.com,India,2022-10-22,Premium,19485.13
4941,Jessica Collins,wnlcwsoi@yahoo.com,Sweden,2023-10-30,Premium,16215.55
4942,Sarah Perez,4wobx7hl@test.com,Switzerland,2021-04-21,Basic,5554.17
4943,Andrew Hernandez,5iqnhvyw@mail.com,Italy,2024-08-02,Premium,45511.58
4944,Karen White,wi94laus@company.com,China,2021-05-13,Premium,36593.53
4945,Mary Garcia,lj0xg9a2@email.com,Japan,2024-03-23,Standard,27639.61
4946,Donald Perez,rt6sg0sz@yahoo.com,France,2022-09-10,Premium,37024.46
4947,William Taylor,zpo8i87r@mail.com,India,2021-09-22,Standard,20536.0
4948,Lisa Jones,mw4gh8p9@mail.com,USA,2023-05-29,Standard,6335.12
4949,Donna Garcia,fmsjbw9y@gmail.com,Brazil,2020-03-12,Basic,15206.28
4950,Nancy Martin,gtp8szb0@yahoo.com,Canada,2023-07-20,Basic,19906.81
4951,Thomas Reeves,ldrfgzmo@outlook.com,China,2022-10-08,Standard,27904.61
4952,Daniel Reeves,tjvebbyn@gmail.com,France,2022-05-26,Basic,15157.52
4953,Sandra Thomas,qr0vbuqi@test.com,India,2021-12-12,Standard,33207.14
4954,Mark Martin,40dygnn5@yahoo.com,Australia,2020-12-02,Standard,10221.16
4955,Susan Brown,939ug5xt@example.com,Netherlands,2021-11-27,Basic,38604.03
4956,Ashley Lee,emdc5l0f@gmail.com,Switzerland,2020-05-28,Premium,42708.99
4957,Charles Thomas,x9tkwpjm@example.com,Japan,2020-06-22,Premium,9317.35
4958,Jessica Collins,o3yxtbuq@outlook.com,USA,2022-03-24,Standard,23082.93
4959,James Harris,mzile6ol@test.com,Canada,2021-07-22,Standard,25466.32
4960,Mark White,c6i0gqir@mail.com,South Korea,2021-06-02,Premium,31218.53
4961,Matthew Miller,1wuvwkcy@company.com,UK,2022-05-15,Basic,21181.15
4962,Christopher Harris,juoy74xp@gmail.com,Norway,2020-01-25,Standard,14280.35
4963,Jessica Lopez,0im9dbyq@test.com,South Korea,2020-02-20,Premium,45171.78
4964,Charles Thompson,8hb3qgdf@company.com,France,2024-02-25,Premium,49447.08
4965,Andrew Jones,i8vk2set@gmail.com,Norway,2022-10-03,Basic,17654.43
4966,Joseph Anderson,9d80a78p@test.com,Japan,2021-12-02,Basic,37643.04
4967,John Williams,3uxj1n5k@test.com,Sweden,2020-09-22,Basic,46358.44
4968,Richard Thompson,umh1mlfl@company.com,Sweden,2020-05-07,Premium,512.76
4969,Matthew Jones,m1o5cmkq@example.com,USA,2024-04-07,Basic,44057.1
4970,Nancy Jones,typ3cshx@mail.com,Mexico,2021-06-16,Standard,12414.49
4971,Christopher Anderson,ott0t151@test.com,South Korea,2020-12-30,Premium,21338.97
4972,Thomas Harris,xksorq6g@test.com,Australia,2024-06-16,Premium,23977.78
4973,Charles Miller,epzdfyme@mail.com,Norway,2024-07-15,Basic,16476.86
4974,Linda Moore,gv9wadgi@gmail.com,USA,2023-09-28,Premium,30134.95
4975,Mary Anderson,zuj1iahb@gmail.com,Netherlands,2023-09-06,Standard,41808.14
4976,Michael Collins,t3g5rgly@outlook.com,Canada,2020-12-17,Standard,12682.6
4977,Margaret White,1k3hw6qg@mail.com,Switzerland,2022-10-04,Basic,49577.17
4978,Paul Davis,a4ejhf2i@yahoo.com,Spain,2024-01-11,Premium,3520.58
4979,Jessica Moore,16w1eqgm@yahoo.com,Mexico,2023-05-08,Standard,9681.45
4980,William Martinez,rleqtim8@yahoo.com,Norway,2024-10-07,Basic,35789.5
4981,Charles Martinez,5zobsho8@test.com,UK,2024-07-24,Standard,27703.2
4982,Emily Johnson,d3qctpvn@gmail.com,Australia,2022-01-11,Premium,2682.48
4983,Joseph Lopez,okd1qdjf@gmail.com,India,2021-09-21,Premium,16612.93
4984,Jennifer Miller,psz63wzu@outlook.com,UK,2020-04-30,Basic,44457.86
4985,Robert Anderson,q56s1l2w@yahoo.com,Germany,2022-11-19,Basic,33798.3
4986,Barbara Jones,2q99427i@example.com,Japan,2022-10-02,Basic,21579.1
4987,Donald Rodriguez,pdolxcom@example.com,India,2020-03-11,Basic,37851.99
4988,James Lee,r1c4z4aq@test.com,USA,2021-04-18,Standard,47970.59
4989,Ashley Smith,be9rkokf@mail.com,Canada,2023-08-07,Standard,13095.44
4990,Sandra Garcia,dtui000l@example.com,USA,2020-06-02,Standard,25400.84
4991,Charles Jackson,ppvereqj@gmail.com,Spain,2021-08-07,Premium,26878.88
4992,Ashley Hernandez,4ohz01en@gmail.com,Germany,2022-06-20,Basic,4675.3
4993,David Wilson,cj8s6nvc@example.com,Spain,2021-09-02,Basic,6183.13
4994,Patricia Davis,gxhudrzf@email.com,Brazil,2023-04-08,Basic,4920.15
4995,Betty Martin,0r9udh4p@mail.com,Italy,2024-08-21,Standard,30382.13
4996,Andrew Johnson,oi6yesr1@outlook.com,Switzerland,2020-07-31,Premium,3480.11
4997,Daniel Martin,sgbkhxd0@outlook.com,UK,2023-11-19,Basic,43091.18
4998,Susan Moore,s2vjl3bx@company.com,Italy,2021-03-04,Premium,4759.43
4999,Daniel Jackson,zx5g6jz0@outlook.com,Germany,2020-05-02,Standard,25770.54
5000,Linda Roberts,a0btuxz0@gmail.com,Norway,2023-11-09,Basic,4222.95
5001,Ashley Garcia,i1hvn0bh@mail.com,Mexico,2021-10-11,Premium,14503.96
5002,Jessica Lopez,p6vcky6k@yahoo.com,Netherlands,2021-07-21,Standard,16025.34
5003,Joseph Perez,r1erdli5@gmail.com,Australia,2021-01-22,Standard,1867.87
5004,Donald Perez,9gxvunf6@example.com,Australia,2020-08-13,Basic,38449.21
5005,Betty Anderson,vp77htsb@gmail.com,China,2022-08-01,Standard,17474.91
5006,Joseph Thompson,224yl5di@gmail.com,Canada,2024-05-31,Premium,37706.88
5007,Richard Perez,jid8y68f@outlook.com,Mexico,2024-03-22,Standard,3893.99
5008,Robert Moore,t3ztmbon@example.com,India,2022-03-21,Premium,35571.44
5009,Patricia Smith,tdyex9ta@outlook.com,Mexico,2022-09-17,Basic,15415.84
5010,Kimberly Martin,arv0gk7j@test.com,Australia,2024-12-28,Premium,28496.8
5011,John Smith,bokylua6@mail.com,France,2023-06-24,Standard,2710.1
5012,Donald Davis,1md97zps@mail.com,Italy,2020-02-23,Standard,15288.06
5013,John Anderson,16mu797t@email.com,Italy,2024-09-18,Premium,32032.78
5014,Jessica Miller,l879de6j@yahoo.com,Australia,2020-10-19,Standard,37282.51
5015,Emily Lopez,g7mxayu0@example.com,France,2024-12-03,Basic,3310.16
5016,Ashley Thompson,jno8tnvf@test.com,Australia,2020-07-06,Basic,31126.9
5017,Donald Perez,thu52axt@company.com,Canada,2020-12-24,Basic,29514.4
5018,Thomas Roberts,pxa079ca@mail.com,Netherlands,2023-02-13,Basic,8040.87
5019,Emily Rodriguez,5gsxm3qk@email.com,Canada,2021-01-03,Standard,37559.91
5020,Thomas Thomas,38dyw9bv@outlook.com,Netherlands,2021-05-12,Premium,32837.7
5021,Betty Lopez,4rq5j70a@mail.com,Germany,2024-03-16,Premium,26248.17
5022,Jennifer Martin,tpo3ampf@email.com,Switzerland,2020-10-27,Basic,8990.17
5023,Nancy Jones,38z9q0o7@company.com,Germany,2022-12-14,Basic,24549.51
5024,Richard Hernandez,2s5yyevk@yahoo.com,Brazil,2022-08-26,Premium,23810.01
5025,Richard Gonzalez,uqgtump1@mail.com,India,2020-05-15,Standard,21601.34
5026,Betty Martin,vij9vvmf@example.com,UK,2024-11-21,Basic,49806.34
5027,Sarah Johnson,ls71nt3y@gmail.com,South Korea,2022-10-19,Premium,30236.59
5028,Kimberly Martinez,g8sxw0xn@test.com,UK,2024-09-01,Standard,32828.86
5029,David Martinez,4ywzsd2x@example.com,Japan,2022-08-21,Standard,33309.54
5030,Betty Roberts,69k5tmc0@email.com,Canada,2021-01-31,Premium,48254.48
5031,Emily Martinez,in4sczls@test.com,Spain,2021-08-21,Premium,45013.35
5032,Charles Moore,o7izc9rp@test.com,USA,2021-04-13,Basic,9583.81
5033,Patricia Thompson,3kefncy2@outlook.com,Mexico,2022-08-28,Basic,22108.28
5034,Donald Rodriguez,4xr1mrkg@mail.com,Canada,2023-08-18,Premium,26700.3
5035,James Johnson,cxpaocew@gmail.com,Australia,2024-09-01,Basic,27947.48
5036,James Martin,0bbli804@example.com,Japan,2021-12-16,Standard,15503.39
5037,Robert Lee,w1zvkfmv@outlook.com,USA,2020-12-07,Premium,47944.56
5038,Daniel Perez,erojyiuf@email.com,UK,2023-08-12,Basic,39090.39
5039,Joseph Harris,3b2q3ldp@email.com,France,2020-08-27,Standard,35033.54
5040,Paul Martinez,ysz9jxp1@example.com,South Korea,2024-02-01,Premium,24740.65
5041,Daniel Gonzalez,tg4o4c1y@mail.com,India,2023-09-10,Premium,45917.39
5042,Christopher Hernandez,5akad9xq@yahoo.com,UK,2023-07-28,Premium,26407.68
5043,Donald Harris,ce5svlbp@yahoo.com,South Korea,2020-06-25,Basic,30523.78
5044,Betty Roberts,u8mi15ia@company.com,France,2020-02-28,Basic,19466.25
5045,Daniel Lee,x8a90uuf@outlook.com,UK,2023-08-13,Standard,39875.72
5046,Sandra Miller,9svz9e3e@example.com,Spain,2023-02-22,Basic,29538.61
5047,Sarah Martinez,399gnv0k@example.com,Brazil,2021-08-26,Standard,29702.86
5048,Kimberly Smith,q5kgtgi0@gmail.com,UK,2022-07-02,Premium,38761.2
5049,Daniel Collins,69khsptu@test.com,Brazil,2023-04-03,Basic,46500.18
5050,John Taylor,5qtc4eil@outlook.com,Italy,2021-02-20,Basic,25079.95
5051,Jessica Rodriguez,mri2xflz@company.com,Norway,2020-05-31,Premium,41058.41
5052,Charles Roberts,nmzitotb@gmail.com,Netherlands,2021-09-09,Standard,4910.44
5053,Lisa Garcia,k38003ab@example.com,USA,2020-04-17,Premium,17113.46
5054,David Edwards,xldwthkl@test.com,Sweden,2021-05-05,Standard,45681.73
5055,Robert Harris,y6vkxnmt@yahoo.com,China,2024-03-20,Standard,31489.99
5056,Ashley Edwards,8g4buesr@outlook.com,UK,2022-09-19,Basic,6641.46
5057,Andrew Davis,opn491jj@test.com,China,2023-06-02,Premium,4441.71
5058,Joseph Miller,7eog9tqf@test.com,China,2021-03-20,Standard,41882.5
5059,Betty Gonzalez,u42sr7jz@company.com,France,2024-11-17,Premium,48271.53
5060,Lisa Smith,fbvabwz8@company.com,Brazil,2020-04-26,Premium,42793.56
5061,Mark Perez,iag5n2gz@outlook.com,South Korea,2020-05-19,Standard,18638.24
5062,Betty Edwards,jstez7sb@outlook.com,Mexico,2024-11-02,Premium,21521.05
5063,Jennifer Miller,vugfhyz3@company.com,China,2021-11-03,Premium,46498.43
5064,Richard Brown,qxx843pa@test.com,Australia,2021-08-18,Standard,32463.28
5065,David Thompson,aqrd7nuf@example.com,Italy,2020-06-29,Premium,27404.09
5066,Paul Hernandez,espy5me9@yahoo.com,Germany,2022-02-11,Premium,17736.94
5067,Mark Rodriguez,886kornl@gmail.com,Brazil,2022-07-13,Standard,32877.14
5068,Karen Davis,jmswx8n1@yahoo.com,Mexico,2022-01-08,Standard,39692.05
5069,Charles Anderson,y446yp8n@company.com,Germany,2021-11-29,Standard,32749.32
5070,Barbara Thompson,saifauxz@company.com,Norway,2020-02-19,Standard,22857.92
5071,Sandra Harris,3wq371fd@test.com,Australia,2024-11-05,Premium,4348.35
5072,Mark Roberts,phb36p5z@mail.com,Italy,2022-01-16,Basic,32980.87
5073,Michael Moore,3ut36wdp@yahoo.com,Japan,2022-12-01,Standard,27889.92
5074,Richard Lee,izmembyv@company.com,Australia,2022-05-16,Standard,11879.0
5075,Paul Roberts,tatad01e@test.com,Japan,2022-05-31,Premium,2146.89
5076,Linda Williams,n74iw92a@company.com,Norway,2022-01-28,Standard,22870.87
5077,Joseph Edwards,v254s5jd@company.com,Switzerland,2022-04-11,Standard,29170.8
5078,Margaret Rodriguez,tp3wakgu@test.com,UK,2022-07-22,Basic,10223.08
5079,James Rodriguez,g775g45a@example.com,Mexico,2023-07-27,Premium,36729.35
5080,William Thomas,izxwr5rf@yahoo.com,South Korea,2022-02-21,Standard,3048.12
5081,Jennifer Perez,nguhjjwr@gmail.com,Sweden,2024-09-11,Basic,37839.16
5082,Joseph Thomas,fu9pot7u@test.com,India,2020-02-05,Premium,15362.69
5083,Linda Thompson,y6gayojo@test.com,Australia,2020-05-18,Basic,31507.2
5084,Robert Lopez,93gyrm66@company.com,Switzerland,2022-09-14,Basic,47813.6
5085,Patricia Jones,lpxrtuwm@example.com,Switzerland,2024-01-12,Basic,37801.24
5086,Mark Martin,e7y68uck@mail.com,USA,2024-10-20,Premium,9023.23
5087,Joseph Jones,fw96uejf@company.com,France,2023-10-24,Standard,25319.15
5088,William Lopez,2nk6t27q@outlook.com,USA,2021-06-12,Premium,21861.21
5089,Joseph Martin,zge57kvc@email.com,USA,2022-03-19,Standard,751.89
5090,Emily Harris,roeb9u7h@gmail.com,USA,2023-10-11,Basic,9216.87
5091,Jessica Davis,sf644r3z@email.com,Switzerland,2020-11-19,Premium,27121.34
5092,Matthew Thomas,6cmr08l2@example.com,Netherlands,2023-01-08,Standard,32806.79
5093,Robert Davis,o3skwof2@example.com,Spain,2022-04-23,Basic,3787.65
5094,Lisa Anderson,dt9aybnl@yahoo.com,India,2023-02-07,Basic,20272.37
5095,Kimberly Edwards,lf3q6thy@example.com,UK,2023-01-23,Basic,12274.45
5096,Mary Martin,06dziwf9@example.com,South Korea,2020-07-23,Basic,18936.84
5097,Susan Brown,svr994v3@gmail.com,China,2022-12-02,Premium,20380.5
5098,Michael Miller,i9uy0n2c@mail.com,Norway,2024-03-14,Basic,49510.23
5099,Donald Thomas,dofpizf4@email.com,Sweden,2020-04-04,Premium,7019.64
5100,Mark Martin,3h071pga@yahoo.com,Spain,2022-07-24,Standard,3455.87
5101,Richard Moore,2z7cpynh@mail.com,Canada,2023-10-30,Basic,8827.99
5102,James Roberts,zry1avjy@test.com,Japan,2022-11-10,Basic,8914.03
5103,William Edwards,th3mqbyy@gmail.com,UK,2021-07-08,Basic,24240.4
5104,Karen Martin,7q7gs3ta@gmail.com,UK,2022-01-08,Premium,23241.59
5105,Christopher White,t2seao8r@email.com,Japan,2021-05-03,Basic,26757.72
5106,Karen Williams,1fms898c@outlook.com,Canada,2020-05-23,Standard,35804.16
5107,Margaret Lopez,5nqr81fy@example.com,South Korea,2022-03-15,Basic,20992.11
5108,Mark Martin,s2kpmxhm@company.com,Australia,2022-10-31,Basic,2443.75
5109,William Hernandez,yq8mwoiq@mail.com,Sweden,2021-12-03,Standard,30454.02
5110,Joseph Roberts,7zx65e3v@yahoo.com,Japan,2024-01-18,Basic,16883.3
5111,Kimberly Collins,nxj5v1ci@example.com,Canada,2022-06-12,Premium,30387.42
5112,Mark Harris,40xcesrt@gmail.com,Mexico,2023-01-29,Standard,40154.3
5113,Michael Wilson,5x98jdl7@email.com,Switzerland,2024-04-14,Basic,8315.75
5114,David Anderson,3e7x57sk@test.com,UK,2024-04-09,Standard,46580.36
5115,Michael Miller,pm93upp1@company.com,Italy,2022-04-25,Standard,46617.23
5116,Thomas Roberts,n9l775s9@gmail.com,Canada,2024-11-07,Premium,18497.09
5117,Emily Moore,7u5oglij@yahoo.com,UK,2020-01-03,Premium,8812.28
5118,Michael Davis,uca57fs8@example.com,Netherlands,2020-01-04,Basic,46635.07
5119,Kimberly Reeves,gpiu6h66@gmail.com,France,2024-07-17,Premium,8593.8
5120,Daniel Garcia,ejb4ed80@email.com,Canada,2020-02-14,Standard,13515.69
5121,Paul Taylor,0jyvw8v5@outlook.com,Netherlands,2022-04-01,Basic,35394.99
5122,Mary Roberts,2jlyuawg@email.com,France,2022-07-25,Basic,8339.51
5123,Kimberly Garcia,56hszrlp@gmail.com,Mexico,2024-03-09,Premium,19291.61
5124,Karen Thompson,w64tohxo@mail.com,Italy,2020-08-28,Premium,49399.31
5125,Emily Davis,1t78vo78@company.com,India,2022-07-13,Premium,13250.53
5126,Donna Martin,le4ep7cg@mail.com,Germany,2021-04-02,Premium,47057.52
5127,Donna Williams,vqygzjkf@gmail.com,Japan,2021-12-29,Premium,14083.87
5128,Patricia Lopez,fyhxs8x1@yahoo.com,Italy,2020-09-03,Basic,34685.28
5129,Steven Harris,nxxvkb36@outlook.com,USA,2023-12-18,Premium,43898.6
5130,Sandra Thompson,q92vdr8a@mail.com,Switzerland,2020-02-28,Basic,8074.03
5131,Joseph Lee,ayi49cab@gmail.com,Mexico,2020-08-12,Premium,28000.52
5132,Patricia Jackson,835e8a4t@test.com,Sweden,2020-08-03,Standard,5815.82
5133,Christopher Jones,qufn9256@outlook.com,China,2024-11-07,Premium,29771.28
5134,Betty Lopez,6sbrulk9@outlook.com,Canada,2022-01-06,Basic,33131.83
5135,David Harris,sqz76ljv@example.com,Germany,2021-06-27,Premium,49879.41
5136,Margaret Gonzalez,crvsf64a@yahoo.com,China,2021-04-03,Premium,47715.29
5137,Michael Wilson,xv00qbza@company.com,UK,2023-06-15,Premium,46291.64
5138,Robert Taylor,zajghmkm@yahoo.com,Italy,2024-08-07,Standard,47682.85
5139,Andrew Lee,snxp5u5a@example.com,Netherlands,2023-04-02,Basic,35833.44
5140,William Harris,m63fznk4@yahoo.com,South Korea,2020-09-17,Basic,27808.21
5141,John Jones,3hojwxuq@example.com,India,2023-03-02,Premium,7679.04
5142,Betty Collins,l00ml2ny@yahoo.com,Norway,2021-01-08,Standard,1132.74
5143,Margaret Thompson,345ftp4u@company.com,China,2024-11-07,Standard,20995.69
5144,Robert Lee,rrsvsn5s@test.com,China,2021-03-22,Premium,9980.41
5145,Donna Martin,v8231l2s@company.com,Australia,2023-11-17,Premium,17872.91
5146,Matthew Martin,lu5z2h02@yahoo.com,Spain,2020-05-31,Premium,17868.13
5147,David Williams,ksx9cj18@outlook.com,South Korea,2020-09-20,Premium,45218.02
5148,Mark Thompson,yikqpng7@email.com,Australia,2020-01-07,Premium,28546.43
5149,Charles Gonzalez,6dpt3ry6@mail.com,China,2023-08-02,Basic,46897.56
5150,Margaret Jones,x402l7nd@gmail.com,Norway,2020-02-06,Premium,844.35
5151,Linda Lopez,kd9qq9iq@example.com,UK,2020-06-29,Basic,15515.06
5152,David Reeves,9yccpnp8@email.com,Spain,2020-11-07,Basic,35175.45
5153,Steven Martin,scmj6m80@email.com,India,2021-10-25,Basic,49564.24
5154,William Hernandez,g5gyxvd2@yahoo.com,India,2021-02-07,Basic,34047.92
5155,Margaret Rodriguez,khcfaaib@mail.com,Germany,2024-11-10,Premium,26384.47
5156,Richard Miller,l5ws8s60@example.com,Mexico,2020-06-28,Standard,29658.55
5157,Joseph Harris,srt6jc1f@yahoo.com,Switzerland,2024-04-15,Premium,19165.95
5158,Barbara Lee,dtve10ha@example.com,USA,2020-11-22,Basic,43650.93
5159,Lisa Martinez,evzs1zdf@gmail.com,India,2023-04-24,Standard,43704.23
5160,Jennifer Garcia,yy6zhafo@example.com,Germany,2023-11-29,Premium,29872.67
5161,Mark Jones,f0b69835@gmail.com,Spain,2021-07-26,Premium,45009.64
5162,Paul Lee,19ukba2n@email.com,Spain,2020-02-10,Basic,1451.52
5163,Robert Davis,srxo5q5i@outlook.com,Norway,2020-09-24,Premium,9730.48
5164,Karen Edwards,8iajdge2@mail.com,Mexico,2024-02-15,Premium,30210.58
5165,Matthew Martinez,2k519xdf@company.com,France,2021-10-14,Standard,32124.94
5166,Margaret Roberts,gieotfdg@test.com,France,2022-08-28,Standard,49632.98
5167,James Lopez,nv5ksdhj@email.com,Japan,2021-03-17,Premium,45760.2
5168,Christopher Reeves,v94yb4r8@email.com,Sweden,2020-06-01,Premium,23486.7
5169,Paul Taylor,z4a1xf5u@yahoo.com,Canada,2024-09-26,Standard,8577.18
5170,Nancy Martinez,fn63b056@yahoo.com,France,2023-02-20,Standard,17778.64
5171,Jessica Miller,95sx11c9@gmail.com,China,2024-08-01,Basic,14803.48
5172,Charles Harris,23ejm03t@test.com,UK,2023-02-20,Basic,27873.76
5173,Christopher Hernandez,qoguf4zk@test.com,USA,2022-09-12,Basic,7890.51
5174,Steven Edwards,pvw7znci@company.com,Japan,2024-06-18,Premium,38501.98
5175,Jennifer Lee,5q4o724m@gmail.com,Switzerland,2020-01-04,Premium,31253.32
5176,Christopher Johnson,qiurleau@example.com,Spain,2020-07-02,Basic,20926.62
5177,Paul Roberts,iuyu5yw5@email.com,Australia,2021-04-18,Basic,3443.1
5178,Donna Jackson,busarw1s@mail.com,UK,2021-07-11,Basic,45624.73
5179,Kimberly Harris,h6sbyd1r@company.com,Brazil,2024-05-04,Premium,24279.16
5180,Betty Reeves,zspa2rz6@gmail.com,Canada,2020-06-26,Basic,9582.82
5181,Andrew Lopez,uyqc56ig@yahoo.com,Switzerland,2020-04-22,Basic,16339.14
5182,Christopher Gonzalez,no9jyuqu@outlook.com,Australia,2023-05-05,Standard,26283.24
5183,Thomas White,iney03ww@gmail.com,Brazil,2024-03-08,Standard,16571.63
5184,Mary Martinez,edz03ypo@yahoo.com,Norway,2024-12-26,Basic,44088.47
5185,Charles Smith,hx30bu3p@test.com,Norway,2023-07-31,Premium,10689.6
5186,John Garcia,eaytsjee@mail.com,Brazil,2020-07-24,Standard,33268.11
5187,William Jackson,thzhzt1q@email.com,USA,2022-09-12,Standard,4527.69
5188,Karen Brown,9lcoy4xc@test.com,France,2022-09-18,Basic,44336.05
5189,Christopher Jackson,yk2c6es3@outlook.com,Australia,2022-05-18,Premium,44601.52
5190,Thomas Thompson,19njsoo0@gmail.com,Germany,2024-11-12,Basic,9026.46
5191,Lisa Thompson,z7ak6g0h@yahoo.com,Switzerland,2022-03-07,Premium,24071.51
5192,Emily Thomas,oviptv7m@gmail.com,Sweden,2021-09-23,Standard,34959.55
5193,Sarah Reeves,kqjmk25w@example.com,China,2023-10-24,Standard,46672.28
5194,Linda Martin,bgbgchu8@outlook.com,Canada,2022-06-27,Standard,25099.93
5195,Michael Hernandez,mqcneqce@email.com,Norway,2020-02-07,Standard,18665.12
5196,Robert Lee,b9qs66sz@gmail.com,South Korea,2023-02-26,Standard,46426.67
5197,Joseph Taylor,essw0yy9@outlook.com,Spain,2021-11-23,Premium,27971.07
5198,Andrew Jones,m4gvvsdz@gmail.com,Germany,2021-03-06,Basic,39107.49
5199,Mark Roberts,ahhm1not@example.com,Germany,2022-10-29,Basic,48817.32
5200,Mark White,2enlytcc@gmail.com,Norway,2020-07-03,Standard,21881.02
5201,James Martin,1u9x99zf@yahoo.com,China,2022-09-17,Premium,13381.8
5202,Donna White,kb2d3k66@example.com,Spain,2021-11-27,Basic,47503.16
5203,Patricia Johnson,5qlhw50q@yahoo.com,Norway,2022-05-08,Basic,25901.78
5204,Andrew Collins,hergby0f@test.com,China,2022-01-29,Premium,23546.48
5205,Betty Thompson,xwpf3yzv@gmail.com,China,2020-08-30,Standard,30897.07
5206,Betty Moore,t0himahn@gmail.com,Canada,2021-01-03,Basic,43411.08
5207,Daniel Johnson,h5kp3apx@test.com,Spain,2024-05-11,Premium,47048.86
5208,Sarah Wilson,q77ic7eb@company.com,Brazil,2024-09-06,Basic,23288.35
5209,William Davis,bf4i4chk@yahoo.com,Mexico,2020-02-13,Standard,1116.26
5210,Ashley Thompson,g36x2q2p@mail.com,Norway,2023-12-27,Standard,38986.96
5211,John Jones,z8gmmtfh@outlook.com,France,2022-12-10,Premium,42892.65
5212,Paul Hernandez,q8g5nicz@example.com,India,2024-06-25,Premium,7224.52
5213,Andrew Edwards,x73762g9@test.com,Canada,2022-12-11,Basic,2109.66
5214,Jessica Lopez,4822swtb@mail.com,China,2020-07-10,Premium,23446.45
5215,Susan Moore,gdpokdom@gmail.com,Canada,2024-05-23,Standard,26168.59
5216,Michael Thompson,y2p5w50c@outlook.com,UK,2024-03-28,Premium,17826.71
5217,Nancy Perez,21iql5ku@example.com,South Korea,2023-03-14,Basic,873.73
5218,David Garcia,mbdn7qx2@example.com,Switzerland,2023-11-27,Standard,9163.6
5219,William Martinez,2lqun5cj@gmail.com,India,2023-06-26,Basic,29706.12
5220,Richard Gonzalez,eakk70oz@yahoo.com,China,2023-03-18,Standard,10059.68
5221,James Lopez,ci167dv4@mail.com,Netherlands,2024-07-04,Standard,40495.59
5222,Betty Garcia,hnsqula3@outlook.com,Japan,2020-05-20,Premium,259.89
5223,Kimberly Lee,5la3ug7y@company.com,South Korea,2022-03-27,Premium,29878.07
5224,Richard Lopez,zkijnvlg@example.com,China,2022-11-29,Basic,18794.24
5225,Lisa White,afyb0qf7@test.com,Norway,2024-11-30,Premium,27134.31
5226,John Williams,ueswjpbw@example.com,China,2020-08-23,Premium,45710.61
5227,Thomas Harris,78dxbdce@example.com,Italy,2023-05-09,Basic,27658.41
5228,Paul Martinez,vptr8js5@example.com,Mexico,2021-01-09,Premium,44786.91
5229,Jennifer Martin,ag6xo6pb@example.com,South Korea,2024-06-03,Basic,15225.99
5230,Charles Rodriguez,0631jecc@email.com,Netherlands,2020-01-30,Basic,30560.74
5231,Robert Lopez,h5io5w5d@test.com,UK,2020-03-08,Standard,1085.97
5232,Nancy Rodriguez,7j16otuf@company.com,Canada,2020-05-14,Standard,36434.8
5233,Kimberly Jackson,bxxw8hsl@company.com,UK,2022-06-02,Premium,5318.37
5234,Richard Collins,47baxu98@yahoo.com,India,2021-01-23,Basic,32759.19
5235,James Hernandez,7z8rzks7@yahoo.com,Netherlands,2023-06-11,Basic,35486.08
5236,Patricia Miller,yibivr1x@yahoo.com,Spain,2023-12-10,Premium,34541.57
5237,David Williams,qvzklqth@yahoo.com,Canada,2021-01-12,Basic,1453.8
5238,Linda Collins,ndz15loc@email.com,Switzerland,2020-02-27,Standard,48966.97
5239,John Thomas,9gzw4rdr@outlook.com,Australia,2023-01-08,Basic,16421.96
5240,Kimberly Moore,1c20skox@email.com,Italy,2020-05-30,Basic,48048.52
5241,Matthew Lopez,elqztv7l@company.com,UK,2020-06-14,Standard,33326.22
5242,John Martin,6dmk89l1@outlook.com,South Korea,2024-09-22,Basic,38448.88
5243,Donald White,72u6op23@gmail.com,Netherlands,2023-02-16,Premium,25209.33
5244,Linda Gonzalez,3aeivzpy@company.com,Switzerland,2020-03-28,Premium,27625.8
5245,Nancy Jones,acdnrwrc@example.com,USA,2023-11-08,Basic,23666.94
5246,Nancy Martin,7s19nyzk@example.com,France,2020-02-20,Premium,47063.16
5247,Robert Brown,22euxxji@test.com,Mexico,2021-04-22,Premium,38262.27
5248,Charles Reeves,jfqc2v6z@mail.com,Switzerland,2021-04-20,Standard,45715.88
5249,Daniel White,79nypq9o@test.com,Mexico,2020-10-28,Standard,10542.84
5250,Margaret Lee,3ujlvmy4@gmail.com,USA,2021-10-04,Basic,11677.01
5251,Sandra Lee,vwop786c@outlook.com,Mexico,2024-03-14,Premium,30781.54
5252,Susan Thomas,tiz7glzn@example.com,Japan,2021-10-13,Premium,3870.33
5253,Michael Harris,c3mlds7g@email.com,France,2023-06-13,Premium,19008.92
5254,Lisa Taylor,t3zww4l9@company.com,Norway,2023-01-20,Premium,44407.65
5255,Barbara Gonzalez,3qv02sds@company.com,Canada,2023-06-09,Standard,41689.84
5256,Ashley Collins,ctevwt6r@email.com,South Korea,2020-07-21,Standard,12783.14
5257,Emily Martin,axwdsb99@email.com,India,2020-05-20,Premium,9315.17
5258,Michael Wilson,hqvilq43@mail.com,Australia,2023-01-18,Standard,8923.82
5259,William Harris,gs8thljd@example.com,Canada,2020-07-12,Basic,45932.98
5260,Charles Garcia,o56o6l2d@example.com,Mexico,2020-03-30,Basic,13219.89
5261,Thomas Smith,tkhbblbq@company.com,Switzerland,2022-06-12,Basic,4480.58
5262,William Davis,mlxskoud@outlook.com,Sweden,2021-09-08,Standard,41177.16
5263,Barbara Anderson,e8fgkvtr@example.com,Italy,2021-04-24,Premium,2862.78
5264,Betty Lopez,8w2qoimz@gmail.com,France,2020-09-21,Standard,31058.56
5265,William White,r8adgbm0@mail.com,Mexico,2022-07-16,Premium,32549.75
5266,Karen Moore,tvizeuut@mail.com,China,2020-03-10,Standard,7001.46
5267,Daniel Lee,oj0nwo66@gmail.com,Canada,2022-11-12,Basic,30559.22
5268,James Perez,umyrl1pi@email.com,Germany,2020-11-08,Basic,26882.92
5269,Susan Edwards,1lmslgel@company.com,Sweden,2023-11-18,Standard,7776.46
5270,Patricia Jackson,jsk9zf1j@outlook.com,China,2021-11-21,Basic,25026.38
5271,Ashley Garcia,q126483d@gmail.com,Sweden,2024-11-08,Basic,38145.85
5272,Richard White,v5tqh61x@outlook.com,Canada,2021-04-21,Premium,49710.12
5273,Sandra Hernandez,5e35p4q0@test.com,Australia,2020-05-29,Premium,22782.23
5274,David Perez,pxuzrplx@test.com,Italy,2020-11-06,Standard,21040.6
5275,Betty White,r6baedvl@mail.com,Sweden,2024-08-21,Basic,48791.23
5276,Jessica Gonzalez,z5lc1wkx@mail.com,Brazil,2023-08-22,Premium,18828.37
5277,Ashley Reeves,ju6ikkge@outlook.com,Norway,2021-01-28,Standard,41619.96
5278,Michael Reeves,hgrg2kta@gmail.com,USA,2021-07-13,Standard,10917.5
5279,Christopher Rodriguez,o73r024s@test.com,France,2022-09-18,Premium,13874.7
5280,Sarah Miller,jqyj72ji@test.com,Australia,2024-07-06,Premium,31936.3
5281,Barbara Hernandez,yuluu08m@email.com,Brazil,2022-01-24,Basic,27609.55
5282,Sandra Thompson,5w7yu887@gmail.com,Sweden,2024-06-27,Basic,39731.11
5283,Mark Williams,bfmvdu1s@company.com,Japan,2024-09-07,Standard,33717.01
5284,Daniel Edwards,45nxmzax@test.com,South Korea,2023-08-18,Premium,14057.19
5285,Daniel Williams,9ico4f0k@mail.com,Switzerland,2024-07-07,Basic,38417.51
5286,Nancy Martin,k1kkpyul@test.com,Canada,2022-01-23,Standard,43892.57
5287,Matthew Rodriguez,wcslvmaf@mail.com,Mexico,2024-02-25,Basic,36966.49
5288,Donna Martin,pndnla6s@yahoo.com,China,2023-05-04,Premium,42305.21
5289,Mark Wilson,venk1bks@email.com,Canada,2022-12-11,Basic,759.5
5290,Barbara Gonzalez,30fja21i@outlook.com,Switzerland,2021-07-04,Basic,22538.41
5291,Paul Martinez,qgscmlgw@example.com,Switzerland,2020-10-13,Basic,30103.34
5292,David Johnson,jbok340r@test.com,Germany,2023-03-16,Basic,15368.29
5293,Emily Reeves,n3moba82@test.com,Brazil,2023-05-05,Basic,23628.44
5294,Joseph Martin,wfu9t18x@company.com,Canada,2021-12-05,Standard,25087.3
5295,Charles Wilson,07uc4vhs@mail.com,Norway,2021-02-08,Premium,22248.79
5296,Andrew Brown,yal5ofke@yahoo.com,Mexico,2022-09-17,Basic,11499.0
5297,Paul Martinez,wfqi2o80@mail.com,Canada,2022-06-25,Premium,3424.59
5298,Nancy Brown,2i00j90n@yahoo.com,Canada,2024-08-15,Basic,49746.95
5299,David Johnson,sxfedbd8@email.com,Canada,2021-08-20,Basic,32792.38
5300,James Brown,xlw8bdtl@outlook.com,Australia,2020-06-23,Standard,7071.01
5301,David Thomas,bz7eu1u5@gmail.com,Japan,2020-04-03,Premium,22606.93
5302,Andrew Edwards,yhaebyju@mail.com,France,2021-12-01,Standard,2040.85
5303,James Martin,0n68extx@example.com,Japan,2024-03-10,Standard,24687.61
5304,Christopher Jackson,ksvqfzyu@yahoo.com,Mexico,2022-04-09,Basic,38889.06
5305,Jennifer Wilson,yjnyhpiz@yahoo.com,Sweden,2023-01-16,Premium,29869.94
5306,Mark Taylor,34qt3ksk@mail.com,Mexico,2022-03-17,Standard,44413.04
5307,Sandra Davis,m2kskgbm@company.com,UK,2022-04-25,Basic,9932.26
5308,Joseph Jones,5gy1qx2b@example.com,Germany,2022-07-11,Premium,46353.78
5309,Lisa Martinez,kg86d7gi@gmail.com,India,2022-12-18,Basic,31582.25
5310,Mary Martin,0vajf74p@example.com,Australia,2023-08-22,Standard,20854.12
5311,Joseph Martinez,wsetyf95@gmail.com,Spain,2023-11-27,Basic,4863.0
5312,Barbara Smith,d0grvsnu@email.com,India,2023-07-17,Premium,3952.85
5313,Jennifer Thomas,75tageb9@example.com,USA,2024-07-04,Premium,2821.56
5314,Nancy Perez,znxa0kg7@gmail.com,Netherlands,2022-11-17,Premium,13864.95
5315,William Smith,qymaebtm@example.com,Canada,2023-07-21,Standard,34435.7
5316,Paul Rodriguez,hw3dngv3@yahoo.com,UK,2022-11-16,Standard,7226.64
5317,Karen Garcia,9vicm3g9@yahoo.com,UK,2022-01-13,Basic,45820.95
5318,Matthew Lee,mkvc7t8t@mail.com,Switzerland,2022-03-15,Premium,13160.0
5319,Sandra Garcia,nepbghih@gmail.com,Japan,2022-01-23,Basic,46052.79
5320,Ashley Collins,kyw2p0zr@gmail.com,India,2021-06-14,Premium,16016.44
5321,Thomas Williams,raeqrg7w@test.com,Sweden,2023-02-25,Basic,45056.05
5322,Kimberly Martin,f2sfna4h@outlook.com,Spain,2022-02-03,Standard,25704.2
5323,Thomas Wilson,plwrthfh@mail.com,Spain,2020-01-12,Premium,3626.79
5324,Lisa Jackson,mf62547m@yahoo.com,Canada,2022-01-01,Basic,4755.95
5325,Lisa Johnson,x8u2f7bu@yahoo.com,Norway,2023-11-22,Basic,22261.98
5326,Emily Martin,ub7htwd0@example.com,France,2020-03-05,Premium,20025.16
5327,Margaret Smith,gruocgua@outlook.com,Sweden,2020-05-03,Standard,30218.01
5328,Christopher Roberts,k3vvwefc@example.com,Netherlands,2023-04-05,Basic,41538.31
5329,Paul Reeves,3j4arucv@company.com,Germany,2021-03-17,Standard,30998.81
5330,Richard Johnson,g582bl91@test.com,Sweden,2024-10-18,Premium,16476.53
5331,Robert Jones,k6hd6wpb@mail.com,UK,2020-10-08,Basic,3766.93
5332,Steven Hernandez,ilmyk50p@example.com,Switzerland,2021-12-13,Standard,26669.09
5333,William Brown,wg2lkc2m@email.com,UK,2022-11-04,Basic,14794.97
5334,Margaret Hernandez,xtjpiwtu@gmail.com,Mexico,2022-05-22,Premium,48551.93
5335,Steven Reeves,vkn64cl4@test.com,UK,2022-05-10,Basic,28391.99
5336,David Miller,f16ek79h@gmail.com,Mexico,2021-10-06,Standard,2928.37
5337,Matthew Anderson,04j35fpz@test.com,UK,2023-10-06,Basic,6437.92
5338,Karen Smith,k6zij9bl@yahoo.com,Canada,2022-11-06,Standard,6405.13
5339,Ashley Martin,yrko0z8h@mail.com,South Korea,2024-08-16,Premium,4341.01
5340,Susan Lee,qc5yald7@outlook.com,Netherlands,2022-08-14,Premium,30682.3
5341,Margaret Jones,y7ph5upq@company.com,Australia,2021-05-31,Basic,22626.45
5342,Paul Garcia,c4vlzfcm@gmail.com,Japan,2024-05-26,Basic,38879.08
5343,John Rodriguez,th5yq6hc@test.com,South Korea,2021-01-24,Basic,5698.82
5344,Karen Perez,s98qi29e@outlook.com,Netherlands,2020-11-07,Standard,28264.19
5345,Donald Anderson,ikr5xru9@yahoo.com,South Korea,2023-08-30,Standard,23118.05
5346,Lisa Martin,n4vdqyjd@test.com,South Korea,2020-09-02,Basic,13123.17
5347,Barbara Moore,7ietcps9@outlook.com,Italy,2023-10-12,Standard,42575.84
5348,Karen Martin,ge6fu7rv@test.com,Spain,2020-12-02,Standard,28445.02
5349,Donna Lee,vnv295vr@mail.com,Sweden,2023-05-26,Premium,15181.61
5350,Sarah Brown,0b5djakc@test.com,USA,2023-12-03,Premium,24516.11
5351,Matthew Thompson,ksj4lny4@outlook.com,Italy,2022-06-02,Basic,789.0
5352,Donald Moore,fpq8aszl@email.com,Japan,2022-04-27,Standard,39975.67
5353,Michael Hernandez,55kwno8p@example.com,Sweden,2023-03-02,Basic,23507.88
5354,Jessica Smith,075koc46@mail.com,Germany,2020-09-30,Basic,46173.66
5355,William Roberts,7eke5afo@gmail.com,Mexico,2023-06-23,Basic,4056.94
5356,Mark Martin,9apiksdx@outlook.com,Mexico,2024-10-05,Premium,13332.84
5357,Mary Collins,vl2drghv@test.com,USA,2024-09-14,Standard,30704.75
5358,Emily Miller,l4irbo2v@outlook.com,Sweden,2022-11-01,Basic,36507.67
5359,Lisa Collins,eq5tq7gj@test.com,Switzerland,2023-12-24,Basic,24635.81
5360,Lisa Brown,me7d345o@company.com,India,2023-03-10,Basic,46122.46
5361,John Miller,72yk938b@example.com,Netherlands,2022-01-17,Basic,48684.36
5362,Karen Jackson,vjwz1zea@gmail.com,Norway,2023-06-14,Basic,26758.37
5363,Ashley Roberts,xnymwldr@outlook.com,Australia,2024-08-16,Basic,19181.65
5364,Betty Thompson,84vct1zg@company.com,Switzerland,2024-02-21,Premium,35327.29
5365,Susan Thompson,2lk9bmkw@test.com,South Korea,2022-10-11,Standard,3096.07
5366,Barbara Moore,ojd27id7@mail.com,Canada,2024-09-06,Standard,44848.27
5367,Steven Moore,u4nyd5wf@company.com,Canada,2024-09-15,Basic,7524.89
5368,Mark Martin,8ewk8nr3@test.com,Canada,2021-06-06,Standard,28667.84
5369,Donald White,az83r6xr@company.com,Spain,2024-12-05,Premium,37127.39
5370,Matthew Johnson,bb12jhmp@gmail.com,Switzerland,2021-11-21,Standard,39266.33
5371,Matthew Rodriguez,zgh4a9zj@company.com,Netherlands,2020-10-01,Basic,33855.85
5372,Thomas Garcia,75ezm5c2@gmail.com,Sweden,2022-12-08,Standard,40744.36
5373,Andrew Martin,zuej2037@company.com,Mexico,2023-12-10,Premium,18615.51
5374,Nancy Thomas,fph1kt03@company.com,Spain,2020-03-26,Basic,28568.49
5375,Christopher Davis,xpozryly@yahoo.com,Australia,2020-08-29,Premium,37539.36
5376,Robert Wilson,vrbeas5x@test.com,Sweden,2021-10-17,Premium,24710.62
5377,David Martin,j84ugnzr@test.com,UK,2024-11-08,Premium,27746.73
5378,David Brown,ci8pi0h5@gmail.com,USA,2020-04-03,Premium,30041.98
5379,Nancy Reeves,aw8jmhjp@mail.com,Netherlands,2024-12-23,Standard,10156.45
5380,Karen Jones,8cgnm3ga@company.com,Sweden,2024-09-08,Standard,35270.92
5381,Margaret Williams,1ufs2utk@test.com,Switzerland,2024-10-21,Premium,48006.17
5382,Michael Taylor,h7c8mdrx@gmail.com,Switzerland,2020-12-05,Basic,998.31
5383,Paul Harris,323df16e@outlook.com,India,2020-03-23,Standard,42474.26
5384,Donna Lee,4g73zznx@email.com,Norway,2023-08-05,Standard,44237.41
5385,Jennifer Martinez,otr1j5cd@yahoo.com,South Korea,2023-12-16,Standard,29230.55
5386,Daniel Miller,v1t4deko@gmail.com,Netherlands,2023-01-08,Basic,30021.62
5387,Patricia Thomas,bqiu7w7g@outlook.com,UK,2023-07-24,Premium,6990.61
5388,Matthew Reeves,fj3kez8u@outlook.com,Germany,2021-11-09,Standard,49833.58
5389,Mark Anderson,vsblvqre@example.com,Australia,2020-01-26,Standard,45105.85
5390,Linda Roberts,kzsbh97z@company.com,Brazil,2022-08-28,Basic,36049.82
5391,Donald White,q8yekzyz@outlook.com,Spain,2021-01-16,Premium,36589.52
5392,Nancy Martin,rxb2bb1p@mail.com,Australia,2023-09-10,Standard,10585.29
5393,Andrew Harris,lsx2bw54@test.com,Spain,2021-06-23,Basic,33793.78
5394,Patricia Rodriguez,m5reooco@mail.com,Netherlands,2020-10-29,Premium,42769.37
5395,Jessica Thomas,a28lxtjm@example.com,Mexico,2023-11-02,Standard,464.54
5396,John Thompson,69bdh5rg@email.com,France,2023-05-04,Premium,25314.96
5397,Matthew Johnson,7m2z9f6t@company.com,Norway,2022-01-29,Basic,35782.08
5398,Patricia Brown,zqwynvvr@mail.com,UK,2024-04-02,Premium,26838.13
5399,Donald Wilson,kqt8lndt@mail.com,India,2021-04-16,Basic,41165.83
5400,Karen Lopez,hmh50gk5@yahoo.com,Mexico,2020-04-28,Basic,18489.66
5401,Ashley Martin,uzg602df@outlook.com,South Korea,2023-11-16,Premium,25460.6
5402,Andrew Martin,0nemljyo@gmail.com,Italy,2021-12-16,Standard,19163.58
5403,Kimberly Miller,uw3jr4ow@mail.com,Netherlands,2020-01-09,Standard,22510.1
5404,Charles Jackson,dagnsngb@yahoo.com,South Korea,2024-04-24,Basic,35963.41
5405,Steven Smith,u9f6pzd7@example.com,Norway,2020-10-05,Premium,10334.86
5406,Kimberly Jones,h822wrxd@example.com,France,2022-06-03,Basic,2096.26
5407,Andrew Thomas,7gpr3rkb@email.com,Canada,2020-03-17,Premium,5169.06
5408,Linda Reeves,fk9okjxw@email.com,Sweden,2023-01-05,Premium,12871.34
5409,Sarah Brown,hc9jtksz@yahoo.com,Brazil,2020-10-20,Premium,38964.18
5410,William Martinez,q9y8s2d9@test.com,China,2022-09-29,Premium,25770.73
5411,Margaret Perez,pke36kwm@company.com,Netherlands,2020-11-12,Standard,18417.98
5412,Sandra Hernandez,y2ylamvg@example.com,Sweden,2023-04-03,Basic,6997.39
5413,William Wilson,6v5z3at8@yahoo.com,Germany,2023-05-02,Premium,45530.0
5414,Lisa Johnson,i3glb04q@mail.com,Mexico,2021-10-15,Premium,43049.26
5415,Donna Martin,ner4bs7s@example.com,Germany,2023-06-07,Basic,44996.52
5416,William Roberts,dety82vz@gmail.com,Brazil,2023-08-18,Basic,7082.16
5417,Thomas Rodriguez,1v8smwvt@outlook.com,Canada,2023-01-26,Standard,26258.05
5418,Susan Rodriguez,1ll26wpi@gmail.com,Switzerland,2024-01-14,Premium,10455.25
5419,Andrew Hernandez,qwme50zm@example.com,Switzerland,2022-05-08,Basic,29360.03
5420,Emily Martinez,s6ty44z4@gmail.com,Netherlands,2020-07-07,Basic,2050.4
5421,Matthew Wilson,husb1mw8@company.com,China,2023-06-25,Premium,33185.1
5422,Barbara Edwards,uhb73fgt@example.com,Mexico,2024-05-02,Basic,2055.41
5423,Donna Moore,bujohqcx@email.com,South Korea,2024-04-10,Basic,49912.34
5424,Linda Martin,ngugvif3@test.com,UK,2022-05-05,Basic,30316.9
5425,Ashley Collins,ly3ibdyc@example.com,USA,2020-03-19,Premium,2107.81
5426,Lisa Moore,w00d222k@outlook.com,Japan,2023-03-24,Basic,13648.95
5427,Lisa Martin,ngnlnhah@test.com,India,2022-06-10,Standard,33848.46
5428,Linda Roberts,3u429kwu@company.com,Canada,2020-05-27,Premium,23994.64
5429,Nancy White,e854mfuy@example.com,Italy,2023-02-07,Premium,22277.64
5430,Matthew Martinez,w9mgqp8x@example.com,Germany,2020-05-27,Basic,36831.81
5431,Emily Martin,n5hpn6yh@outlook.com,Canada,2020-05-04,Standard,15799.04
5432,Margaret Thompson,n3wlqy1f@example.com,Italy,2023-11-16,Standard,2763.32
5433,Linda Martinez,frdv64ez@test.com,France,2020-11-07,Standard,6696.89
5434,Barbara Miller,9j2wcpgf@example.com,USA,2020-11-17,Standard,10781.68
5435,James Reeves,a99if4xj@company.com,Japan,2020-05-03,Standard,5166.73
5436,Mark Edwards,ktqmj6am@outlook.com,India,2024-04-16,Premium,40877.48
5437,Charles Martinez,wbuuz2h8@outlook.com,Mexico,2021-12-16,Premium,45363.46
5438,Richard Taylor,5g2i2dod@email.com,Germany,2022-03-21,Basic,14402.9
5439,John Johnson,vbsedcx1@company.com,Switzerland,2023-07-23,Premium,15425.3
5440,Susan Roberts,2r6hy94y@outlook.com,Brazil,2024-12-15,Standard,11398.38
5441,Thomas Williams,m02xi88u@mail.com,Netherlands,2022-06-23,Premium,32802.92
5442,Donald Smith,1h34aguw@gmail.com,Australia,2022-06-16,Basic,42979.57
5443,David Davis,051bsaie@yahoo.com,South Korea,2020-12-29,Premium,47478.31
5444,Donald Lopez,ef28tp0r@example.com,Italy,2021-07-22,Premium,26023.01
5445,Richard Martin,d2ntobnl@example.com,South Korea,2024-06-19,Basic,3666.59
5446,Jessica White,s7sss3rq@yahoo.com,Mexico,2020-03-02,Basic,43002.96
5447,Sarah Miller,x1a7w9nr@yahoo.com,Australia,2023-05-21,Standard,21550.68
5448,Barbara Moore,lxdowmx2@yahoo.com,USA,2020-01-23,Premium,40094.6
5449,Sandra Wilson,qltwgrhq@test.com,Spain,2020-05-24,Basic,17398.99
5450,Emily Edwards,wglkssst@test.com,Italy,2023-09-03,Premium,18330.62
5451,Christopher Collins,li2zf6jd@company.com,France,2023-04-30,Premium,49019.23
5452,William Williams,up24szge@example.com,Switzerland,2022-01-15,Basic,21480.86
5453,Paul Moore,qgnvqguf@yahoo.com,Sweden,2020-12-20,Standard,47905.55
5454,Betty White,k8c9b566@yahoo.com,Germany,2020-07-14,Basic,6834.13
5455,Charles Lee,7ohcuiuu@outlook.com,Switzerland,2024-03-13,Standard,2430.02
5456,Joseph Davis,2fcfhvy4@gmail.com,South Korea,2023-12-01,Basic,39757.5
5457,Andrew Rodriguez,391dnun3@gmail.com,Italy,2023-05-30,Basic,15392.47
5458,David Martin,b9g1xh8f@mail.com,UK,2023-02-07,Basic,37360.34
5459,Christopher Davis,e78mzkto@company.com,Brazil,2022-01-08,Standard,29699.3
5460,James Miller,6omlemlk@test.com,Brazil,2022-05-08,Standard,31828.0
5461,Barbara Thomas,hfvvnkic@email.com,UK,2024-06-15,Premium,7769.32
5462,Ashley Martin,a1rpm8uh@test.com,France,2021-05-27,Premium,32517.35
5463,Mark Martinez,vw7trvdr@yahoo.com,South Korea,2021-08-11,Premium,2806.12
5464,Kimberly Rodriguez,99lcq3r9@outlook.com,Brazil,2020-08-28,Premium,35020.23
5465,Jennifer Wilson,msrqco5r@test.com,Netherlands,2021-11-29,Premium,44155.09
5466,John Brown,x2wb04w0@mail.com,Mexico,2021-11-21,Standard,3076.68
5467,Barbara Moore,w5fqiooo@gmail.com,Germany,2023-02-14,Basic,15401.41
5468,William Harris,knj453rm@mail.com,Sweden,2021-03-19,Basic,33327.07
5469,Emily Brown,dma6wl6z@mail.com,Australia,2022-06-18,Premium,10808.31
5470,James Taylor,lj8ho18u@test.com,China,2024-04-09,Standard,28970.4
5471,Donna Taylor,6079pth1@company.com,UK,2022-05-28,Basic,24322.67
5472,Betty Anderson,zozfuvuo@example.com,Spain,2021-11-20,Basic,49420.62
5473,Jennifer Perez,6sfoj237@gmail.com,Spain,2023-12-26,Standard,40003.39
5474,John Wilson,dqcwfy5w@gmail.com,Germany,2020-04-11,Premium,47566.95
5475,Karen Hernandez,b3pkk7a2@gmail.com,Italy,2022-08-16,Premium,43877.89
5476,Nancy Anderson,ffkbov8x@gmail.com,India,2023-08-15,Basic,3183.64
5477,Barbara Perez,hcougsou@mail.com,India,2021-11-30,Standard,12735.89
5478,Susan Brown,o7ye539q@gmail.com,UK,2024-08-12,Basic,40272.66
5479,James Taylor,b5kq0k1b@yahoo.com,Brazil,2022-12-01,Standard,25900.4
5480,Emily Taylor,en4z51cx@outlook.com,Netherlands,2020-12-01,Standard,40354.45
5481,Paul Collins,ecdsm1o6@example.com,UK,2021-04-15,Premium,26939.06
5482,Jennifer Hernandez,nujeorev@gmail.com,Germany,2021-02-01,Premium,42376.83
5483,John Moore,f2q0cz2u@gmail.com,Switzerland,2023-07-28,Basic,15531.32
5484,Richard Reeves,b6edrmbn@outlook.com,Switzerland,2022-07-25,Basic,19967.21
5485,Donna Rodriguez,2gdkbx35@email.com,USA,2023-08-29,Standard,12351.64
5486,Donald Taylor,vlaesipe@yahoo.com,Australia,2024-11-24,Standard,8921.85
5487,Linda Martin,3ilycay4@mail.com,Sweden,2022-03-18,Premium,22326.2
5488,Donald Reeves,itdklz47@outlook.com,Australia,2023-02-02,Premium,34557.14
5489,Karen Taylor,i2dbz5wb@example.com,India,2020-06-16,Basic,34190.21
5490,Mark Davis,bwk2nkit@yahoo.com,Mexico,2024-12-22,Standard,18598.17
5491,Margaret Martinez,lhz5v6o9@company.com,USA,2020-07-29,Premium,25899.27
5492,Lisa Martin,3up5js6s@gmail.com,Sweden,2024-02-16,Basic,18001.88
5493,David Reeves,3tfsk2gi@outlook.com,Sweden,2023-08-11,Premium,15735.54
5494,Lisa Lee,ld1z4n05@company.com,Canada,2020-01-29,Basic,334.39
5495,Steven Martin,kz3uc8bx@yahoo.com,Mexico,2024-03-25,Premium,42578.18
5496,Barbara Roberts,s5bm0k5z@gmail.com,Italy,2023-04-06,Basic,40647.79
5497,Ashley Smith,08r418wg@gmail.com,India,2022-04-25,Premium,32847.69
5498,William Martin,yurmf5rc@example.com,Brazil,2023-06-27,Basic,40018.19
5499,Christopher Rodriguez,qxde84a9@mail.com,India,2020-01-12,Basic,28510.67
5500,Steven Johnson,dkawtqo5@company.com,UK,2021-10-14,Premium,42255.37
5501,John Perez,dyzlbp8e@outlook.com,Switzerland,2023-08-20,Basic,9146.16
5502,James Martin,7rb7yjeo@mail.com,South Korea,2023-01-29,Basic,23031.59
5503,Betty Hernandez,fvb3evcv@email.com,Switzerland,2020-03-26,Basic,9787.62
5504,Thomas Moore,q84agk1b@test.com,Canada,2021-09-26,Standard,20114.04
5505,Robert Smith,ixdbafdg@company.com,Spain,2021-04-03,Standard,48325.19
5506,Matthew Wilson,s2psri8r@test.com,France,2024-10-21,Standard,21710.15
5507,Lisa Martin,vrsp2ec4@mail.com,USA,2022-02-13,Standard,7087.04
5508,David Davis,ns98ghc9@email.com,France,2023-08-27,Basic,47169.67
5509,Steven Thompson,zbuj6t5v@outlook.com,Norway,2023-12-21,Premium,12211.08
5510,William Perez,g9265w2e@gmail.com,South Korea,2023-07-14,Standard,35796.9
5511,Joseph Miller,mq5vz3tw@test.com,UK,2024-02-28,Basic,14319.63
5512,William Martinez,7ix5nx6e@test.com,Germany,2021-06-29,Premium,15867.9
5513,Charles Anderson,qw4i81nk@example.com,China,2023-08-09,Standard,21539.17
5514,Nancy Moore,0nc8mvz8@gmail.com,Spain,2021-03-03,Standard,44793.86
5515,Michael Gonzalez,a4nuwbmb@company.com,France,2022-09-03,Standard,18261.78
5516,Richard Gonzalez,ij1l2c01@example.com,South Korea,2021-05-23,Premium,49583.44
5517,Thomas Reeves,txj8ldu1@yahoo.com,China,2023-04-16,Basic,6691.95
5518,Patricia Rodriguez,o9dcg562@test.com,UK,2020-06-23,Basic,16063.33
5519,Sarah Martin,auby5pdd@yahoo.com,France,2024-11-05,Basic,27860.58
5520,Emily Anderson,8pnsl0c0@example.com,China,2024-07-25,Standard,35685.35
5521,Michael Jackson,ehvgu96m@outlook.com,France,2023-02-23,Premium,42935.62
5522,James Smith,uji6cpul@email.com,Mexico,2022-06-13,Basic,42043.55
5523,Donna White,vc0uytw7@outlook.com,Mexico,2020-12-16,Premium,10148.14
5524,James Moore,zyh83h9m@test.com,Brazil,2022-04-04,Basic,19212.14
5525,Charles Garcia,b7l3fq5a@company.com,China,2022-05-13,Standard,39816.91
5526,John Anderson,bz1y46wt@mail.com,Norway,2021-09-15,Basic,47794.77
5527,Michael Gonzalez,9m47v5kn@email.com,USA,2021-12-10,Premium,17801.01
5528,Mark Davis,xjus2abh@outlook.com,Japan,2021-07-05,Basic,29078.84
5529,Patricia Smith,vcl0fcuk@outlook.com,Spain,2023-10-11,Premium,23613.26
5530,Paul Anderson,kzmjxwe3@test.com,China,2023-03-11,Basic,41737.38
5531,Barbara Martin,x6gxuwtc@email.com,South Korea,2022-06-27,Standard,20867.11
5532,Christopher Martin,6edlv9rg@gmail.com,Mexico,2023-12-04,Basic,30860.61
5533,Richard Perez,iv87ysus@email.com,South Korea,2022-04-18,Standard,16032.43
5534,Charles Taylor,umiip43q@gmail.com,Japan,2024-09-13,Premium,45963.41
5535,James Johnson,whmxqrvg@test.com,Australia,2020-05-26,Basic,47567.47
5536,Paul Thompson,tjlnxp66@email.com,USA,2024-01-11,Basic,25632.64
5537,Steven Hernandez,87r9hn42@company.com,South Korea,2024-07-23,Premium,48703.66
5538,Susan Taylor,y7ml1fbp@email.com,India,2020-11-11,Standard,11403.55
5539,John Hernandez,mts196zu@email.com,Australia,2024-10-28,Standard,31508.62
5540,Linda Hernandez,ow6wp0um@test.com,Netherlands,2022-08-16,Basic,45963.38
5541,John Edwards,u1217aq1@yahoo.com,Italy,2022-08-10,Premium,38285.91
5542,Lisa Williams,98lmwfne@company.com,Canada,2021-01-06,Basic,4319.34
5543,Patricia Gonzalez,k5p2p0k4@test.com,China,2024-07-24,Basic,8204.89
5544,Robert Edwards,mhug5n1y@outlook.com,UK,2023-05-29,Basic,5160.77
5545,Sandra Martin,1z9cbo41@company.com,Netherlands,2023-05-17,Premium,46024.38
5546,Patricia Brown,uv68tzs2@outlook.com,Switzerland,2024-03-27,Basic,21723.28
5547,James Lee,hwldv63y@yahoo.com,South Korea,2024-02-21,Standard,4738.15
5548,Michael Davis,r8dy4eap@mail.com,Brazil,2024-11-02,Premium,42165.87
5549,Paul Rodriguez,nepza6zy@example.com,China,2024-04-02,Basic,33914.56
5550,Mark White,qxvjm1rp@gmail.com,Sweden,2022-06-08,Basic,14940.26
5551,Donald Brown,m0uq1iln@yahoo.com,Netherlands,2022-11-13,Basic,4968.25
5552,Kimberly Thomas,d4xcrpde@company.com,Netherlands,2021-07-07,Standard,3989.14
5553,Joseph Taylor,tst8oifo@test.com,Mexico,2023-07-13,Standard,26739.33
5554,Matthew Williams,5ifwqc4e@yahoo.com,Brazil,2023-05-29,Premium,14007.25
5555,Joseph Gonzalez,x0f3dlen@company.com,India,2020-06-24,Basic,8149.89
5556,Andrew Hernandez,zuc1s6v4@test.com,UK,2024-05-26,Premium,42501.26
5557,Daniel Martin,xq380k8b@email.com,Switzerland,2024-11-02,Standard,3361.98
5558,Kimberly Jones,evtdh6wv@email.com,Sweden,2022-12-25,Standard,25642.17
5559,Kimberly Perez,gj3ey82p@test.com,India,2020-09-16,Premium,36613.72
5560,Betty Perez,2iqaw7y7@test.com,Spain,2021-02-19,Standard,36953.05
5561,Michael Perez,g6amkcni@example.com,Canada,2024-03-06,Standard,22542.16
5562,David Roberts,4sdxk542@company.com,Sweden,2021-04-17,Basic,28402.83
5563,Steven Martinez,enezg6ov@test.com,Sweden,2024-09-03,Premium,22199.16
5564,Patricia Collins,ckrec5d8@example.com,Spain,2021-03-27,Premium,4136.3
5565,Mark Collins,vx4mr98y@email.com,Australia,2023-11-04,Premium,32777.11
5566,Nancy Brown,shphs0db@email.com,South Korea,2022-09-18,Premium,7178.87
5567,Jessica Harris,rou53hgz@company.com,Brazil,2023-09-17,Standard,35107.97
5568,Andrew Brown,pwntydoj@test.com,UK,2020-02-25,Basic,37024.52
5569,Richard Martin,wsxwl8vv@test.com,France,2020-08-08,Standard,42603.44
5570,Matthew Gonzalez,i47mnsys@outlook.com,Mexico,2020-10-18,Basic,14507.2
5571,Barbara Roberts,heax4j4b@test.com,Italy,2020-06-25,Premium,10184.88
5572,Barbara White,99o9tvi2@example.com,South Korea,2021-11-28,Basic,45208.31
5573,Betty Lee,zmqczxfs@mail.com,Spain,2024-07-07,Basic,36707.49
5574,Emily Harris,0j2yr9pe@outlook.com,Norway,2022-04-06,Standard,33078.74
5575,Linda Moore,6ccfab00@yahoo.com,USA,2022-06-30,Basic,20906.79
5576,Sarah Reeves,nv9ad8vw@outlook.com,Sweden,2024-06-25,Premium,5291.95
5577,Matthew Brown,um0a127c@example.com,India,2020-09-29,Basic,32594.56
5578,Sarah Taylor,ttmy2xr3@test.com,Australia,2023-12-27,Premium,36497.46
5579,Richard Davis,4mss8aba@email.com,Sweden,2021-02-18,Standard,48484.32
5580,Nancy Edwards,2xbpf724@example.com,India,2022-09-16,Premium,36003.67
5581,William Wilson,luv5b4m8@mail.com,France,2022-07-06,Premium,4800.0
5582,Barbara Harris,rae77p19@email.com,Japan,2020-10-02,Standard,29960.63
5583,Daniel Martinez,6odf43q1@outlook.com,Germany,2020-08-30,Basic,33587.98
5584,David Lopez,t14oyver@email.com,Brazil,2024-05-08,Premium,32311.05
5585,Margaret Jones,fzee488f@yahoo.com,Japan,2023-11-11,Basic,2474.22
5586,Richard Thompson,8szmsjkj@outlook.com,China,2020-02-02,Standard,12393.24
5587,Charles Garcia,zs03i30x@yahoo.com,Mexico,2021-12-22,Basic,32792.3
5588,Richard Thomas,0fwz7fn3@example.com,China,2021-08-02,Standard,40110.68
5589,Jessica Garcia,dc1rc4rf@example.com,Australia,2021-04-01,Basic,49513.52
5590,Mary Collins,yd4wqpi6@mail.com,Brazil,2022-05-22,Standard,5586.55
5591,Jessica Lee,5bp8799f@yahoo.com,France,2020-02-28,Standard,20249.25
5592,Richard Martin,p6v88ws7@email.com,China,2023-11-15,Standard,13608.0
5593,David Gonzalez,pbvsh4ff@example.com,Mexico,2022-09-10,Standard,24838.65
5594,Thomas Wilson,01x5il2o@yahoo.com,Switzerland,2023-08-09,Basic,17228.1
5595,Lisa Thomas,7lrtnsn1@email.com,Norway,2024-01-31,Standard,44276.77
5596,Mary Thomas,n7pt0itj@gmail.com,Mexico,2022-08-14,Basic,46787.4
5597,Andrew Roberts,azv8ophp@outlook.com,Spain,2023-10-23,Basic,1345.89
5598,Lisa Thompson,lrtrkofv@yahoo.com,Japan,2023-09-14,Standard,22883.53
5599,Ashley Reeves,bfhn657w@gmail.com,Japan,2021-01-11,Standard,13129.34
5600,Margaret Brown,010d5xjq@mail.com,Norway,2021-04-16,Basic,19312.63
5601,Charles Collins,s20ee1cd@yahoo.com,China,2022-11-27,Standard,1686.79
5602,Sandra Jones,4pvix5ko@gmail.com,Sweden,2023-02-22,Premium,15584.97
5603,David Lee,fwr21w7u@yahoo.com,Netherlands,2023-03-16,Premium,34032.48
5604,Joseph Martin,19vvz7c5@mail.com,Brazil,2024-10-14,Premium,8189.13
5605,Kimberly White,qbn3677d@yahoo.com,Australia,2020-10-19,Standard,44827.94
5606,Steven Wilson,olvm6h1x@mail.com,Netherlands,2021-05-30,Standard,16431.12
5607,Patricia Jones,wmummm4e@outlook.com,Mexico,2022-07-21,Basic,4993.51
5608,James Jones,3xjzzcca@outlook.com,Switzerland,2024-04-25,Premium,25038.44
5609,David Johnson,48ummkuq@email.com,Mexico,2021-06-25,Premium,13510.21
5610,Emily Miller,7j0nrhuo@outlook.com,South Korea,2023-04-17,Standard,13823.99
5611,John Lopez,7nqheky9@outlook.com,Spain,2023-01-22,Basic,7812.53
5612,Donald Hernandez,tp3z4ros@outlook.com,Sweden,2022-08-25,Standard,44678.05
5613,Barbara Lee,86krinw8@yahoo.com,Brazil,2022-11-03,Premium,43879.56
5614,Charles Jackson,y2vjpnfi@test.com,France,2021-06-20,Basic,27164.8
5615,Joseph Hernandez,yvg4o69i@test.com,Brazil,2023-09-23,Basic,40147.44
5616,Joseph Gonzalez,6jgovwh4@outlook.com,China,2020-04-21,Basic,37027.39
5617,Jennifer Martin,4j294u09@gmail.com,Italy,2021-06-09,Basic,27590.6
5618,Joseph Perez,5vgywvzt@outlook.com,Mexico,2022-07-20,Standard,39063.45
5619,Charles Lopez,ws3r4edf@email.com,Mexico,2022-12-02,Standard,9448.41
5620,Mary Johnson,cegde8wa@company.com,Japan,2022-02-19,Basic,24618.37
5621,Mary Thomas,n91j3z7e@test.com,UK,2021-07-27,Premium,3994.28
5622,Kimberly Miller,2w1plbrp@company.com,Australia,2024-04-15,Basic,5582.56
5623,William Anderson,2n0nhcbt@example.com,Netherlands,2024-11-16,Basic,9649.87
5624,Lisa Brown,q0rdbjm9@test.com,Japan,2024-02-26,Standard,6942.74
5625,Charles Miller,s52ia0ar@example.com,South Korea,2023-11-22,Standard,38700.9
5626,Linda Lee,668dh2j9@company.com,Japan,2022-08-17,Premium,252.18
5627,Richard Roberts,i1vlbfzx@mail.com,Netherlands,2024-09-30,Premium,8427.31
5628,Donna Martin,gxfeqesx@outlook.com,Japan,2020-12-22,Basic,878.48
5629,William Lee,29z8kpem@outlook.com,South Korea,2021-10-05,Basic,29419.75
5630,Paul Lee,wyxs2slt@outlook.com,Norway,2020-08-31,Basic,27867.83
5631,Margaret Gonzalez,q25e7la6@yahoo.com,China,2022-05-17,Premium,46136.93
5632,Andrew Johnson,tawvpivg@outlook.com,Sweden,2020-07-07,Premium,26414.88
5633,Richard Rodriguez,ztz1dszz@email.com,India,2020-04-03,Premium,43196.1
5634,John Lee,1nxx2mtj@outlook.com,Spain,2022-12-12,Basic,41719.05
5635,Nancy Martin,ao6i1end@email.com,USA,2024-04-07,Premium,47240.55
5636,Jessica Edwards,rrwj8836@mail.com,Germany,2023-12-15,Premium,6654.29
5637,Donna Collins,y87xfaym@outlook.com,Switzerland,2022-08-19,Standard,44236.8
5638,Linda Davis,aviri9u2@outlook.com,Mexico,2023-12-29,Standard,3207.73
5639,Susan White,f4be2018@mail.com,India,2024-05-05,Premium,44175.59
5640,Sandra Reeves,894lb2vi@test.com,USA,2021-11-16,Standard,31432.92
5641,Linda Thompson,9ifp9gi6@email.com,Germany,2023-07-16,Standard,23093.32
5642,Jessica Garcia,010tk2ol@gmail.com,UK,2021-02-04,Premium,8647.22
5643,Betty Thomas,109dzukg@gmail.com,Switzerland,2020-08-16,Premium,24081.28
5644,Steven Thomas,9wcpxbf9@outlook.com,UK,2023-10-14,Basic,8493.97
5645,David Collins,oxq24gi0@outlook.com,Switzerland,2022-06-01,Standard,11972.38
5646,Robert Garcia,8u3t721y@yahoo.com,Mexico,2022-04-04,Premium,48455.74
5647,Emily Gonzalez,xe5pv1a5@test.com,Sweden,2020-05-25,Basic,34529.07
5648,Susan Hernandez,gk5298rg@outlook.com,Mexico,2021-12-18,Basic,34584.07
5649,Lisa Wilson,rxueagsl@company.com,UK,2022-06-25,Premium,46250.86
5650,Matthew Martinez,k624ntaz@example.com,Mexico,2021-10-04,Premium,11994.2
5651,Joseph White,x2rfvn9u@yahoo.com,Spain,2021-01-17,Premium,16718.96
5652,Daniel Miller,1r25nbs1@test.com,Australia,2023-08-02,Standard,7456.36
5653,Joseph White,guu4e0ga@gmail.com,Mexico,2020-10-07,Standard,22839.28
5654,Kimberly Lee,telq8yhs@gmail.com,South Korea,2022-02-26,Standard,6341.16
5655,Donald Martin,qm48klnm@outlook.com,South Korea,2022-09-17,Premium,15982.81
5656,Karen Martin,lr60a6uf@yahoo.com,Mexico,2020-04-01,Basic,25676.26
5657,Joseph Thomas,ut9y6ujc@email.com,Brazil,2022-05-26,Standard,10131.72
5658,Betty Edwards,p098t09y@mail.com,Italy,2023-06-07,Premium,17167.43
5659,Jessica Garcia,575zvn3b@company.com,USA,2023-11-20,Basic,6568.05
5660,Christopher Lopez,zd46vkj3@outlook.com,Sweden,2024-12-08,Premium,37452.05
5661,Michael Hernandez,iiva9bge@test.com,India,2021-02-14,Standard,40147.11
5662,Daniel Roberts,sro5z4lh@example.com,Germany,2021-01-03,Standard,35303.55
5663,Thomas Brown,ykor6ew0@example.com,France,2020-09-14,Standard,18469.55
5664,Jennifer Williams,kshk4rqs@outlook.com,Australia,2021-10-06,Basic,23132.09
5665,Emily Edwards,2i1br4ye@company.com,Germany,2021-05-21,Premium,37199.09
5666,Donna Williams,uz1q461c@example.com,China,2022-03-29,Premium,46863.96
5667,Linda Anderson,sai4iv62@email.com,South Korea,2023-05-30,Premium,36193.41
5668,Donna Anderson,0a50ltte@yahoo.com,Switzerland,2024-10-23,Standard,108.39
5669,Paul Brown,iojbmzct@yahoo.com,USA,2020-11-21,Premium,31531.52
5670,Matthew Johnson,9licyalp@test.com,Brazil,2024-09-07,Basic,16475.68
5671,Sarah Harris,oxm5l224@gmail.com,Norway,2024-01-01,Standard,44430.17
5672,Lisa Martinez,3sitciv9@gmail.com,Australia,2023-09-13,Premium,46201.92
5673,William Collins,7bws35g9@test.com,South Korea,2020-06-28,Basic,37052.19
5674,Andrew Harris,3aj36jj0@company.com,France,2024-12-29,Standard,10981.75
5675,Daniel Martin,ajd4822t@example.com,Australia,2024-12-11,Basic,9973.02
5676,Donna Lopez,v9wiq6rl@test.com,Netherlands,2021-02-06,Premium,21928.99
5677,Donna Lopez,nzcvbcil@mail.com,Norway,2022-08-28,Basic,23496.84
5678,Richard Gonzalez,gxrfu7s7@yahoo.com,Norway,2020-10-08,Standard,16224.25
5679,Betty Davis,z5pkf8v8@email.com,Brazil,2020-11-15,Basic,394.33
5680,Robert Thomas,04csmlzz@outlook.com,Netherlands,2023-04-18,Basic,10379.89
5681,Margaret Brown,8mdllj0o@gmail.com,Switzerland,2021-04-14,Basic,30412.34
5682,William White,d742daub@yahoo.com,Italy,2024-10-02,Basic,25655.6
5683,Robert Lopez,xagrxjkb@gmail.com,Germany,2020-07-01,Standard,41728.85
5684,Mark Garcia,ckkex8rx@example.com,Mexico,2020-08-16,Standard,9104.86
5685,Donna Davis,13lutzew@test.com,USA,2024-04-30,Standard,26480.88
5686,Matthew Martin,hutr72nv@email.com,Switzerland,2024-02-27,Premium,36042.77
5687,Emily Collins,qrm840dk@test.com,Australia,2020-12-08,Basic,22187.56
5688,Charles Jackson,4w0dzrc2@outlook.com,Netherlands,2022-05-30,Basic,12358.65
5689,James Jackson,3e2wmiam@example.com,Mexico,2023-04-21,Premium,10127.66
5690,Jessica Martin,r34k43n7@company.com,France,2020-05-05,Basic,26786.09
5691,John Gonzalez,2m3presc@company.com,Germany,2020-05-26,Premium,8031.0
5692,James Jackson,09wok4hz@example.com,India,2021-02-10,Basic,16187.77
5693,David Martinez,astuxy80@example.com,India,2024-05-06,Premium,40486.97
5694,Charles Gonzalez,gj9bcr2c@mail.com,Spain,2023-01-21,Basic,12040.01
5695,Sandra Roberts,67u1v4av@outlook.com,France,2024-10-08,Premium,28114.97
5696,Margaret Jackson,n2fwczwj@mail.com,Germany,2022-01-01,Premium,36899.11
5697,Donald Smith,m06d5lho@example.com,Switzerland,2024-03-26,Standard,15879.61
5698,Nancy Garcia,j41fm7zt@email.com,Japan,2024-07-14,Premium,9704.89
5699,Linda Rodriguez,32vhyzc8@test.com,Switzerland,2020-05-06,Basic,39851.74
5700,Betty Roberts,xaidbsld@company.com,Brazil,2023-11-15,Standard,47223.24
5701,Joseph Johnson,0tcpzdte@company.com,Canada,2022-09-23,Standard,20330.24
5702,Sarah Harris,7buat7kg@yahoo.com,Australia,2020-01-04,Basic,21320.18
5703,Joseph Johnson,9gtin072@outlook.com,China,2020-04-25,Standard,47155.09
5704,Jessica Martin,sikppdkw@mail.com,Italy,2022-12-11,Standard,20252.81
5705,Emily Martin,qokizlrn@gmail.com,Norway,2020-02-17,Premium,22723.88
5706,Thomas White,qgklwwz0@outlook.com,India,2020-02-04,Standard,39137.62
5707,Daniel Miller,pz1ia2ga@test.com,France,2024-09-03,Premium,33538.66
5708,David Reeves,qdonrqks@email.com,China,2023-02-02,Basic,42421.89
5709,Steven Taylor,yxsxz1hc@outlook.com,Japan,2022-02-08,Standard,49568.96
5710,Kimberly Edwards,pxxev86o@gmail.com,Germany,2022-01-20,Basic,33108.17
5711,Andrew Williams,pkartcvb@example.com,USA,2023-10-30,Premium,46804.9
5712,Steven Harris,567fcp48@test.com,Mexico,2021-09-21,Standard,43612.77
5713,Steven Lee,481eovdi@outlook.com,UK,2021-07-27,Standard,36698.46
5714,Richard Lopez,gs5zp4g5@outlook.com,Mexico,2022-09-13,Premium,33512.51
5715,Patricia Anderson,8qtj3xvc@email.com,Japan,2020-09-18,Basic,43286.45
5716,Mark Jackson,qn7f11nq@gmail.com,UK,2022-04-28,Basic,46377.93
5717,John Harris,ddj64ed1@test.com,Mexico,2020-07-29,Basic,44741.02
5718,Matthew Brown,ooga351w@mail.com,China,2021-06-09,Standard,37255.85
5719,Matthew Wilson,sel7fyr7@mail.com,India,2020-06-08,Standard,26699.59
5720,Ashley Thomas,bcutmkws@gmail.com,Italy,2022-01-26,Standard,21946.21
5721,Sandra Jones,co5lrlfg@example.com,Norway,2022-03-12,Premium,48862.42
5722,Emily Jones,81e6b390@gmail.com,Australia,2022-11-10,Premium,27719.18
5723,Sandra Martin,ejwqdiru@test.com,France,2021-05-27,Basic,2389.17
5724,Robert Perez,e9famyjd@example.com,Norway,2020-04-07,Basic,44470.22
5725,Michael Lee,uiruq947@yahoo.com,Netherlands,2021-06-05,Premium,47001.99
5726,Donald Collins,5jtebae1@yahoo.com,Italy,2023-09-30,Premium,13520.05
5727,Robert Anderson,sjgy8i7l@example.com,Japan,2022-11-16,Standard,16085.84
5728,Sarah Hernandez,x66tqyup@outlook.com,Italy,2022-12-04,Standard,21387.45
5729,Nancy Garcia,uq5w8kd5@test.com,Brazil,2021-02-28,Basic,47693.06
5730,Sandra Edwards,rno841f6@example.com,India,2023-02-02,Basic,3249.16
5731,Mark Perez,yck5o4wa@test.com,Switzerland,2020-03-15,Premium,38903.08
5732,Charles Thomas,6jmlbcjt@outlook.com,Spain,2024-06-28,Standard,32879.51
5733,Thomas Jones,t8xpkdcp@example.com,Australia,2022-09-20,Standard,44071.56
5734,Margaret Jackson,p60qw1es@example.com,Canada,2022-12-30,Premium,16162.63
5735,Thomas Lee,w4ajc3xy@gmail.com,Japan,2020-04-12,Standard,42934.63
5736,Barbara Garcia,5j4x4p7z@gmail.com,Australia,2021-06-01,Premium,47600.46
5737,Charles Gonzalez,fs4zosah@example.com,Switzerland,2022-01-22,Basic,34462.37
5738,Paul Johnson,qnpmidyw@outlook.com,Switzerland,2022-11-11,Standard,47666.3
5739,Barbara Jackson,pjyxvsyw@email.com,UK,2024-11-26,Basic,5783.99
5740,Jessica Jackson,mjkl5yo9@outlook.com,India,2022-01-06,Basic,27709.01
5741,Paul Edwards,79rzor6f@test.com,Italy,2022-06-03,Premium,18261.5
5742,Michael Smith,ymhui99l@mail.com,Sweden,2020-05-05,Premium,1405.09
5743,Sandra Miller,db1u0ohc@email.com,Australia,2024-06-21,Standard,31014.74
5744,Mark Miller,2ld6sadv@test.com,Spain,2020-01-15,Premium,30160.53
5745,Nancy White,je3witf9@test.com,Mexico,2021-12-14,Basic,49817.61
5746,Linda Hernandez,d5fsmuum@test.com,Mexico,2020-07-01,Basic,48579.28
5747,Donald Lee,83behpo6@yahoo.com,Norway,2021-04-24,Basic,15378.66
5748,Kimberly Thompson,l08du86k@company.com,USA,2022-12-06,Premium,24942.16
5749,John Jones,ve3khrab@gmail.com,Australia,2020-12-22,Basic,30014.12
5750,Jennifer Edwards,0vja666o@example.com,UK,2021-07-28,Standard,40646.33
5751,Kimberly Miller,azdkn5z1@mail.com,Norway,2023-11-22,Standard,10666.55
5752,Robert Taylor,w53ji20k@outlook.com,Spain,2024-01-27,Standard,6500.63
5753,William Martin,a7cnmike@outlook.com,South Korea,2021-04-06,Premium,32263.11
5754,Donald Garcia,iw1phlu3@email.com,Spain,2022-01-28,Basic,35473.96
5755,Jessica Hernandez,2zxgzjsb@email.com,Australia,2022-04-25,Premium,46366.58
5756,Donald Hernandez,5m07uwwj@mail.com,Mexico,2022-07-16,Standard,14920.21
5757,Nancy Thompson,vgij6trc@gmail.com,India,2023-06-29,Standard,41851.49
5758,Barbara Collins,771vbtx8@yahoo.com,Netherlands,2020-11-15,Basic,17320.03
5759,Patricia Brown,3af7yyk7@outlook.com,Sweden,2022-11-28,Basic,31528.07
5760,Donald Taylor,mtbd3sjw@yahoo.com,Sweden,2022-05-30,Basic,20937.28
5761,Lisa Roberts,ak9whbr8@test.com,Sweden,2020-04-07,Premium,27300.8
5762,Richard Harris,qituw190@mail.com,Italy,2022-09-08,Standard,15534.5
5763,John Martin,hk9z3bn5@example.com,Switzerland,2023-02-01,Standard,30067.19
5764,Paul Wilson,b85kmtps@gmail.com,Brazil,2021-12-19,Premium,24634.7
5765,Paul Moore,ju9n1a08@yahoo.com,Norway,2020-06-12,Standard,30682.59
5766,Emily Collins,xlb1pm55@gmail.com,India,2023-06-09,Standard,11181.83
5767,Mark Martin,p8dttinm@company.com,UK,2020-02-10,Premium,10161.19
5768,Donald Jackson,vof72hgt@yahoo.com,Australia,2022-01-10,Premium,13031.51
5769,David Lee,jfj7fws1@gmail.com,South Korea,2021-08-23,Standard,10377.28
5770,Andrew Martinez,9fk0vwxj@test.com,Spain,2021-11-13,Standard,5478.35
5771,Andrew Edwards,6gsh3h22@mail.com,UK,2020-11-19,Premium,48875.75
5772,Lisa Rodriguez,36w7tvbq@email.com,Switzerland,2021-06-23,Premium,42243.07
5773,James White,n9h4nw49@gmail.com,Norway,2020-11-09,Premium,9207.21
5774,Michael Jones,emsg68y5@email.com,Mexico,2023-07-25,Premium,14918.57
5775,Donald Miller,m2825rs7@company.com,Brazil,2024-07-24,Basic,49157.44
5776,Christopher Thomas,im6txrrc@example.com,China,2024-12-17,Standard,25027.29
5777,Donna Anderson,ic1u585n@gmail.com,China,2024-08-27,Standard,10085.93
5778,Patricia Roberts,r685rdc9@example.com,South Korea,2023-03-09,Premium,42170.06
5779,Jennifer Jackson,xs16xqv0@example.com,Canada,2022-06-24,Basic,18604.44
5780,Charles Anderson,m02xk2e4@test.com,China,2021-10-26,Premium,4970.39
5781,William White,9v14ctr1@yahoo.com,Netherlands,2021-10-16,Premium,20134.15
5782,Charles Perez,5t5tkjhq@email.com,Germany,2024-10-31,Premium,37193.78
5783,Mary Taylor,uz9rj8m0@company.com,Germany,2020-03-31,Basic,36240.26
5784,Nancy Martin,35yi2zx0@yahoo.com,USA,2021-07-29,Standard,22299.99
5785,Paul Wilson,zis0wggw@outlook.com,Japan,2020-06-26,Standard,4517.32
5786,Christopher White,bqvydwpc@mail.com,Japan,2020-08-29,Basic,29530.08
5787,Lisa Smith,sezjr2hv@email.com,India,2020-07-27,Standard,28799.87
5788,Donna Lee,m5zffqkq@company.com,Australia,2021-11-04,Standard,4624.18
5789,Ashley Davis,54pq7c21@test.com,Germany,2023-03-13,Basic,11675.58
5790,Margaret Smith,3t6z2wa5@outlook.com,South Korea,2021-03-01,Standard,15703.23
5791,Thomas Garcia,24s667a0@outlook.com,Mexico,2020-10-15,Basic,47078.77
5792,Charles Perez,o22l01xn@company.com,India,2023-03-10,Standard,25356.29
5793,Mary Thomas,jhvekmze@test.com,Japan,2021-03-07,Basic,12929.5
5794,Margaret Reeves,fpc6xe0w@gmail.com,Norway,2021-02-01,Basic,29598.03
5795,Michael Wilson,pf27z143@yahoo.com,Australia,2022-01-30,Standard,45361.59
5796,Joseph Taylor,7ytapane@mail.com,South Korea,2021-01-15,Standard,30043.76
5797,Barbara Miller,iu0if409@test.com,Switzerland,2024-02-07,Premium,40709.04
5798,Andrew Moore,9aa5kxsk@mail.com,UK,2022-01-24,Basic,30483.8
5799,Donna Collins,d4gcknhy@gmail.com,Spain,2020-11-08,Standard,10766.12
5800,William Martinez,k4ym68v1@outlook.com,Netherlands,2022-09-13,Basic,39165.33
5801,Thomas Thompson,k44opc43@example.com,Sweden,2020-12-22,Basic,26553.12
5802,Thomas Garcia,ottoymxd@test.com,Netherlands,2022-04-24,Standard,14473.71
5803,John Garcia,31bgonuj@email.com,Switzerland,2023-01-18,Basic,18556.9
5804,Matthew Johnson,b79w5ont@test.com,South Korea,2020-09-04,Basic,18858.29
5805,Donna Brown,uu5xucu7@yahoo.com,USA,2022-11-02,Standard,43112.1
5806,Kimberly Lee,ot58o4sn@gmail.com,Germany,2020-12-17,Standard,11490.94
5807,Steven Edwards,d9xzxocr@email.com,Germany,2024-08-11,Standard,345.5
5808,Emily Davis,mr3je4a5@test.com,Canada,2020-05-21,Standard,18341.42
5809,Donald Edwards,5uaou3rl@mail.com,India,2021-01-01,Standard,34798.99
5810,Sandra Gonzalez,jc57q2vc@gmail.com,Netherlands,2024-08-16,Basic,28084.02
5811,Karen Lopez,wq797tcs@gmail.com,Japan,2023-12-19,Premium,39307.72
5812,Lisa Gonzalez,2y4u3zhx@yahoo.com,Switzerland,2024-09-10,Basic,26211.83
5813,Jennifer Hernandez,d7o41r9u@example.com,Mexico,2023-09-14,Premium,20518.32
5814,Karen Miller,zuogdvrj@example.com,Italy,2020-10-26,Standard,34648.9
5815,Mark Harris,w2kzdjks@email.com,Sweden,2023-04-28,Basic,20138.28
5816,Matthew Lopez,ftgqp2ec@gmail.com,USA,2023-10-05,Premium,4787.72
5817,Andrew Perez,tujz3quf@gmail.com,Sweden,2020-08-11,Basic,20503.95
5818,Margaret Johnson,guo6pyp7@company.com,USA,2024-01-17,Basic,33299.4
5819,Kimberly Lopez,4q3p9uds@email.com,Germany,2020-04-06,Standard,10703.07
5820,Mark Taylor,sdxldcaz@outlook.com,Australia,2024-03-21,Standard,7187.41
5821,Betty Anderson,m6pbtguj@gmail.com,Japan,2022-12-22,Standard,10667.26
5822,James Hernandez,459qz3q0@company.com,Australia,2021-02-13,Standard,9865.89
5823,Betty Garcia,atg5sxe5@outlook.com,India,2020-06-28,Standard,47431.27
5824,Richard Moore,co040q72@company.com,Mexico,2024-08-06,Premium,41802.73
5825,Patricia Williams,eij77cri@yahoo.com,USA,2022-11-08,Premium,34746.88
5826,Mary Martin,t5mhr8zl@yahoo.com,Australia,2022-01-04,Premium,27044.88
5827,Nancy Hernandez,kcj4w5pv@gmail.com,Spain,2020-10-29,Basic,11067.57
5828,Emily Martinez,uu5adnx0@email.com,Spain,2023-10-18,Standard,13460.75
5829,Paul Jackson,h75uui1v@mail.com,Germany,2021-04-24,Standard,21108.88
5830,Donald Harris,jh4q498q@example.com,Switzerland,2023-11-27,Premium,9829.34
5831,Emily Thomas,fo0qsg7y@yahoo.com,Japan,2021-09-23,Basic,46340.97
5832,Nancy Anderson,8v74lqnk@company.com,USA,2023-07-03,Premium,17645.04
5833,Barbara Thompson,xti0bu2a@mail.com,Italy,2022-01-22,Premium,12537.83
5834,Nancy Reeves,tk7yfk8r@test.com,Germany,2022-06-05,Basic,17970.8
5835,Daniel Edwards,n0amek6k@company.com,Italy,2023-08-29,Standard,7588.86
5836,Donald Rodriguez,1fbwu86i@example.com,UK,2023-08-26,Basic,18778.89
5837,Sarah Perez,r44pg2u2@example.com,Norway,2024-05-10,Basic,32315.63
5838,Lisa Edwards,gkmz1m4r@gmail.com,Germany,2024-04-25,Standard,14152.37
5839,Michael Jones,6kgb0js7@test.com,Germany,2020-08-03,Standard,40021.81
5840,Emily Edwards,plcmznu1@email.com,Canada,2022-08-31,Standard,26746.95
5841,Susan Jackson,sqnkft4g@test.com,Germany,2024-08-28,Basic,31636.55
5842,Mary Harris,tqrnmesi@company.com,Germany,2021-12-04,Basic,19365.74
5843,Thomas Anderson,k6dd68il@yahoo.com,UK,2022-03-31,Standard,10158.03
5844,Charles Reeves,xvp84xbd@company.com,China,2020-09-21,Premium,26612.18
5845,Thomas Lee,jyljhker@gmail.com,Australia,2023-07-27,Premium,37193.42
5846,Mary Martin,2fmnw0xm@example.com,Canada,2021-06-13,Standard,33813.26
5847,William Harris,jkuhduvv@company.com,Mexico,2020-12-09,Standard,29372.0
5848,Betty Gonzalez,2t2vcdfc@test.com,Japan,2024-11-21,Premium,21468.57
5849,Karen Jones,51dyhjpa@gmail.com,USA,2020-09-07,Premium,42442.43
5850,Kimberly Jones,srti33ij@outlook.com,UK,2024-04-25,Basic,2246.64
5851,Barbara Martin,srwr9son@test.com,UK,2021-07-16,Basic,43686.04
5852,Emily Williams,n7ibdzy1@mail.com,Brazil,2022-11-19,Premium,43669.49
5853,Michael Collins,3p5f3ve1@company.com,Canada,2021-05-30,Basic,48683.05
5854,Sarah Martin,o2az83wh@yahoo.com,Norway,2022-05-13,Premium,44481.38
5855,Patricia Jackson,xo7p6x4n@outlook.com,Japan,2021-11-01,Standard,16898.26
5856,Emily Collins,2dbbf9nl@mail.com,UK,2021-05-15,Standard,48848.85
5857,Kimberly Perez,fljm3ka9@example.com,China,2021-12-15,Basic,41901.63
5858,Barbara Thomas,j2x0gd2r@mail.com,Brazil,2021-11-05,Standard,42158.34
5859,James Hernandez,stwqhvfo@gmail.com,Sweden,2020-09-15,Premium,25525.49
5860,Betty Lee,21xo488m@email.com,Italy,2020-07-09,Basic,48627.88
5861,Kimberly Lee,etr8s7g6@yahoo.com,South Korea,2024-01-15,Premium,39504.11
5862,Betty Taylor,nc5a9skq@yahoo.com,France,2021-01-11,Standard,5826.67
5863,Steven Hernandez,hbv9myjc@outlook.com,Sweden,2023-04-23,Premium,37420.81
5864,Charles Jones,0d1bqyxg@example.com,Australia,2020-11-21,Standard,28033.15
5865,Robert Harris,k0u34h4g@gmail.com,Norway,2024-08-09,Basic,614.61
5866,Susan Moore,pghuoy7o@mail.com,China,2023-10-15,Basic,21266.32
5867,David Johnson,e9n611mb@gmail.com,Japan,2023-02-01,Basic,29974.63
5868,Jennifer Wilson,umyl7m56@yahoo.com,South Korea,2024-11-01,Basic,9888.16
5869,Joseph Jones,ui0bxxow@test.com,Switzerland,2022-06-24,Basic,2651.79
5870,Susan Lopez,z6evgba5@mail.com,South Korea,2023-06-08,Standard,34918.26
5871,Kimberly Martinez,37l9thn4@mail.com,China,2021-05-03,Standard,16900.06
5872,Susan Smith,fzdkubkh@example.com,Germany,2022-11-17,Premium,9251.03
5873,Ashley White,hivep14q@company.com,Brazil,2022-12-03,Standard,42806.49
5874,Donna Gonzalez,x4urjh2o@test.com,Norway,2023-04-28,Standard,47546.23
5875,Patricia Hernandez,gpa0kgit@gmail.com,USA,2022-08-14,Standard,2521.05
5876,Sarah Martin,inu4w6x2@gmail.com,Japan,2022-04-11,Premium,44745.69
5877,Michael Hernandez,v81ns0he@yahoo.com,South Korea,2024-02-29,Premium,47044.36
5878,Karen Williams,nn2xi08r@email.com,Italy,2024-07-08,Premium,47966.57
5879,Mark Perez,vz7s8dos@test.com,China,2022-01-06,Premium,17347.59
5880,Emily Martin,q8hmt1qe@email.com,Netherlands,2023-04-04,Standard,42546.3
5881,Jessica Hernandez,77u8xhfm@mail.com,Switzerland,2023-09-22,Standard,38050.3
5882,Andrew Thomas,3v6lgbk2@gmail.com,Germany,2024-01-06,Premium,35769.56
5883,Kimberly Thompson,b68jfjxe@test.com,Norway,2022-09-17,Basic,16324.88
5884,Barbara Collins,590yup1e@yahoo.com,South Korea,2023-04-14,Standard,27890.1
5885,James Williams,nxulacd9@company.com,France,2022-01-07,Basic,9315.0
5886,Karen Smith,lcwsevwn@mail.com,France,2020-08-08,Standard,45644.1
5887,Barbara Roberts,brmwv684@email.com,South Korea,2021-09-28,Basic,1981.6
5888,Mark Brown,b8zf234n@test.com,France,2023-12-31,Basic,7923.27
5889,Daniel Lee,wdeqmbko@gmail.com,China,2024-04-07,Basic,27315.38
5890,Lisa Smith,vkznugq7@test.com,Netherlands,2022-10-01,Premium,45971.5
5891,Lisa Martin,76bynwrx@company.com,China,2021-06-06,Standard,43821.22
5892,Jennifer White,5x1bcozr@example.com,Mexico,2020-08-06,Standard,27793.95
5893,Charles Miller,5bickt5g@outlook.com,Switzerland,2021-07-11,Basic,45241.62
5894,Jessica Hernandez,fzkv5aa7@gmail.com,Netherlands,2021-09-17,Standard,26552.67
5895,Patricia Jones,w6pqzsgt@outlook.com,India,2020-02-29,Basic,30582.05
5896,Nancy Brown,jycm8754@yahoo.com,Japan,2021-01-19,Premium,38975.89
5897,Karen Lee,bgst6xy9@company.com,Netherlands,2021-10-18,Basic,17162.83
5898,Paul Gonzalez,m7da11jj@email.com,USA,2020-02-12,Standard,49602.78
5899,Susan Lopez,u795qkto@test.com,Mexico,2020-11-27,Premium,466.22
5900,Emily Roberts,hqi568hj@outlook.com,Netherlands,2020-04-16,Basic,31520.74
5901,Christopher Lopez,rhqd8lzf@email.com,India,2022-07-10,Basic,11021.69
5902,Mark Davis,9y8cq1f6@gmail.com,Brazil,2020-03-22,Standard,36171.87
5903,John Lopez,pjo0n2dc@company.com,Canada,2020-08-09,Premium,40772.97
5904,Susan Gonzalez,mq9iuqni@test.com,Brazil,2021-01-04,Premium,12277.93
5905,Betty Perez,1xwxbnzb@example.com,Spain,2023-07-31,Standard,15271.53
5906,Sandra Lopez,y81hr62w@mail.com,South Korea,2023-10-30,Basic,17617.44
5907,Michael Rodriguez,x7rb0mdd@example.com,Sweden,2021-06-08,Premium,47848.35
5908,Donald Gonzalez,c3gy51wt@mail.com,Switzerland,2022-08-12,Basic,33645.61
5909,Mary Garcia,wqm1wt4a@gmail.com,Mexico,2020-08-20,Premium,26872.34
5910,Lisa Edwards,bgmuvzbf@gmail.com,Netherlands,2023-03-25,Premium,34256.45
5911,Paul Reeves,r6vtb9ko@company.com,Switzerland,2023-07-17,Basic,42319.34
5912,Mark Garcia,0tcu1pin@yahoo.com,South Korea,2020-04-15,Premium,7785.93
5913,Mark Thompson,jf2r6xzp@yahoo.com,Canada,2024-04-05,Standard,34786.41
5914,Jennifer Harris,x1gzdczt@gmail.com,Sweden,2021-05-24,Premium,31127.25
5915,Joseph Miller,7pg5fabz@test.com,Japan,2024-07-16,Premium,18178.89
5916,William Martinez,y8ihi5o6@test.com,South Korea,2020-11-28,Basic,48438.81
5917,Emily Smith,y1vu2ae3@company.com,USA,2023-02-23,Basic,14825.35
5918,Mark Thompson,zafmrv77@test.com,Switzerland,2023-01-21,Premium,49753.11
5919,Linda Wilson,kb8k4gsu@email.com,India,2021-01-28,Basic,19790.99
5920,Steven Reeves,95hqzqq2@test.com,Spain,2020-08-06,Basic,43295.89
5921,William Edwards,1ciu1qf5@company.com,Australia,2024-02-15,Premium,8037.66
5922,Richard Brown,lk6xiox1@outlook.com,Australia,2022-04-22,Basic,5221.3
5923,Steven Gonzalez,5o8a29lz@company.com,Japan,2023-04-21,Standard,22970.41
5924,Charles Moore,x2q64r0u@company.com,Sweden,2022-01-12,Basic,21359.1
5925,Donna Davis,20vsvbcl@email.com,China,2020-04-30,Premium,10840.69
5926,Matthew Lee,nf81ybm6@mail.com,India,2020-07-04,Standard,37697.18
5927,Betty Anderson,exfd90l4@gmail.com,India,2020-10-12,Standard,22442.46
5928,Donald Jackson,qt2crq51@yahoo.com,China,2023-01-28,Premium,7879.87
5929,Kimberly Reeves,9v5pl4y4@email.com,India,2020-05-09,Standard,22679.54
5930,David Perez,ajy401mn@email.com,Spain,2023-04-29,Standard,12488.14
5931,Daniel Martin,pbxnmyns@yahoo.com,Canada,2020-08-11,Basic,5486.64
5932,Patricia Perez,8teddrjx@email.com,Canada,2022-03-22,Standard,17918.41
5933,Charles Anderson,ynrxgq3m@test.com,UK,2021-05-11,Premium,32596.36
5934,Susan Perez,sm9x5anq@yahoo.com,Sweden,2020-10-19,Basic,28180.49
5935,Jessica Johnson,lktuqg0b@email.com,India,2023-10-19,Standard,27354.4
5936,Kimberly Perez,bdljeu9f@mail.com,South Korea,2022-05-08,Basic,26900.11
5937,Susan Thompson,rb5r0wiq@gmail.com,Switzerland,2021-03-06,Standard,28018.29
5938,Donald Thomas,ll7uacyr@example.com,Netherlands,2021-12-08,Standard,39818.61
5939,Barbara Thomas,5zngco4c@example.com,China,2024-09-19,Standard,27015.72
5940,Margaret Wilson,05ddqqoi@outlook.com,Japan,2022-11-11,Premium,45251.22
5941,Paul Perez,74h5bzf0@mail.com,Switzerland,2021-11-19,Premium,9150.24
5942,Susan Hernandez,lte58zub@yahoo.com,UK,2022-09-27,Basic,19212.65
5943,Betty Jones,4mc5mwc7@company.com,Norway,2022-05-31,Standard,28059.62
5944,Patricia Harris,cmoehqyl@outlook.com,USA,2024-01-12,Standard,40622.74
5945,Margaret Miller,lld56e4v@outlook.com,Canada,2022-07-29,Standard,2021.62
5946,Kimberly Thomas,689qghxp@test.com,Spain,2024-09-14,Premium,29439.52
5947,John Smith,ef93t3m8@email.com,Italy,2021-04-08,Basic,30717.49
5948,Kimberly Martin,gp4rr3g6@gmail.com,Norway,2022-09-20,Premium,10336.64
5949,Joseph Moore,wzvycuys@mail.com,Brazil,2023-02-21,Basic,31108.03
5950,Linda Lee,hloomfsq@mail.com,Italy,2024-01-11,Premium,30636.35
5951,Margaret Moore,ucbf8oxv@outlook.com,Netherlands,2023-11-17,Standard,37484.72
5952,Mark Thompson,dp6to2w9@test.com,Netherlands,2021-11-21,Standard,46884.16
5953,Lisa Lopez,mb2w17jh@outlook.com,Norway,2023-05-09,Basic,16324.25
5954,Christopher Martinez,5r3tvag8@email.com,Sweden,2023-03-07,Basic,47183.3
5955,Barbara White,dzl5l3v7@outlook.com,Brazil,2022-06-16,Basic,27102.06
5956,John Roberts,z33vxe66@gmail.com,Sweden,2020-01-12,Premium,45399.15
5957,Robert Davis,y9a6jdp0@gmail.com,Mexico,2020-04-18,Premium,3777.38
5958,Emily Johnson,qwv2ykxk@test.com,Japan,2022-02-21,Premium,48985.3
5959,Margaret Perez,wkritido@example.com,Japan,2021-11-17,Basic,18273.03
5960,Nancy Perez,qobrblp7@test.com,USA,2020-08-11,Premium,24588.54
5961,Sandra Brown,cmsqclb5@example.com,UK,2022-01-28,Premium,10618.12
5962,Betty Garcia,yl1ftygr@company.com,Italy,2023-05-02,Premium,39688.58
5963,Patricia Smith,01dds123@test.com,France,2024-10-20,Premium,13087.55
5964,Charles Gonzalez,0r7wun1t@gmail.com,Norway,2024-09-06,Premium,49651.29
5965,Margaret Roberts,7d2jigco@gmail.com,Japan,2023-03-29,Basic,47948.0
5966,Donna Lee,8r3xe7v7@test.com,Netherlands,2020-01-18,Standard,14983.39
5967,Karen Davis,8yjr06f3@test.com,Spain,2023-02-12,Basic,5852.52
5968,Betty Lopez,aozxywak@email.com,China,2024-04-14,Premium,26196.34
5969,Lisa Jackson,3fm7yg19@gmail.com,USA,2021-08-16,Premium,33198.43
5970,Matthew Moore,93iwug6r@gmail.com,Switzerland,2022-10-09,Premium,7869.41
5971,Charles Jones,7kohgqtz@company.com,India,2024-06-19,Basic,11033.58
5972,Daniel Smith,pxtnzfm8@company.com,France,2024-05-01,Standard,28298.21
5973,Paul Thomas,p91bzujw@yahoo.com,South Korea,2021-08-25,Standard,33295.33
5974,Sarah Edwards,za1xc5n0@mail.com,UK,2022-06-22,Standard,47218.81
5975,Steven Edwards,snxin6y8@test.com,Australia,2022-02-22,Premium,19746.51
5976,Patricia Collins,vdwp1i1f@example.com,Netherlands,2022-12-09,Standard,10704.7
5977,Mark Johnson,ew25e110@test.com,Sweden,2020-04-13,Premium,12508.54
5978,David Davis,dl7tj2c8@test.com,Canada,2021-10-21,Basic,39569.64
5979,Jessica Collins,7rdk5bbw@test.com,Germany,2021-07-01,Standard,3245.67
5980,Jennifer Lee,ciuza523@yahoo.com,Canada,2022-01-26,Premium,39314.65
5981,John Thompson,t20pvyep@email.com,Japan,2021-04-30,Basic,7476.62
5982,Jessica Jones,kj6ffz5u@mail.com,UK,2022-02-06,Premium,27363.66
5983,William Johnson,2gbrgzao@mail.com,Japan,2024-02-21,Premium,6248.57
5984,William Davis,x1w7pk1w@yahoo.com,Japan,2020-12-19,Premium,25446.13
5985,David Garcia,b2iaa5i7@gmail.com,Japan,2022-06-19,Basic,7059.3
5986,Steven Thomas,h0q8hwpl@email.com,Switzerland,2024-02-27,Basic,33608.12
5987,Donna Taylor,i40dvq7q@email.com,Australia,2020-01-29,Standard,8370.89
5988,Jessica Thompson,qfl3je2h@email.com,Australia,2020-03-08,Basic,39060.35
5989,Robert Perez,lvjwud6k@email.com,Norway,2022-07-30,Premium,47696.25
5990,Andrew Roberts,8zknsy60@example.com,China,2023-06-22,Basic,9963.18
5991,Jennifer Martin,nqlbh197@example.com,Sweden,2024-05-05,Basic,25748.25
5992,Betty Gonzalez,gwr0o9ty@gmail.com,UK,2023-04-14,Standard,45591.2
5993,Susan Miller,de8dx66i@company.com,USA,2021-07-14,Standard,13613.72
5994,Christopher Smith,4514408l@email.com,Australia,2024-06-28,Standard,43032.56
5995,Matthew Wilson,dhgmbu27@example.com,Spain,2023-04-01,Standard,29609.36
5996,Betty Thomas,rvryzng3@email.com,Brazil,2020-08-19,Standard,34656.82
5997,Richard Martinez,03dcuvaj@yahoo.com,Italy,2022-04-25,Standard,43536.06
5998,Robert Wilson,npagbdqn@example.com,Japan,2022-07-03,Standard,11148.81
5999,Patricia Jones,cbbi0tvi@gmail.com,Australia,2020-08-23,Premium,41954.94
6000,Daniel Lopez,mu6h20fe@email.com,India,2020-03-28,Basic,44639.39
6001,Mary Jones,r3z3yp7k@gmail.com,Japan,2021-10-29,Standard,40382.22
6002,Donna Rodriguez,rjhcakzz@yahoo.com,India,2022-11-07,Premium,37159.28
6003,Nancy Davis,3l80z1nr@company.com,Japan,2024-05-07,Premium,1565.15
6004,Mark Taylor,wdq6lpwl@outlook.com,USA,2022-02-03,Standard,1970.13
6005,Paul Miller,1m0p7t5m@yahoo.com,Italy,2024-04-30,Basic,43633.2
6006,Michael Martinez,ybru854k@example.com,Brazil,2024-08-25,Basic,22097.58
6007,Donna Edwards,5p5aknjj@mail.com,Spain,2020-06-16,Premium,45691.5
6008,Paul Perez,pshgy9xj@outlook.com,Spain,2024-08-08,Standard,33135.95
6009,Robert Hernandez,wr92n94f@example.com,South Korea,2020-08-13,Premium,26084.27
6010,Nancy Garcia,a2er8yz7@email.com,Germany,2022-09-17,Basic,16828.56
6011,Barbara Jackson,me4kvfqz@outlook.com,Canada,2022-11-29,Premium,21208.2
6012,Mary Thomas,m460qxcd@gmail.com,Mexico,2023-12-27,Premium,14468.85
6013,James Thompson,gbptqe2p@mail.com,Sweden,2021-07-21,Basic,28122.69
6014,Matthew Harris,m9wscb5v@yahoo.com,Italy,2022-11-15,Basic,20148.04
6015,Betty Lopez,gdi8spo3@gmail.com,Italy,2024-09-14,Basic,16456.02
6016,James Collins,kj6txdcx@outlook.com,Canada,2020-01-03,Premium,15644.02
6017,Richard Jones,wxw6hvzb@example.com,Spain,2020-08-19,Premium,18456.22
6018,Margaret Williams,85bejbjv@example.com,China,2023-11-08,Premium,5377.95
6019,Kimberly Roberts,4xlfet3k@mail.com,Germany,2022-07-30,Standard,49570.75
6020,Matthew Martin,y338m138@outlook.com,India,2024-10-30,Standard,34773.34
6021,Mark Lopez,uqg3g1tp@yahoo.com,Sweden,2022-07-25,Standard,8424.73
6022,Donna White,5geb6elm@outlook.com,China,2024-08-13,Basic,11398.69
6023,Sandra Edwards,qbit6kxp@gmail.com,Sweden,2022-04-15,Premium,44117.36
6024,Donald Perez,xlck2op4@outlook.com,India,2024-12-31,Premium,42505.05
6025,Lisa Gonzalez,xu8nihju@email.com,Germany,2020-08-20,Basic,25591.94
6026,Linda Hernandez,n6zg8kpx@mail.com,Italy,2022-12-05,Standard,23264.66
6027,Jessica Gonzalez,9ug0pc7h@test.com,Australia,2024-04-05,Premium,41908.88
6028,Paul Martin,p0aj77c6@test.com,Germany,2022-12-07,Basic,14339.9
6029,Linda Smith,9qzjwmjm@gmail.com,Germany,2024-10-25,Premium,46744.63
6030,Michael Taylor,pftlo5wx@gmail.com,Brazil,2024-05-06,Basic,11912.66
6031,James Lopez,yjl86fz4@example.com,USA,2022-08-30,Premium,35146.25
6032,Robert Moore,syx0g87l@example.com,Switzerland,2023-08-06,Standard,38034.41
6033,Sarah Taylor,vwbw5rzz@email.com,India,2021-08-21,Standard,22102.59
6034,Donald Martin,cxxu5wzu@yahoo.com,South Korea,2024-04-17,Basic,31961.79
6035,Matthew Taylor,rdo89law@mail.com,Sweden,2023-08-09,Standard,2079.01
6036,Karen Martinez,9ucu0zje@test.com,Netherlands,2021-08-23,Basic,17987.48
6037,Joseph Hernandez,jvyl4zls@yahoo.com,Spain,2021-10-27,Standard,5619.34
6038,Susan Edwards,x2javhxq@mail.com,Norway,2023-07-10,Standard,46844.03
6039,Patricia Gonzalez,ypjbqslf@test.com,Spain,2024-11-02,Standard,8260.22
6040,William Moore,kcq4l3ku@yahoo.com,Mexico,2022-05-08,Standard,5330.05
6041,Sarah Lee,j1kgcvkd@gmail.com,Netherlands,2020-04-04,Standard,5481.46
6042,Robert Brown,w1xhvnwy@yahoo.com,Norway,2021-04-11,Premium,11616.45
6043,Paul Wilson,gue4wv1f@company.com,Canada,2024-08-07,Premium,40931.26
6044,Paul Edwards,e4whch29@yahoo.com,UK,2020-05-01,Basic,2681.98
6045,Susan Brown,4vdi48m0@company.com,Germany,2023-08-04,Premium,1047.78
6046,Betty Moore,z95cte65@example.com,Canada,2024-03-11,Basic,17906.95
6047,Mark Smith,hjcwlcks@gmail.com,Switzerland,2024-12-17,Standard,18018.01
6048,Karen Martin,2lw1xyln@company.com,Japan,2021-10-09,Premium,20095.9
6049,Margaret Lopez,afzdy5dd@email.com,France,2023-02-25,Basic,14966.95
6050,Andrew Davis,n81hck19@gmail.com,Sweden,2020-07-19,Premium,48254.97
6051,Margaret Brown,ixhwoc06@gmail.com,France,2020-03-28,Standard,30690.37
6052,John Edwards,khvltat5@yahoo.com,Switzerland,2021-06-25,Standard,3629.92
6053,Jennifer Anderson,bqz69zt9@company.com,Australia,2022-04-10,Standard,7902.27
6054,Paul Williams,vvsgs1gw@test.com,South Korea,2024-04-08,Standard,3202.88
6055,Sandra Smith,fchmeqvc@company.com,Japan,2024-06-20,Standard,15931.84
6056,David Martinez,wtemhhln@example.com,France,2021-12-13,Basic,33808.63
6057,Betty Gonzalez,vdhf0xdk@test.com,India,2024-07-30,Basic,3639.95
6058,Andrew Hernandez,96e9ss7d@yahoo.com,South Korea,2021-02-03,Standard,24784.42
6059,Linda Edwards,o2neiwse@example.com,South Korea,2024-07-10,Premium,49507.42
6060,Steven White,o0drakcd@gmail.com,China,2023-10-07,Basic,25169.89
6061,James White,lr668so4@gmail.com,Switzerland,2023-06-21,Standard,6004.51
6062,Nancy Thompson,0jx3phjc@email.com,Australia,2021-05-23,Premium,44316.03
6063,Thomas Martin,h1gc8tjt@example.com,Brazil,2023-01-15,Standard,15478.24
6064,Karen Taylor,mee1r0w2@email.com,China,2024-04-08,Basic,42862.47
6065,Ashley Lee,ap108b1j@yahoo.com,Spain,2021-05-25,Standard,2602.28
6066,Karen Anderson,749f53cq@email.com,Mexico,2021-12-22,Standard,14482.84
6067,Thomas Lopez,ldijvw88@email.com,China,2024-03-15,Standard,44276.6
6068,Sandra Anderson,xlix5blg@yahoo.com,Canada,2024-05-26,Premium,37171.22
6069,Kimberly Perez,lyfwaouj@example.com,South Korea,2021-08-04,Premium,3162.8
6070,Karen Martin,wq3pxr6x@yahoo.com,India,2022-06-22,Standard,2369.77
6071,Kimberly Perez,xa0d8tak@yahoo.com,Norway,2024-07-27,Premium,47013.97
6072,James Martin,sfxz9hhm@company.com,Netherlands,2020-01-26,Premium,28154.62
6073,Donald Garcia,xn40pzur@company.com,South Korea,2022-11-15,Basic,18633.0
6074,Karen Perez,ukft1f1b@example.com,Spain,2023-07-06,Basic,19923.58
6075,Emily Johnson,x7fqgmqq@outlook.com,Sweden,2024-07-25,Basic,25219.45
6076,Barbara Hernandez,o453zktn@company.com,Canada,2022-01-13,Standard,10577.08
6077,Susan Taylor,nhich3i9@email.com,Canada,2022-08-28,Basic,10055.58
6078,Kimberly Anderson,c7oit17j@gmail.com,Canada,2024-03-26,Premium,47574.89
6079,Emily Lee,aht65bbr@company.com,Mexico,2022-05-14,Premium,7788.06
6080,Donald Lopez,fw1g4yr0@company.com,China,2022-01-27,Basic,8144.45
6081,Ashley Collins,ji2gjih8@example.com,USA,2021-04-05,Basic,31725.21
6082,William Jackson,k7r6y9w7@example.com,Sweden,2022-01-19,Standard,10659.83
6083,Sandra Gonzalez,m490vi0a@email.com,South Korea,2022-07-18,Basic,9107.16
6084,William Wilson,gy87qthq@mail.com,USA,2023-01-27,Premium,25489.08
6085,Sandra Williams,byfxl6f6@company.com,Australia,2023-12-21,Premium,16326.23
6086,Margaret Hernandez,ku0man5s@email.com,Netherlands,2021-05-17,Basic,43794.34
6087,David Garcia,nmy8u9x1@example.com,Spain,2024-08-13,Premium,41942.72
6088,Sarah Jones,60g75xmd@email.com,Brazil,2020-10-22,Premium,46472.25
6089,Thomas Williams,un0q6wzc@company.com,Sweden,2021-09-14,Standard,46460.48
6090,Karen Martin,5ze5lajc@company.com,South Korea,2021-01-07,Standard,43705.61
6091,Lisa Thompson,kfsyv2hm@mail.com,Spain,2021-07-19,Premium,32524.9
6092,Nancy Wilson,qs7dkqnh@mail.com,Mexico,2022-01-01,Basic,22805.65
6093,Sandra Smith,o95atdj7@mail.com,Spain,2024-02-22,Premium,24386.12
6094,Barbara Martin,3vun9cqg@example.com,UK,2021-06-13,Basic,27569.22
6095,Mark Lee,m8nojetz@test.com,India,2022-02-27,Basic,35300.15
6096,James Collins,t1l2o45b@outlook.com,Norway,2023-07-30,Premium,17207.24
6097,Paul Anderson,nx1nphdw@company.com,UK,2022-08-12,Premium,42272.76
6098,Ashley Martin,38lv0vqz@yahoo.com,Brazil,2020-10-17,Premium,42852.6
6099,Jessica Hernandez,bs1sbr5j@email.com,Japan,2020-06-24,Premium,40556.93
6100,Betty White,5twv5xya@email.com,Norway,2024-05-19,Premium,4417.59
6101,Barbara Martin,c8kbnkoj@yahoo.com,Brazil,2023-04-16,Basic,45981.16
6102,William Lee,4ribcrcg@email.com,Italy,2021-07-02,Basic,47978.99
6103,Richard Davis,l7pjd16d@email.com,Switzerland,2023-07-29,Standard,4830.12
6104,Mark Edwards,ekmw2c9j@email.com,Sweden,2021-07-29,Standard,27777.78
6105,Jennifer Wilson,3fks2h2t@example.com,Italy,2023-11-22,Premium,32612.98
6106,Charles Martinez,ut3swls4@outlook.com,Spain,2024-03-12,Basic,25580.64
6107,Margaret Anderson,hvvaszxs@company.com,Canada,2021-03-23,Premium,8225.12
6108,John Miller,d2ylxdyq@email.com,Sweden,2021-02-28,Basic,20396.05
6109,Steven White,e5u6u4cl@outlook.com,Japan,2020-03-28,Premium,43271.9
6110,Paul Garcia,rdkdesqo@test.com,Canada,2021-01-05,Basic,46583.75
6111,Charles Rodriguez,0f8ske5n@gmail.com,Brazil,2023-11-05,Premium,2446.26
6112,Emily Hernandez,dpnl1ulj@gmail.com,Netherlands,2024-10-30,Premium,22391.44
6113,Barbara Johnson,tsgqol3w@gmail.com,South Korea,2021-02-09,Basic,39872.95
6114,Christopher Martin,obiaao8x@outlook.com,South Korea,2020-03-25,Premium,25198.13
6115,Andrew Thompson,ai4elavr@test.com,Sweden,2020-10-22,Standard,37367.66
6116,Donna Harris,cukcozuo@company.com,Norway,2023-03-31,Basic,42765.12
6117,Robert Martin,oknjwbay@gmail.com,Switzerland,2021-05-11,Standard,2350.22
6118,Jennifer Hernandez,xhtf29u8@test.com,Sweden,2021-04-07,Basic,1380.75
6119,James Jackson,aebvg0by@example.com,Italy,2024-09-26,Premium,23903.93
6120,James Martin,e624sgr3@mail.com,South Korea,2023-12-01,Standard,3629.34
6121,Christopher Martin,2mmtc0ob@company.com,USA,2021-02-10,Basic,24787.8
6122,Daniel Miller,y4nfy9n1@mail.com,Italy,2024-04-26,Basic,10267.53
6123,Kimberly Martin,eurblu6n@gmail.com,France,2023-02-19,Basic,18750.47
6124,Barbara Jackson,14sb533c@yahoo.com,France,2020-09-18,Standard,47515.73
6125,James Rodriguez,4sju0enu@test.com,France,2023-12-06,Basic,23960.31
6126,Charles Williams,27nqytoh@yahoo.com,Australia,2020-12-09,Premium,29312.66
6127,Donald Lopez,xrg5j5jg@gmail.com,Netherlands,2022-06-30,Standard,13121.62
6128,Jennifer Martinez,v359yv3z@test.com,South Korea,2021-07-30,Standard,32521.85
6129,Matthew Roberts,b4wl8lf8@email.com,France,2021-12-16,Premium,39735.23
6130,Donna Thomas,zpyjjxju@email.com,Italy,2021-11-09,Standard,25900.57
6131,John Williams,d6tld858@gmail.com,France,2023-05-21,Basic,30888.49
6132,Mary Davis,a0zye8n5@mail.com,USA,2024-10-19,Standard,24943.47
6133,Betty Lee,fjrje9bx@email.com,Japan,2022-03-10,Standard,21518.15
6134,Mark Roberts,o7q1azkc@outlook.com,France,2024-02-22,Premium,32565.57
6135,Matthew Perez,tneiuezu@test.com,Norway,2023-08-21,Standard,24062.02
6136,Charles Smith,eco77a08@gmail.com,Italy,2021-10-30,Standard,33951.98
6137,Charles Martin,5ww705g7@yahoo.com,UK,2024-07-02,Basic,21332.36
6138,Kimberly Perez,j7qcxj7d@gmail.com,France,2024-07-26,Standard,6803.45
6139,Sarah Hernandez,0ui1so4c@test.com,India,2024-04-08,Premium,9280.22
6140,Karen Taylor,gvf3yymv@outlook.com,Sweden,2021-03-07,Standard,36686.39
6141,Ashley Edwards,mg075mm6@mail.com,Mexico,2024-02-11,Standard,46438.97
6142,Linda Jackson,fx2k3pmm@example.com,Japan,2022-02-17,Premium,47380.68
6143,Andrew Johnson,kv5c1sug@yahoo.com,Germany,2021-11-03,Basic,17742.73
6144,Richard Lopez,bwkeyarz@company.com,Norway,2023-03-02,Premium,25446.39
6145,Charles Edwards,u0vhiinp@gmail.com,Japan,2021-11-25,Premium,37647.48
6146,Thomas Wilson,z0uht1b5@gmail.com,Germany,2021-12-23,Basic,3165.75
6147,Donna Thompson,wp1862mr@company.com,USA,2023-04-20,Basic,41858.09
6148,Sandra Wilson,sv8js1pk@email.com,South Korea,2021-10-02,Basic,38617.49
6149,Betty Garcia,7srdfx9y@gmail.com,UK,2020-07-24,Basic,7000.09
6150,Thomas Thompson,mix0hig1@gmail.com,Mexico,2024-08-28,Basic,8740.14
6151,Steven White,87p04x7i@gmail.com,India,2024-05-31,Premium,36103.57
6152,Linda Thompson,t8tal5ig@test.com,Switzerland,2021-11-18,Premium,3928.69
6153,Emily Rodriguez,30jhnwcp@company.com,China,2024-09-17,Standard,36855.19
6154,Ashley White,j5rr0amq@outlook.com,India,2022-10-13,Standard,46388.07
6155,Paul Miller,nkyez835@yahoo.com,USA,2024-10-11,Standard,32760.24
6156,James Smith,72yfugom@mail.com,Italy,2023-01-16,Premium,5856.5
6157,Emily Jones,b8u1ke6x@example.com,Germany,2020-06-10,Standard,23303.54
6158,Thomas Martin,luew0sq7@test.com,South Korea,2023-09-05,Basic,26351.04
6159,Steven Jackson,oaqcv0nz@test.com,South Korea,2020-09-16,Basic,10632.9
6160,Ashley Reeves,5qr82ib9@email.com,South Korea,2023-04-04,Standard,5459.01
6161,Susan Johnson,imulqd7g@mail.com,Australia,2020-08-22,Standard,1043.33
6162,Betty Smith,nal13hso@company.com,USA,2020-02-08,Basic,5507.98
6163,Donna Brown,ff1f7wya@mail.com,Brazil,2022-02-27,Standard,8441.84
6164,Daniel Thompson,8tvfio1k@outlook.com,Germany,2022-06-14,Premium,20047.33
6165,Sarah Davis,oons4kl9@company.com,USA,2023-08-02,Standard,43061.5
6166,Michael Davis,fqmn4viz@mail.com,Brazil,2023-05-22,Premium,27391.21
6167,William Martin,lw0dll3i@mail.com,Spain,2020-06-29,Basic,11937.61
6168,Margaret Gonzalez,myi4ofaw@example.com,UK,2024-08-19,Premium,43773.68
6169,David Garcia,nm12bbck@mail.com,China,2022-09-18,Basic,47591.64
6170,Sandra Rodriguez,5qs6y9h2@email.com,UK,2023-02-16,Basic,25216.3
6171,Michael Taylor,48omv9fj@gmail.com,Japan,2024-02-05,Premium,4960.52
6172,Barbara Rodriguez,2bwkwdkv@outlook.com,Mexico,2021-06-24,Premium,42974.05
6173,William Smith,zv22kffj@gmail.com,South Korea,2021-05-29,Premium,639.66
6174,Donna Moore,zhyacgsv@gmail.com,USA,2022-08-01,Premium,48143.69
6175,Lisa Miller,teei4p8d@mail.com,Canada,2024-10-30,Basic,42274.9
6176,Nancy Anderson,3nydvocr@email.com,Japan,2022-07-19,Premium,14623.06
6177,Sarah Wilson,d9sbd09z@mail.com,Japan,2022-06-09,Premium,41162.89
6178,Paul Jones,87solhe2@gmail.com,Netherlands,2022-09-25,Basic,9045.18
6179,Jennifer Hernandez,ptwydkps@company.com,Australia,2021-04-09,Basic,27211.62
6180,Christopher Moore,6p9hbstl@gmail.com,Germany,2022-01-19,Premium,28145.41
6181,Thomas Jones,f4nii4bi@outlook.com,China,2022-07-11,Premium,31935.12
6182,Joseph Jackson,a1nqsy9g@company.com,Japan,2021-01-08,Premium,12053.75
6183,Jennifer Lee,dg6hf8p7@test.com,Switzerland,2020-04-14,Basic,30871.9
6184,Donna Lee,jf7burv8@company.com,Brazil,2021-10-02,Standard,8178.37
6185,Steven Martin,hmd6z3a8@example.com,Germany,2022-12-07,Premium,17881.5
6186,Daniel Anderson,gqp9s2u3@email.com,Canada,2021-11-29,Basic,4633.09
6187,David Lee,q35sf24p@mail.com,Norway,2023-09-23,Standard,35158.09
6188,Jessica Brown,cwlmlrte@outlook.com,Germany,2022-05-15,Basic,47136.71
6189,Andrew Harris,2scmdo3x@yahoo.com,South Korea,2023-08-15,Basic,5660.81
6190,Ashley Collins,f1ezjlm5@yahoo.com,Spain,2022-08-20,Premium,9134.44
6191,Paul Edwards,uxc39mfw@mail.com,Netherlands,2021-08-20,Standard,45072.97
6192,Emily Jones,kov8mw60@company.com,Mexico,2024-06-02,Standard,37830.23
6193,Patricia Roberts,zpqct2fz@company.com,Spain,2024-08-14,Standard,31147.68
6194,Patricia Miller,nmc4vprr@company.com,USA,2021-04-09,Premium,33776.34
6195,Mary Lopez,zy6i7zsm@gmail.com,Japan,2023-09-30,Premium,18936.41
6196,Mark Brown,pou01397@company.com,Australia,2023-07-03,Premium,16399.67
6197,Mark Wilson,ujxtjhlo@yahoo.com,Germany,2020-04-26,Standard,703.81
6198,Donna Martinez,jqb4d2id@gmail.com,Japan,2020-03-09,Basic,27450.7
6199,Margaret Miller,2ocs9val@mail.com,Mexico,2021-05-04,Premium,31238.28
6200,Linda Collins,d3dykxb8@example.com,Switzerland,2020-05-04,Premium,7755.16
6201,Sandra Thomas,0rpjjesj@example.com,Mexico,2021-09-23,Standard,34106.48
6202,Andrew Garcia,96696ja5@gmail.com,Switzerland,2023-06-08,Standard,46921.91
6203,Paul Smith,yaowijq4@test.com,Australia,2024-11-15,Standard,3673.38
6204,Jessica Martin,pddebw0i@outlook.com,China,2022-08-01,Premium,44152.81
6205,Linda Perez,fe8o83vl@company.com,Mexico,2023-02-20,Standard,28312.15
6206,Sandra Reeves,wiat8ndp@test.com,Netherlands,2024-11-11,Premium,17632.75
6207,Donald Edwards,682pn30o@test.com,Canada,2021-01-07,Standard,48979.21
6208,Ashley Thompson,60cdqf22@example.com,India,2020-08-05,Basic,42967.59
6209,Donald Thomas,1dirlptp@mail.com,Japan,2022-03-31,Standard,34798.25
6210,Jessica Reeves,u6zm0dqo@company.com,Brazil,2024-08-05,Basic,42625.67
6211,Ashley Williams,v963omzb@outlook.com,Japan,2022-03-23,Premium,47052.8
6212,Betty White,4nsac9wk@outlook.com,India,2023-09-11,Basic,37083.33
6213,Paul Anderson,20egysik@gmail.com,USA,2020-03-05,Premium,11703.28
6214,Steven Roberts,3rpnqinj@outlook.com,Italy,2022-05-19,Standard,40529.46
6215,Kimberly Martin,vmeozf6m@mail.com,South Korea,2023-05-05,Premium,45586.76
6216,Sarah Williams,siez0jgn@gmail.com,Spain,2022-01-06,Premium,36624.45
6217,Jessica Thomas,2hwsj5sa@email.com,Mexico,2023-10-23,Standard,32203.15
6218,Karen Taylor,mslhb70f@gmail.com,Sweden,2024-08-03,Basic,30273.02
6219,Charles Johnson,0pojkkcg@test.com,India,2024-05-02,Standard,34456.93
6220,Jessica Reeves,bqzkckw1@test.com,Japan,2023-04-16,Basic,38870.52
6221,Margaret Martin,jfh47cco@company.com,Switzerland,2020-01-31,Premium,42295.21
6222,Charles Lee,9cvs2cdg@test.com,Norway,2023-06-15,Premium,12864.38
6223,Donald Lopez,ijn43g48@yahoo.com,France,2020-04-11,Premium,28972.72
6224,Matthew Lopez,z35eqo97@example.com,Mexico,2023-09-26,Premium,43798.85
6225,Jessica Martinez,bqdqn972@outlook.com,South Korea,2024-06-16,Standard,42331.44
6226,Nancy Johnson,oa4nh7y5@email.com,Japan,2023-02-04,Basic,43175.41
6227,William Collins,4jvo6xb2@email.com,Netherlands,2023-01-04,Premium,33697.87
6228,Mary Williams,2ibkwgr8@gmail.com,Norway,2023-08-19,Basic,4097.24
6229,Jessica Collins,v7bem1l8@email.com,Germany,2022-04-17,Basic,33232.72
6230,Betty Jones,ulvtu96p@gmail.com,Japan,2020-07-08,Standard,26008.0
6231,Thomas Jones,u4bm1uox@company.com,Norway,2024-04-06,Premium,11989.64
6232,David Jackson,1jg9serl@yahoo.com,China,2020-03-12,Premium,42022.1
6233,Robert Perez,ar1gwnnn@test.com,Australia,2022-07-28,Standard,48926.53
6234,Linda Anderson,1byj4boe@email.com,Japan,2022-10-18,Basic,30254.68
6235,Joseph Williams,rzzc5dp4@outlook.com,China,2024-11-25,Standard,27098.23
6236,Daniel Perez,7ko4wpjm@yahoo.com,Brazil,2020-08-20,Basic,3773.68
6237,Jennifer Davis,dkswz7um@yahoo.com,Japan,2022-02-20,Premium,12418.65
6238,Mary Martin,4138r6et@example.com,France,2024-10-10,Standard,19918.32
6239,Betty Reeves,eoma9k0b@company.com,Spain,2022-04-01,Standard,33312.52
6240,Charles Martin,6ufwo70w@gmail.com,France,2023-03-22,Basic,22956.92
6241,Paul Jackson,iej51il7@company.com,Sweden,2022-12-18,Basic,2424.24
6242,William Martin,y3ikutcs@outlook.com,UK,2024-09-07,Premium,15168.88
6243,Patricia Lee,smyxf7x9@example.com,UK,2023-06-02,Premium,16124.16
6244,Charles Reeves,g6tkrew1@outlook.com,Australia,2020-02-04,Standard,5499.69
6245,Kimberly Roberts,0334etly@example.com,France,2023-06-05,Premium,28195.23
6246,Ashley Jones,i0htvlsy@company.com,Italy,2021-10-19,Basic,14902.91
6247,Kimberly White,z07qdl4u@example.com,France,2022-03-02,Premium,19794.69
6248,John Rodriguez,mtr149on@email.com,Netherlands,2024-08-04,Basic,25581.13
6249,Margaret Martin,0jmt1wbx@test.com,Canada,2024-02-22,Standard,31925.12
6250,Emily Miller,gqym1rlm@mail.com,Italy,2023-07-27,Standard,33161.15
6251,Linda Johnson,uuooz7pv@gmail.com,Netherlands,2023-12-27,Premium,23520.05
6252,Mark Martin,y3jpyb05@gmail.com,South Korea,2021-11-02,Standard,28466.95
6253,Christopher Garcia,zy3sc2hr@outlook.com,USA,2022-12-07,Basic,23196.25
6254,William Lee,6topnoy6@outlook.com,Mexico,2022-03-19,Premium,6194.73
6255,Lisa Taylor,z19jzp22@yahoo.com,Canada,2023-01-04,Premium,2852.29
6256,Mary Thomas,3i6583gq@gmail.com,Italy,2022-06-13,Premium,19614.14
6257,Karen Rodriguez,h3e3t8mr@outlook.com,Australia,2024-05-05,Premium,24331.37
6258,Ashley Martin,qae7bdms@test.com,Brazil,2021-12-07,Premium,24901.73
6259,David Lee,b64crxdt@test.com,Japan,2023-05-02,Standard,13050.56
6260,Susan Miller,esekxy9d@yahoo.com,Netherlands,2021-12-18,Standard,37171.14
6261,Thomas Garcia,o3a80p68@email.com,Spain,2024-11-10,Standard,25924.45
6262,Margaret Hernandez,j244e6g1@mail.com,Italy,2023-01-28,Basic,24961.1
6263,Matthew Wilson,rsfaj68g@example.com,Italy,2020-06-30,Premium,8234.4
6264,Donna Johnson,scus26cl@company.com,Sweden,2023-07-19,Premium,44630.17
6265,Ashley Collins,r17ikglh@email.com,Norway,2024-01-31,Standard,35367.12
6266,Paul White,g4abfoso@test.com,Australia,2022-01-22,Standard,13542.97
6267,Margaret Smith,a8ubq510@gmail.com,South Korea,2023-08-06,Premium,30718.48
6268,Karen Martin,j3zb8iig@test.com,Japan,2020-12-07,Basic,47911.67
6269,Karen Garcia,23dw5pol@company.com,South Korea,2023-04-18,Basic,6336.99
6270,Jennifer Gonzalez,lj25iscf@mail.com,Netherlands,2024-04-12,Basic,44006.74
6271,Jennifer Anderson,bxufxnnm@outlook.com,Germany,2023-07-20,Basic,20262.15
6272,Charles Garcia,p2l7yqe9@outlook.com,Australia,2022-04-30,Premium,46439.59
6273,James Hernandez,24aud0rw@email.com,South Korea,2023-07-05,Premium,15032.08
6274,Donna Perez,if0ysmf0@example.com,Switzerland,2020-07-11,Premium,28485.71
6275,Paul White,f5a0am3v@outlook.com,Spain,2023-08-27,Basic,41525.0
6276,Michael Thompson,ck7p0dt7@test.com,Norway,2024-04-26,Premium,43533.89
6277,Paul Martin,cumd2ova@gmail.com,Spain,2021-11-09,Basic,17487.51
6278,Richard Lee,u7vldqrh@example.com,Germany,2023-04-07,Basic,23828.41
6279,Donald Edwards,wdd5d1in@company.com,France,2024-10-25,Standard,25511.34
6280,Sarah Moore,9p6mqpju@gmail.com,Mexico,2021-05-03,Standard,15199.42
6281,Susan Lopez,7rd5dzgq@company.com,UK,2020-04-12,Basic,15947.22
6282,Mark Hernandez,omzfopdj@company.com,Japan,2021-04-24,Standard,25486.2
6283,Daniel Edwards,ja1uwpau@company.com,Sweden,2021-01-29,Basic,28264.99
6284,Susan Harris,kx29dxwf@example.com,Norway,2024-08-06,Premium,25364.78
6285,Ashley Anderson,r03h8lam@test.com,Japan,2021-05-22,Premium,46728.29
6286,Lisa Collins,69x95p48@example.com,USA,2021-06-20,Premium,23178.39
6287,William Martin,ss5oi4to@company.com,South Korea,2023-10-08,Premium,12199.96
6288,Patricia Davis,kvn1be5x@email.com,Norway,2020-01-20,Basic,20826.51
6289,Robert Rodriguez,uhh3g0p6@gmail.com,Italy,2021-10-10,Basic,47325.86
6290,John Rodriguez,zn6bauf7@gmail.com,Spain,2023-09-16,Premium,21870.85
6291,Michael Smith,d6i2uuov@email.com,South Korea,2020-12-17,Basic,7520.85
6292,Linda Jackson,dfopnhtr@example.com,India,2022-09-03,Basic,37934.38
6293,Paul Thomas,y9i5oz52@example.com,UK,2023-02-04,Standard,44639.72
6294,David Jones,91jq2vhp@example.com,Norway,2021-02-25,Basic,1885.24
6295,Sarah Collins,8u0j0s4w@company.com,France,2020-08-29,Premium,40353.9
6296,Lisa Thompson,9mer6a95@yahoo.com,Sweden,2023-04-21,Basic,37124.64
6297,James Brown,vd1cd7jq@outlook.com,Japan,2023-02-06,Basic,44235.35
6298,Jessica Williams,sa5ra2m5@test.com,Italy,2022-10-11,Standard,12549.02
6299,Joseph Jackson,163d5vov@company.com,Italy,2024-04-12,Basic,39047.88
6300,Susan Garcia,4h67kter@outlook.com,Switzerland,2023-12-20,Standard,21913.03
6301,Sarah Jones,4yc1i3n2@example.com,USA,2022-06-05,Standard,29981.03
6302,Jennifer Perez,hu8z0ic0@test.com,Australia,2020-08-14,Premium,15563.69
6303,John White,6fyq8l8b@company.com,Switzerland,2023-09-10,Standard,46217.19
6304,Steven Jackson,ig8c3tks@company.com,South Korea,2023-04-01,Standard,27411.26
6305,Karen Thomas,e7osjwoe@yahoo.com,Mexico,2022-09-16,Premium,33580.08
6306,James Hernandez,f0coruh2@example.com,Japan,2020-10-26,Basic,34167.83
6307,Richard Gonzalez,jrxo38a2@mail.com,USA,2022-07-11,Basic,24339.47
6308,Mary Martin,ny0qeh72@email.com,UK,2022-06-29,Premium,16124.56
6309,Jennifer Perez,eknkoqc7@test.com,China,2022-05-06,Standard,30737.23
6310,Thomas Martinez,z1v2yla6@company.com,Norway,2023-08-23,Standard,10073.39
6311,Michael Davis,jhwdfxpr@outlook.com,Australia,2021-11-26,Premium,21393.14
6312,Mary Miller,6taovfmq@example.com,Mexico,2020-09-15,Premium,1945.19
6313,Susan Thompson,n3l7rlo1@email.com,Japan,2022-08-02,Standard,47390.37
6314,Margaret Reeves,lmijv8yz@gmail.com,India,2022-09-22,Premium,44240.41
6315,Jennifer Reeves,uscr8vog@outlook.com,Spain,2022-06-30,Premium,6749.59
6316,Jessica Lopez,ekfizl1k@example.com,Germany,2021-08-11,Premium,26130.47
6317,Margaret Davis,ehp18nt9@outlook.com,Switzerland,2024-04-29,Premium,49109.64
6318,Paul Wilson,63nbf0hb@gmail.com,Australia,2020-04-02,Basic,44068.14
6319,Jennifer Martin,zjy2jt8v@yahoo.com,Australia,2024-03-02,Basic,28005.31
6320,Donna Davis,xszgp0zk@yahoo.com,Norway,2021-10-25,Standard,20088.71
6321,Steven Wilson,da6ssjuv@email.com,Brazil,2021-10-30,Standard,17868.05
6322,John Martin,13llgcu0@email.com,Sweden,2020-07-15,Basic,2718.03
6323,Daniel Lee,5pmptgnb@email.com,India,2020-09-11,Basic,45285.95
6324,Thomas Hernandez,xrxe3gv7@gmail.com,Japan,2022-10-06,Standard,37584.97
6325,Charles Hernandez,vfpa1q6i@gmail.com,India,2020-12-03,Premium,43415.62
6326,John Miller,2jjo7ngm@mail.com,UK,2024-09-29,Basic,32667.95
6327,Kimberly Hernandez,rpp01s1f@yahoo.com,USA,2020-02-08,Basic,38368.21
6328,Sandra Edwards,ezthnpo0@test.com,Norway,2023-03-21,Premium,4411.87
6329,Karen Harris,s6ck18o8@company.com,Brazil,2022-08-15,Premium,33106.01
6330,Barbara Collins,zo84el8y@company.com,Canada,2022-01-31,Standard,5201.21
6331,Kimberly Davis,h8b1nngh@company.com,Switzerland,2024-12-01,Standard,8702.31
6332,Margaret Brown,fs6wxqi3@email.com,South Korea,2023-05-14,Basic,30617.13
6333,Sarah Hernandez,o26yx2vq@mail.com,China,2021-04-16,Standard,30620.79
6334,Mark Anderson,2ricn9ri@gmail.com,Canada,2024-07-02,Standard,7016.79
6335,Steven Anderson,fwdwlo23@test.com,Mexico,2020-12-11,Standard,24315.9
6336,Donald Hernandez,b05ejaj8@gmail.com,USA,2022-05-22,Basic,12556.96
6337,Richard Wilson,f7x0gaat@yahoo.com,Germany,2020-02-03,Basic,27293.17
6338,Donna Miller,c1lyizn6@mail.com,Spain,2020-03-27,Basic,48726.45
6339,Charles Williams,zt2r9p3h@email.com,Switzerland,2021-10-19,Premium,30993.03
6340,William Reeves,uq8lxy13@gmail.com,China,2022-09-28,Standard,38663.1
6341,Sandra Davis,v9ymu6gh@gmail.com,Japan,2021-02-15,Standard,6713.04
6342,Mary Anderson,mqocaaoa@mail.com,Australia,2022-06-19,Standard,9756.51
6343,Andrew Moore,k2jthn9f@gmail.com,India,2024-03-10,Standard,14761.25
6344,Joseph Taylor,cumtvht6@outlook.com,China,2020-07-15,Basic,8563.58
6345,Robert Miller,l7gxw3u4@mail.com,Sweden,2024-06-13,Premium,41273.62
6346,Michael Miller,ejr8vtrw@test.com,China,2022-12-19,Basic,45420.54
6347,Betty Miller,6dztn6q7@example.com,Australia,2022-03-18,Premium,17304.92
6348,Paul Lee,xxeyidqj@test.com,USA,2021-08-05,Premium,39397.62
6349,Ashley Reeves,9p482qca@mail.com,Netherlands,2021-04-16,Premium,31453.97
6350,Jennifer Martinez,xi6x0q9z@mail.com,Mexico,2020-06-13,Standard,48049.56
6351,Barbara Rodriguez,d0qglwl7@gmail.com,France,2020-11-29,Standard,47020.37
6352,John Lopez,8s0wix4e@company.com,China,2024-04-22,Basic,9616.52
6353,Donna Martin,2mvscgh0@mail.com,UK,2024-09-30,Premium,7723.95
6354,Betty Lee,w2xjc3pe@company.com,Mexico,2024-06-15,Premium,40300.79
6355,Donna Taylor,numcj6jx@outlook.com,Sweden,2023-04-27,Standard,11236.14
6356,Andrew Jones,eycpwive@outlook.com,Australia,2021-03-09,Standard,44780.88
6357,Mark Garcia,raxksbrs@yahoo.com,Netherlands,2022-04-07,Standard,17065.27
6358,Jennifer White,yob9r5uu@mail.com,Italy,2021-03-26,Basic,29580.4
6359,Jennifer Martin,h2dbtfso@email.com,UK,2024-10-30,Premium,36562.09
6360,Kimberly Jackson,nrwgde2y@company.com,Italy,2024-05-20,Basic,23569.7
6361,Patricia Jones,rk8i5790@example.com,Japan,2020-12-20,Basic,32770.3
6362,Daniel Martinez,hb3e63uh@mail.com,Netherlands,2024-05-02,Basic,26356.52
6363,William Martinez,pm0vgpcg@test.com,France,2022-01-10,Basic,13898.17
6364,Robert Jones,ju3dfdiz@gmail.com,India,2021-02-01,Standard,6552.49
6365,Michael Anderson,82y7hsuc@email.com,Brazil,2023-03-20,Standard,32231.64
6366,Margaret Martin,ou5au67p@email.com,Brazil,2022-03-15,Premium,4230.97
6367,Mark Martin,1brjvc44@mail.com,Spain,2023-06-28,Premium,48472.46
6368,Matthew Jackson,w5g4620b@test.com,Canada,2024-02-15,Premium,31469.19
6369,Richard Thompson,7nx43p2c@yahoo.com,South Korea,2022-01-09,Premium,14279.16
6370,Joseph Jackson,ys2a2g7l@yahoo.com,France,2020-04-21,Premium,48216.12
6371,John Roberts,f91hnpiu@outlook.com,USA,2022-07-04,Standard,47946.22
6372,Barbara Edwards,lfky4ze4@yahoo.com,India,2023-10-13,Standard,25243.37
6373,Robert Thompson,5zfmartw@mail.com,USA,2023-08-17,Basic,5998.26
6374,Donna Collins,ayl91nzz@example.com,Mexico,2024-03-19,Basic,14287.15
6375,James Martinez,ewseslmz@gmail.com,Germany,2023-02-26,Basic,31872.88
6376,Mark Harris,3vxpm9sm@email.com,France,2021-11-28,Standard,32123.41
6377,Michael Harris,1ipn717b@test.com,France,2021-07-17,Standard,42843.06
6378,Betty Collins,lde4dlog@company.com,Japan,2023-09-25,Premium,13491.05
6379,Sandra Taylor,2j45q3fw@company.com,Germany,2024-01-23,Premium,32307.39
6380,Barbara Anderson,dnvr2l3w@example.com,UK,2020-06-12,Premium,26670.19
6381,William Garcia,g7v3hkmy@yahoo.com,Norway,2022-06-04,Standard,30669.85
6382,Jennifer Anderson,017txrk3@email.com,UK,2021-04-07,Premium,10151.12
6383,Sarah Perez,mfwd6aoq@outlook.com,USA,2023-09-12,Basic,46963.0
6384,Betty Moore,qacwf8dy@gmail.com,India,2022-08-14,Basic,4443.95
6385,Betty Jones,vnirfc4t@example.com,Netherlands,2021-12-14,Standard,21767.64
6386,Barbara Harris,gmheqij6@mail.com,Spain,2021-05-25,Basic,40013.55
6387,James Thompson,xpvpoaui@test.com,Spain,2024-07-12,Premium,2925.44
6388,Donald Miller,t9re8a6a@example.com,Germany,2022-11-21,Premium,4378.1
6389,Michael Smith,5wqr822v@mail.com,South Korea,2023-12-07,Standard,46723.79
6390,Christopher Thomas,zcz22fad@outlook.com,Sweden,2024-06-15,Premium,13854.93
6391,Sandra Lee,ao5d08te@example.com,Canada,2022-03-24,Basic,3804.71
6392,Daniel Martin,sr4x6y2m@test.com,Canada,2024-12-23,Standard,41313.52
6393,William Brown,f4yykglp@yahoo.com,China,2021-11-20,Basic,42312.04
6394,Susan Davis,c5tkuq5i@gmail.com,Netherlands,2022-07-01,Premium,23371.72
6395,Betty Miller,ljjnaga3@mail.com,China,2023-11-22,Premium,6491.06
6396,Richard Martinez,9sh1vj7c@email.com,USA,2024-06-27,Basic,6025.94
6397,Karen Johnson,inpzem3u@gmail.com,USA,2023-07-25,Premium,9889.03
6398,Margaret Collins,q161vob9@gmail.com,Sweden,2022-03-10,Standard,40186.32
6399,Lisa Williams,kzc99nsl@test.com,Netherlands,2021-12-19,Standard,45532.07
6400,Karen Moore,ewnbp9fc@email.com,South Korea,2021-01-30,Basic,46647.76
6401,Susan Anderson,vmx9cbp3@test.com,Mexico,2020-01-23,Premium,23657.47
6402,James Rodriguez,wxu3yjdr@company.com,China,2023-06-09,Standard,1871.34
6403,Sarah Gonzalez,d4que2bc@gmail.com,Mexico,2024-06-18,Premium,37222.15
6404,Andrew Miller,xbmogfz3@mail.com,Australia,2020-09-20,Basic,2811.45
6405,Thomas Harris,sxbmc7ns@test.com,UK,2020-11-05,Premium,17753.3
6406,Linda Brown,fheciac7@email.com,Australia,2023-11-09,Premium,7027.92
6407,Margaret Roberts,i47o7dzq@yahoo.com,South Korea,2020-09-22,Standard,25004.3
6408,Donna Brown,66cmn0z5@gmail.com,Germany,2022-04-10,Premium,47279.17
6409,Matthew Taylor,ptn0i5co@yahoo.com,Spain,2024-10-22,Standard,45121.56
6410,Donna Roberts,tz5qkj21@test.com,Spain,2022-06-23,Basic,21349.91
6411,Richard Gonzalez,mv4rwhcr@outlook.com,Spain,2023-12-20,Basic,25097.79
6412,Thomas Rodriguez,agwsfhb3@outlook.com,Netherlands,2021-04-30,Premium,5786.46
6413,Emily Anderson,iqk9k235@email.com,China,2022-11-21,Premium,24130.3
6414,Charles Johnson,oph3q35l@test.com,Spain,2021-03-01,Standard,35521.99
6415,Richard Garcia,kojt1f3d@example.com,USA,2024-10-09,Standard,45460.21
6416,James Smith,w8fw8owl@gmail.com,China,2023-05-29,Standard,9882.72
6417,Christopher Johnson,imphwapw@yahoo.com,Italy,2022-02-19,Premium,20038.92
6418,Andrew Davis,1s7ykccu@mail.com,Japan,2020-06-29,Premium,18665.62
6419,Barbara Wilson,efusam4b@yahoo.com,Switzerland,2022-03-11,Standard,23469.97
6420,Christopher Jones,bngv01eq@gmail.com,Norway,2022-09-26,Basic,37376.9
6421,Barbara Edwards,ilk4osqn@mail.com,Canada,2023-11-15,Basic,43824.26
6422,Joseph Rodriguez,jajkgjrp@company.com,China,2020-08-27,Premium,44995.42
6423,Linda Jackson,f9291zfb@example.com,Norway,2022-10-08,Basic,49105.26
6424,Mark Miller,y0e0s51f@example.com,UK,2022-10-28,Premium,15032.01
6425,Betty White,0d600681@example.com,China,2020-03-26,Premium,31005.18
6426,Susan Gonzalez,6rydq3ml@test.com,Japan,2021-08-07,Premium,3523.41
6427,Mark Harris,neu6s8z1@test.com,USA,2024-08-05,Standard,36822.08
6428,Paul Rodriguez,mxe1qqc9@company.com,Norway,2023-12-06,Premium,34746.24
6429,Joseph Martin,sfs6w0sb@company.com,UK,2021-12-09,Basic,11260.57
6430,Emily Hernandez,bvccvzoj@mail.com,Spain,2021-05-07,Basic,22831.47
6431,Daniel Jackson,qj8ik2c1@outlook.com,Brazil,2024-08-26,Basic,5216.8
6432,Karen Reeves,t0j2gvxi@outlook.com,France,2020-01-18,Basic,15198.44
6433,Mark Garcia,sliwkyuo@outlook.com,UK,2021-05-03,Basic,6157.29
6434,Andrew Lee,j6ubrw9b@email.com,Brazil,2023-03-27,Basic,17674.7
6435,Nancy Williams,91ggxm6h@email.com,UK,2022-06-18,Standard,32175.34
6436,Donald Hernandez,ch7wjgfb@email.com,UK,2023-03-14,Standard,40472.46
6437,Thomas Rodriguez,snam1qy3@mail.com,China,2024-08-21,Basic,3731.8
6438,David Martinez,zrtkb92x@mail.com,USA,2022-08-09,Basic,40041.92
6439,Daniel Miller,lgljfy6x@test.com,Norway,2022-02-28,Basic,49337.96
6440,Linda Brown,uobj04gn@company.com,Australia,2024-01-01,Basic,24802.13
6441,Daniel Williams,oz8iicxe@yahoo.com,South Korea,2020-12-01,Basic,15240.34
6442,Karen Garcia,c0uc5pa6@company.com,Canada,2023-12-06,Basic,36243.69
6443,Joseph Thompson,7upoooe6@mail.com,India,2023-01-30,Basic,42278.58
6444,Joseph Lee,955hwum8@test.com,Switzerland,2021-04-28,Standard,6021.74
6445,Nancy Smith,jcmvufe3@mail.com,Sweden,2022-12-31,Standard,48488.66
6446,Mary Perez,jf46aj35@gmail.com,Canada,2024-07-16,Basic,43351.81
6447,Paul Collins,twpp1h08@mail.com,Sweden,2023-10-25,Standard,2228.03
6448,Steven Jones,1qzkzpit@mail.com,USA,2020-11-05,Premium,495.07
6449,Daniel Garcia,vo8fxf2m@email.com,UK,2021-01-19,Standard,22998.69
6450,Michael Perez,ladg2akk@outlook.com,China,2022-01-03,Premium,43005.8
6451,Emily Smith,o35fhuol@company.com,Germany,2020-12-05,Premium,4794.46
6452,Jennifer Garcia,70cth3zw@gmail.com,Canada,2021-03-05,Premium,7950.59
6453,Karen Lee,f5uhoiyf@company.com,Mexico,2022-10-25,Premium,47183.44
6454,Jennifer Thompson,671yu2l0@yahoo.com,Brazil,2020-10-09,Premium,17967.94
6455,Donna Brown,0az48c05@example.com,Sweden,2022-08-23,Premium,4073.9
6456,Margaret Martin,hkftvzcf@example.com,Spain,2022-09-15,Premium,38708.41
6457,Mark Martinez,mvma42f3@company.com,France,2024-09-06,Basic,1867.42
6458,Kimberly Wilson,ha82gaek@company.com,France,2022-08-10,Standard,27542.39
6459,Betty Anderson,ceqhr2j4@email.com,Switzerland,2023-02-01,Basic,18436.11
6460,Mary Lopez,3ea25bhc@gmail.com,Norway,2024-06-22,Basic,47066.26
6461,Robert Wilson,f2gukf1s@outlook.com,Germany,2021-01-30,Standard,46714.84
6462,Thomas Garcia,fhvw6cdg@outlook.com,UK,2021-04-26,Premium,13453.3
6463,Joseph Anderson,jz1o33e6@outlook.com,Switzerland,2020-04-25,Premium,19352.83
6464,Barbara Martin,j1rgjgu6@email.com,Germany,2023-09-11,Basic,2060.49
6465,Lisa Perez,6gr9stei@email.com,India,2021-05-26,Basic,29021.69
6466,Charles Anderson,vbet0jk5@email.com,India,2023-03-12,Basic,15675.05
6467,Sarah Edwards,o9v6cwkm@yahoo.com,France,2023-12-18,Premium,45357.43
6468,Steven Hernandez,ruwtpyrd@example.com,South Korea,2021-04-25,Standard,11279.76
6469,James Rodriguez,xpyf1qga@mail.com,Italy,2021-12-27,Basic,29996.85
6470,Paul Garcia,9c1xn4ci@mail.com,UK,2022-02-20,Standard,9977.8
6471,Linda Taylor,jtkgn64b@yahoo.com,Switzerland,2022-08-27,Standard,34023.94
6472,Jessica Martinez,hr56wx05@company.com,India,2022-01-12,Premium,1426.36
6473,Betty Brown,wpyt3zoj@company.com,Italy,2023-01-02,Premium,27918.93
6474,Paul Brown,lvtk2l78@yahoo.com,India,2023-01-26,Standard,32323.54
6475,Mary Perez,k26bo389@outlook.com,Japan,2023-12-22,Standard,30258.35
6476,Thomas Martin,edel4b7t@company.com,Canada,2024-05-23,Basic,48280.94
6477,Christopher Perez,aj69j364@test.com,Switzerland,2023-03-05,Standard,25831.39
6478,Donald Taylor,5fl5gybe@test.com,UK,2021-07-06,Standard,8824.95
6479,Robert Davis,1wvjw0xi@example.com,Italy,2022-04-16,Premium,7533.59
6480,Sandra Thomas,qbh0ryh5@mail.com,Brazil,2021-06-22,Basic,47429.83
6481,Charles Jones,z0ls9ohc@email.com,Switzerland,2022-06-26,Standard,12211.66
6482,William Roberts,8j5cxcpl@test.com,Spain,2021-12-16,Premium,31649.67
6483,James Williams,ik00v5ku@company.com,Brazil,2020-04-15,Premium,15129.25
6484,William Anderson,qyoqn5al@company.com,Mexico,2024-05-12,Premium,15794.05
6485,Richard Gonzalez,kbwd9t3f@gmail.com,Spain,2020-02-06,Standard,34590.78
6486,Charles Wilson,ntrs2x0p@mail.com,Mexico,2023-03-02,Premium,41129.28
6487,Barbara Jackson,t6gq95wv@outlook.com,Norway,2022-11-29,Premium,25506.15
6488,Karen Jones,owqowapf@mail.com,Australia,2024-02-25,Standard,16548.71
6489,Karen Jackson,h3rknr59@company.com,UK,2023-07-13,Basic,24591.61
6490,Barbara Reeves,ftaspqt5@mail.com,Spain,2022-09-18,Basic,27775.5
6491,Sarah Taylor,wd2uygw9@gmail.com,Germany,2020-06-03,Standard,12908.64
6492,Donald Perez,pxdi46f8@email.com,France,2021-09-10,Basic,49838.03
6493,Susan Garcia,u8jeyqd8@mail.com,France,2021-02-28,Basic,17413.36
6494,Kimberly Taylor,c8t4c2n6@gmail.com,India,2022-11-21,Premium,24802.67
6495,Michael Rodriguez,a80yycoi@gmail.com,China,2020-03-04,Premium,15336.99
6496,Betty Garcia,37ok7ovo@example.com,Italy,2021-08-28,Basic,18757.88
6497,James Jackson,pwiu04nb@example.com,Netherlands,2024-06-16,Standard,33019.09
6498,Nancy Martin,8s7iiarp@email.com,UK,2020-09-07,Premium,44109.16
6499,James Wilson,70hnyro5@email.com,Mexico,2023-09-07,Basic,27638.3
6500,Sandra Collins,jb4ip9yc@yahoo.com,USA,2022-03-27,Premium,45216.95
6501,Lisa Brown,9ocqvjz8@outlook.com,Mexico,2023-12-04,Standard,25184.16
6502,Andrew Hernandez,dmrulbpb@example.com,Netherlands,2022-06-18,Premium,38117.52
6503,Paul Moore,6x5943en@example.com,Germany,2020-10-08,Premium,20099.16
6504,Linda Collins,uyd7i1d7@company.com,Germany,2024-11-29,Premium,14505.8
6505,Mary Garcia,bgz0xzij@email.com,Spain,2023-11-08,Basic,49657.92
6506,Daniel Collins,py2x0j9q@outlook.com,India,2021-08-15,Premium,35780.61
6507,Richard Reeves,2zdc026z@email.com,Netherlands,2024-01-05,Premium,43014.21
6508,Margaret Gonzalez,na0xsb6h@email.com,India,2021-01-10,Standard,42697.96
6509,Christopher Williams,t089lw8b@gmail.com,Brazil,2023-02-25,Standard,46475.24
6510,Jennifer Davis,o1vm16mo@email.com,Italy,2021-02-10,Premium,34551.63
6511,Donna Smith,flhh4qvq@yahoo.com,China,2024-01-29,Standard,13193.67
6512,Margaret Smith,zo6z9bt8@gmail.com,Mexico,2023-10-03,Standard,37436.6
6513,Matthew Martinez,pogktwr7@gmail.com,UK,2021-01-13,Premium,38022.64
6514,Betty Lee,5normmz1@email.com,Japan,2023-03-18,Standard,32452.11
6515,Linda Thompson,up0soatz@outlook.com,Brazil,2024-12-26,Premium,32058.05
6516,Jennifer Reeves,hwvr19bu@company.com,Mexico,2022-02-17,Basic,15484.79
6517,Margaret White,cny3io3v@gmail.com,South Korea,2020-10-20,Basic,27081.49
6518,John Smith,b3ep18hj@yahoo.com,Italy,2023-08-16,Standard,18457.34
6519,Barbara Wilson,exfjcbug@gmail.com,South Korea,2021-01-27,Premium,4854.37
6520,Patricia Wilson,wrgjgycc@example.com,Sweden,2022-08-02,Premium,38798.75
6521,Mark Smith,su8dw419@company.com,Sweden,2022-07-13,Premium,47133.76
6522,Nancy Roberts,wy1u6xwh@company.com,Brazil,2021-12-10,Premium,7722.23
6523,Betty Perez,r74l5b0k@yahoo.com,China,2020-11-17,Premium,11441.87
6524,Karen Anderson,75uzcqj1@example.com,Germany,2020-06-23,Basic,17373.29
6525,Nancy Johnson,vr2sovsa@mail.com,France,2022-04-14,Basic,41983.41
6526,Donna Martin,dtq98vzo@mail.com,Mexico,2021-09-02,Standard,17448.02
6527,Emily Jackson,zy5wocrz@yahoo.com,Italy,2020-02-27,Basic,18861.58
6528,Richard Williams,gs5fz161@email.com,Canada,2020-04-04,Standard,45976.98
6529,Paul Thomas,1k0wx56d@gmail.com,France,2024-06-05,Basic,361.51
6530,Margaret Gonzalez,sj2re7xu@test.com,Netherlands,2024-05-18,Premium,6247.72
6531,Emily Thomas,up4c3gpt@mail.com,Norway,2023-10-11,Premium,3821.3
6532,Sandra Garcia,o2efay4y@gmail.com,France,2024-08-18,Basic,20174.95
6533,Richard Martinez,74x29r7l@mail.com,Sweden,2020-04-23,Standard,30437.56
6534,Betty Miller,abhcmeuh@mail.com,USA,2024-10-31,Premium,23008.9
6535,Kimberly Thompson,al4715re@company.com,USA,2024-10-01,Standard,12778.16
6536,Lisa Lee,ho28coq3@example.com,Spain,2020-01-13,Standard,20197.9
6537,Matthew Wilson,7gfdqoaf@company.com,Norway,2022-07-19,Basic,37096.01
6538,Joseph Lopez,qb42c5pu@yahoo.com,Netherlands,2021-07-24,Premium,28083.76
6539,Paul Wilson,1dx2t0dx@email.com,USA,2020-08-29,Premium,12771.78
6540,Betty Thomas,3g2x8xc3@yahoo.com,UK,2020-03-22,Standard,16685.15
6541,Joseph Taylor,mf8yt7u2@mail.com,Sweden,2023-07-04,Standard,40367.98
6542,William Martin,e0zkkssc@example.com,Japan,2022-04-07,Standard,14792.8
6543,Karen Edwards,szpah2xn@email.com,Germany,2020-05-07,Standard,22570.76
6544,Mary Roberts,jqqpec65@yahoo.com,Australia,2020-08-27,Premium,46560.36
6545,John Taylor,tu3h5bep@mail.com,India,2022-05-17,Standard,16619.01
6546,Richard Johnson,azw2fb7i@outlook.com,China,2020-08-21,Premium,16078.27
6547,Sandra Smith,80il11gs@gmail.com,Norway,2022-10-01,Standard,41114.9
6548,Steven Martinez,uq5zj74f@gmail.com,Italy,2022-08-25,Premium,40000.61
6549,William Williams,e0h5rlpg@company.com,Canada,2022-03-20,Premium,19343.63
6550,Jessica Martin,g2s6uoqn@test.com,Germany,2023-05-30,Basic,45451.91
6551,Charles Smith,qduvcvdf@mail.com,France,2023-05-16,Premium,26272.25
6552,Barbara Davis,2y9d70ax@test.com,UK,2021-12-18,Standard,4594.67
6553,Susan Smith,5pzq7nnm@company.com,Australia,2022-06-24,Standard,18292.04
6554,Lisa Johnson,mpmqhx8l@example.com,USA,2023-06-09,Premium,28244.84
6555,Steven Roberts,pck6phdx@outlook.com,Germany,2020-12-15,Standard,43376.73
6556,Donna Martinez,2tv8y65q@yahoo.com,Italy,2020-06-03,Standard,6183.39
6557,Mark Wilson,r8f1mhhq@outlook.com,Italy,2021-12-19,Premium,33312.97
6558,Christopher Johnson,ic1z29ql@company.com,Brazil,2021-05-20,Basic,25110.49
6559,Donna Hernandez,ghnnxav3@example.com,South Korea,2024-10-22,Standard,28852.85
6560,Jessica Miller,uxmnfiku@gmail.com,Norway,2020-05-13,Standard,9037.12
6561,Betty Taylor,cgurrdo7@example.com,South Korea,2024-08-01,Standard,28590.46
6562,John Martin,5dl4jbhn@email.com,France,2020-11-02,Premium,39136.83
6563,Jessica Miller,ob6b6m76@mail.com,Japan,2024-07-09,Premium,17618.83
6564,Sarah Lee,90uu12i7@yahoo.com,South Korea,2023-05-11,Standard,23889.18
6565,Donna Anderson,fa6lxvhy@mail.com,UK,2024-11-27,Basic,6882.59
6566,Mary Gonzalez,gtcxd5gs@email.com,Switzerland,2024-06-25,Standard,16758.51
6567,Betty Lee,qo72dmq7@gmail.com,Sweden,2022-02-24,Standard,9770.1
6568,Sandra Harris,k6wvn4mo@gmail.com,Italy,2022-12-25,Standard,15166.3
6569,Mark Jones,ok8ybf6b@mail.com,Spain,2021-05-15,Premium,47594.05
6570,Christopher Smith,y3quznuk@test.com,Australia,2022-01-15,Basic,4084.01
6571,James Harris,djv64gus@test.com,USA,2024-08-25,Basic,13032.73
6572,Patricia Collins,pqzckfmf@email.com,Brazil,2023-04-08,Basic,45561.17
6573,Daniel Davis,0kzb1kb3@outlook.com,USA,2023-02-02,Premium,36376.55
6574,Mary Edwards,6sduzkf7@email.com,USA,2021-12-06,Premium,34735.69
6575,Donald Thompson,y4f3w9ks@company.com,Sweden,2024-08-22,Standard,5747.71
6576,Donald Thompson,i2k17fhd@company.com,USA,2022-11-10,Premium,42302.61
6577,Donald Gonzalez,idtvfalj@gmail.com,Mexico,2024-02-17,Standard,733.76
6578,Lisa Brown,y28yh8yb@email.com,Japan,2024-11-08,Standard,41412.57
6579,William Thomas,42ymbwkz@mail.com,Australia,2022-08-24,Basic,8285.75
6580,John Taylor,cy6kjzqk@gmail.com,South Korea,2021-06-21,Basic,21793.27
6581,Matthew Martin,40d0avsk@mail.com,Spain,2023-06-26,Premium,3315.43
6582,Donna Jackson,l7cqvkol@outlook.com,Italy,2020-11-01,Standard,47327.49
6583,Joseph Anderson,vt9mb508@email.com,Australia,2022-01-17,Premium,27038.26
6584,Richard Perez,o5dxffh1@company.com,Australia,2022-11-03,Standard,21673.15
6585,Nancy Lee,kzzeg855@yahoo.com,Canada,2023-01-15,Standard,7476.83
6586,John Lopez,u79ksse9@gmail.com,South Korea,2024-01-13,Premium,28978.55
6587,Barbara Thompson,g9fljq1j@test.com,Italy,2020-06-12,Standard,4972.2
6588,Patricia Taylor,w8ril6tl@outlook.com,Japan,2021-05-12,Standard,34185.44
6589,Daniel Perez,f89oar9t@test.com,Switzerland,2024-03-22,Premium,2009.85
6590,Karen Harris,a9herqc3@email.com,Brazil,2021-07-20,Standard,780.18
6591,Margaret Lee,0fd51qee@outlook.com,Germany,2021-12-27,Premium,14816.85
6592,Margaret Rodriguez,t4d49pqc@example.com,Germany,2023-01-07,Standard,25730.21
6593,Karen Garcia,rcl44dxv@company.com,Italy,2024-08-08,Standard,20353.97
6594,Daniel Jones,ceekhvra@outlook.com,UK,2021-12-16,Premium,34143.52
6595,Sarah Thompson,zttnomlq@yahoo.com,Switzerland,2022-01-07,Premium,19996.56
6596,Karen Edwards,fgpsg73b@outlook.com,France,2024-01-06,Premium,22873.17
6597,Matthew Miller,jg2fpiw4@gmail.com,Switzerland,2020-02-16,Basic,25974.94
6598,Lisa Jones,vkcdb42e@mail.com,Spain,2023-02-06,Premium,5607.92
6599,Linda Lopez,i93sbffp@test.com,South Korea,2021-09-16,Standard,39377.16
6600,Joseph Martin,y2g0z8ey@yahoo.com,Switzerland,2024-09-03,Premium,11022.87
6601,Christopher Taylor,acuveojr@gmail.com,Mexico,2021-10-15,Basic,2095.35
6602,Nancy Thompson,07szsvj9@outlook.com,Switzerland,2020-02-21,Standard,12338.91
6603,William Anderson,v5bgh3ew@test.com,Norway,2023-02-14,Premium,45980.13
6604,Susan Harris,un7yhufh@yahoo.com,Germany,2023-09-08,Premium,44989.46
6605,Paul Jackson,4wxmp3so@test.com,Mexico,2023-07-27,Standard,32354.3
6606,Charles Martin,p150831o@gmail.com,Mexico,2022-10-15,Basic,42593.64
6607,Sarah Rodriguez,8ihtzjuq@outlook.com,Spain,2020-08-08,Basic,7443.57
6608,Barbara Taylor,1ul23x58@outlook.com,Brazil,2022-05-13,Premium,15166.24
6609,Joseph Thompson,ce46vvqh@email.com,USA,2024-12-17,Standard,34673.64
6610,Andrew White,7t3ayolw@email.com,Germany,2020-08-09,Standard,30049.99
6611,John Reeves,cyfcksym@email.com,Norway,2021-03-13,Standard,10340.04
6612,Joseph Davis,9vyh2g68@email.com,Australia,2020-02-27,Basic,47810.85
6613,Joseph Thomas,62e488c6@yahoo.com,India,2021-12-18,Basic,2544.2
6614,Kimberly Lopez,xg4zsbxe@company.com,Australia,2021-10-15,Standard,14194.02
6615,Emily Harris,5vymgfk9@yahoo.com,China,2020-07-01,Premium,3406.64
6616,Betty Hernandez,pk4nyfa9@mail.com,USA,2023-09-22,Basic,2315.53
6617,Matthew Moore,wjsgdtvg@outlook.com,France,2021-09-07,Premium,27575.62
6618,Mark Miller,tpc1cbwy@mail.com,USA,2023-06-14,Basic,27296.89
6619,Matthew Rodriguez,7vmq0o59@mail.com,Switzerland,2021-01-13,Premium,38187.67
6620,Steven Edwards,s1j71zyx@test.com,Australia,2021-10-02,Standard,11363.53
6621,Paul Hernandez,gsl4jfm4@outlook.com,Switzerland,2022-04-16,Basic,26750.42
6622,Matthew Smith,1t9bb3ww@test.com,Netherlands,2022-05-02,Standard,45986.72
6623,David Reeves,tx0rnpks@gmail.com,India,2024-09-16,Basic,26372.82
6624,William Hernandez,b3a2wq0g@example.com,Switzerland,2023-05-30,Premium,2337.29
6625,Barbara Thomas,80piqviy@company.com,Japan,2023-10-22,Premium,13054.53
6626,Ashley Brown,msu1dves@outlook.com,Norway,2023-09-30,Standard,36919.91
6627,Robert Reeves,grjy3bzb@test.com,Sweden,2021-04-29,Standard,40735.61
6628,Robert Davis,w2nu078q@yahoo.com,Germany,2020-10-26,Premium,22913.03
6629,David Reeves,fhb7n0nz@gmail.com,France,2022-05-16,Standard,2125.72
6630,Robert Garcia,wbtd85ca@company.com,Canada,2020-09-11,Basic,32459.11
6631,Richard Thompson,pmb8ucn5@company.com,Spain,2021-07-25,Standard,5110.79
6632,Linda Miller,ldv59v39@company.com,Australia,2023-01-27,Premium,21188.43
6633,James Brown,ps58h4m2@company.com,USA,2022-04-08,Basic,8550.27
6634,Nancy Roberts,rdidiurf@company.com,Spain,2024-06-19,Standard,19476.81
6635,Joseph Reeves,chcnmb9v@test.com,Australia,2021-12-10,Standard,33043.26
6636,Nancy Williams,qptip87j@gmail.com,Germany,2022-05-27,Premium,4315.17
6637,Sandra Moore,bj2hu64n@gmail.com,Brazil,2021-08-11,Basic,33711.5
6638,Thomas Hernandez,zjdilxp8@test.com,Germany,2022-02-06,Premium,49524.16
6639,Richard Harris,3uypvsc4@test.com,Italy,2023-04-20,Premium,36548.04
6640,Sandra Jackson,46jitgjz@mail.com,India,2020-12-19,Basic,42356.94
6641,Robert White,5389m8jk@test.com,South Korea,2022-10-22,Basic,46332.69
6642,Sarah Miller,lobrso7g@test.com,Sweden,2022-12-28,Standard,35865.81
6643,Andrew Harris,6qv8qdga@outlook.com,Italy,2024-04-30,Premium,47300.43
6644,Donald Thomas,47grorih@outlook.com,USA,2022-08-02,Standard,33724.19
6645,Sandra Taylor,e31ulqkj@email.com,South Korea,2020-07-25,Basic,31210.6
6646,William Wilson,v5axi7c6@company.com,Brazil,2020-04-05,Premium,15457.32
6647,Margaret Moore,r50siyo6@outlook.com,Germany,2020-12-03,Standard,43505.41
6648,Patricia Johnson,0opuhkgm@email.com,Japan,2022-03-14,Premium,1553.12
6649,Jennifer Edwards,nmoag6x5@email.com,India,2022-11-17,Premium,2459.38
6650,Paul Collins,ipx504n3@email.com,Brazil,2022-03-13,Standard,43612.21
6651,Andrew Thompson,mn6dkgl3@yahoo.com,Canada,2023-03-15,Premium,31474.89
6652,Jessica Jackson,3kcjkdt2@test.com,South Korea,2023-03-01,Premium,17238.0
6653,Donna Thompson,hqwbosyy@outlook.com,Spain,2024-12-19,Basic,41160.07
6654,Thomas Reeves,4vaha3vw@test.com,France,2023-05-08,Premium,44165.38
6655,John Rodriguez,ixux8ffv@email.com,Italy,2023-04-15,Premium,20252.97
6656,Sarah Collins,194ssaeo@example.com,Netherlands,2023-07-07,Premium,44423.03
6657,Charles Roberts,s32o4d2l@mail.com,China,2020-10-18,Standard,32820.62
6658,Daniel Lopez,yv23s7my@example.com,Norway,2022-10-13,Standard,16198.9
6659,Steven Lopez,ujtjmyuv@email.com,Australia,2020-04-11,Standard,47500.45
6660,Joseph Anderson,0f3u6uaq@yahoo.com,South Korea,2020-09-13,Standard,25235.93
6661,Betty Martinez,rfbr49ux@company.com,France,2024-04-01,Basic,42430.86
6662,Susan Martinez,w3fvdw3g@gmail.com,India,2020-04-03,Basic,38879.29
6663,Sarah Davis,llm12zh8@email.com,Sweden,2021-01-28,Standard,6149.35
6664,Patricia Martin,hx34h2zn@example.com,Sweden,2023-02-07,Standard,47455.67
6665,Andrew Lopez,id0yimmp@company.com,Germany,2023-06-23,Premium,23691.66
6666,Ashley Moore,g8oc72jl@gmail.com,Japan,2020-12-14,Standard,30869.39
6667,Thomas Martin,v49s663j@gmail.com,Canada,2024-12-05,Premium,18853.13
6668,Robert Lee,4fg85uw1@yahoo.com,China,2021-10-25,Standard,34891.25
6669,Barbara Hernandez,gtw7dn00@mail.com,Italy,2023-08-20,Premium,4396.09
6670,Joseph Moore,8ya7q9q9@mail.com,Mexico,2022-01-07,Premium,35763.85
6671,Donald Gonzalez,gs5mhb5o@example.com,Norway,2024-11-06,Premium,15284.97
6672,Mark Wilson,q02xvdh2@company.com,Japan,2020-04-28,Premium,34522.16
6673,Patricia Jones,bwwg2lv0@yahoo.com,Sweden,2023-02-13,Basic,46479.69
6674,Steven Edwards,fhwx0iou@example.com,Germany,2022-11-09,Basic,28434.76
6675,William Gonzalez,pcnx3d0g@company.com,Spain,2024-01-22,Premium,27538.49
6676,Jessica Garcia,l9xklwun@example.com,Brazil,2021-05-28,Premium,3117.38
6677,Joseph Garcia,0qtq6p8p@yahoo.com,Italy,2020-01-05,Premium,40436.77
6678,Christopher Martinez,k5lu0t7p@test.com,Australia,2022-03-21,Premium,36519.36
6679,Charles Rodriguez,7ztbli6i@gmail.com,Mexico,2021-03-11,Basic,45869.04
6680,William Johnson,m2d1uvi5@mail.com,Australia,2023-02-22,Standard,37905.42
6681,Nancy Lee,tk95lof1@test.com,India,2021-08-03,Basic,39391.1
6682,Sandra Thompson,laffmmq2@example.com,USA,2023-08-22,Standard,45917.55
6683,Steven Wilson,dt0exehk@yahoo.com,Germany,2021-02-07,Basic,34752.9
6684,Matthew Johnson,yhrxry26@test.com,China,2024-07-04,Standard,23720.29
6685,Sarah Martin,soab2boi@test.com,Netherlands,2020-08-20,Basic,6716.89
6686,Barbara Edwards,2bze4ep5@gmail.com,Switzerland,2020-12-16,Basic,41628.09
6687,Paul Perez,vm1lmt2k@outlook.com,France,2022-07-04,Standard,43460.75
6688,Joseph Rodriguez,5ji5gfj1@gmail.com,USA,2020-02-10,Premium,47518.86
6689,Mary Jackson,7u3oxdxl@example.com,Spain,2021-01-08,Basic,6364.14
6690,Margaret Martin,yw7vxka2@company.com,Brazil,2021-12-16,Basic,36088.42
6691,Matthew Johnson,d7hyr1w9@gmail.com,USA,2020-12-23,Premium,41893.25
6692,James Johnson,yprxpnbk@company.com,Australia,2024-04-13,Premium,8723.03
6693,James Thompson,yovvrm4b@outlook.com,UK,2024-01-16,Basic,9373.44
6694,Mary Brown,sbcgozcd@email.com,France,2022-11-18,Basic,38751.65
6695,Mark Jackson,xic8d2ml@gmail.com,Netherlands,2023-02-10,Standard,4896.54
6696,Sarah White,blz0abyq@outlook.com,Canada,2023-11-24,Basic,31023.51
6697,Robert Anderson,f16tawax@mail.com,France,2021-11-30,Basic,14507.88
6698,Joseph Johnson,069kugkg@company.com,UK,2021-05-02,Standard,31091.89
6699,Barbara Hernandez,mv9ng32d@test.com,France,2020-09-23,Basic,37178.71
6700,Nancy Smith,g3qxmg62@test.com,India,2023-05-23,Basic,16300.52
6701,David Rodriguez,1nt2rzch@yahoo.com,Netherlands,2021-04-09,Standard,38357.78
6702,Donald Hernandez,jwhp5s1z@yahoo.com,France,2023-04-06,Basic,38330.3
6703,Mary Martinez,hcyb9912@mail.com,Brazil,2020-03-31,Premium,5912.24
6704,Richard Brown,l10o9cr6@company.com,France,2023-05-20,Standard,35656.14
6705,Donna Perez,34nw19bs@mail.com,Norway,2020-01-20,Basic,31570.19
6706,John Roberts,y51j6w59@test.com,Brazil,2022-11-23,Premium,33754.04
6707,Sarah Brown,3qc7pw3r@gmail.com,Norway,2023-10-11,Premium,22951.38
6708,Nancy Moore,2ln9co6d@yahoo.com,Australia,2021-07-19,Premium,11166.85
6709,Mary Jackson,z3h62t31@outlook.com,Mexico,2020-10-19,Basic,16507.13
6710,Jennifer Wilson,ai5vtvt4@mail.com,Germany,2020-07-25,Standard,49672.22
6711,Betty Martin,55kwf26c@example.com,Japan,2023-07-04,Standard,4337.3
6712,Jennifer Martin,24s6le2g@email.com,Germany,2021-02-23,Premium,19473.37
6713,Robert Smith,g4hykkf1@yahoo.com,Canada,2024-02-22,Premium,33772.43
6714,Jennifer Johnson,3115h6b8@email.com,UK,2024-04-20,Standard,6502.65
6715,Susan Reeves,9theu9t1@company.com,South Korea,2020-06-07,Premium,8566.73
6716,Ashley Johnson,qcwclqgh@email.com,Switzerland,2022-01-08,Standard,20052.12
6717,Ashley Gonzalez,i4q25486@outlook.com,Japan,2020-03-03,Premium,26360.56
6718,Michael Lopez,wwaum06t@email.com,UK,2021-11-06,Standard,18532.55
6719,Joseph Hernandez,70iyu5co@test.com,Sweden,2023-11-21,Basic,31253.04
6720,Donald Taylor,j3r0ukw1@outlook.com,Spain,2021-09-14,Standard,29971.55
6721,Susan Brown,qq41zars@yahoo.com,Canada,2023-04-01,Premium,10455.54
6722,Joseph Perez,kvphfste@outlook.com,Mexico,2024-02-26,Basic,20251.48
6723,Barbara Johnson,3b88tyt2@test.com,Germany,2023-01-05,Premium,30551.94
6724,Betty Anderson,7y12a5in@gmail.com,Japan,2022-12-14,Standard,24055.46
6725,Kimberly Roberts,7zve7kwz@gmail.com,Switzerland,2021-08-06,Premium,35182.86
6726,Barbara Davis,5bugwxc2@example.com,Germany,2023-12-22,Basic,3526.54
6727,Sandra Anderson,ihdoau3f@mail.com,Japan,2024-03-29,Basic,1778.48
6728,Emily Wilson,2z6d8li1@example.com,Sweden,2023-09-05,Standard,17142.2
6729,Margaret Johnson,j4wuewp9@outlook.com,Norway,2021-01-04,Premium,5026.35
6730,Thomas Lopez,8eog3mal@company.com,Norway,2020-12-15,Basic,39111.3
6731,Richard Martin,sqgaovv4@example.com,South Korea,2020-07-26,Standard,28314.07
6732,Ashley Garcia,ppxzyzce@mail.com,Australia,2020-11-09,Standard,43714.99
6733,Matthew Thomas,75nqk92s@outlook.com,Sweden,2023-08-05,Premium,41515.32
6734,Robert Martin,4e0b61g0@gmail.com,France,2022-05-10,Standard,28660.18
6735,William Edwards,v5erofxz@yahoo.com,Spain,2022-06-10,Standard,34185.27
6736,Richard Martin,ju6h2l8t@company.com,USA,2020-03-19,Standard,38252.16
6737,Matthew Harris,tc3jiuxe@yahoo.com,Sweden,2024-06-18,Basic,31793.19
6738,Christopher Miller,7245m8tb@email.com,South Korea,2020-11-17,Premium,24453.27
6739,Jennifer Harris,fa6xkz2d@mail.com,South Korea,2023-06-10,Basic,1669.0
6740,Linda Thompson,pojjez88@yahoo.com,Netherlands,2021-03-15,Basic,38532.66
6741,Karen Williams,xnx9f9id@email.com,India,2020-10-26,Premium,46789.14
6742,Joseph Jackson,ggu9fj0q@yahoo.com,France,2020-07-28,Basic,45679.27
6743,Donna Martin,89lxrgv7@company.com,India,2021-12-01,Standard,12722.22
6744,Sandra Miller,5ua81zep@outlook.com,USA,2022-07-25,Standard,26158.94
6745,Richard Perez,qi0odh46@outlook.com,Netherlands,2020-08-09,Premium,11088.83
6746,Ashley White,jmf6mdnr@test.com,Norway,2023-07-31,Standard,39695.28
6747,Donald Martinez,hdgokmvl@gmail.com,Sweden,2021-04-19,Standard,44792.11
6748,Michael Brown,ux94xbmp@email.com,Germany,2022-06-26,Standard,8925.27
6749,Daniel Moore,luimfuth@mail.com,India,2022-09-09,Premium,31567.01
6750,Mark Reeves,3q68sty5@example.com,Germany,2021-07-14,Standard,40406.81
6751,Sandra Williams,7ljsiasr@company.com,China,2023-10-11,Standard,21254.9
6752,Donna White,1ejayllw@gmail.com,Netherlands,2020-07-06,Standard,45141.83
6753,Sandra Harris,ngpaerr6@email.com,China,2023-05-20,Basic,35925.96
6754,Nancy Martin,nlxwzvcl@mail.com,Norway,2021-10-18,Standard,3030.17
6755,Charles Smith,uv05fjho@gmail.com,France,2024-01-06,Standard,40014.9
6756,Emily Hernandez,15gcofu8@company.com,USA,2020-06-30,Standard,30405.06
6757,Betty Lopez,7sxvi9rg@yahoo.com,Canada,2021-12-19,Premium,25379.9
6758,Sarah Lopez,wzhb28pj@test.com,Germany,2024-08-01,Standard,44110.86
6759,Michael Rodriguez,4rtwaz1c@yahoo.com,Germany,2023-07-17,Basic,40527.69
6760,Patricia Martinez,q8zgaaek@email.com,Spain,2022-03-19,Premium,45279.36
6761,Margaret Williams,6sq09n2i@yahoo.com,Germany,2020-07-29,Basic,11109.45
6762,Daniel Perez,00tepeog@yahoo.com,India,2020-09-12,Basic,38897.23
6763,Karen Jackson,953hrxrb@outlook.com,UK,2024-05-05,Premium,1477.62
6764,Lisa Moore,bvt0gnfo@mail.com,South Korea,2024-09-22,Basic,1856.11
6765,Christopher Collins,fmhtn2p6@yahoo.com,Netherlands,2022-03-08,Standard,10620.41
6766,Karen Thomas,iigd4w4s@gmail.com,Japan,2023-11-18,Standard,5410.51
6767,Andrew Davis,a5zdd23q@test.com,Canada,2023-09-15,Standard,14555.69
6768,Emily Hernandez,wob0djo0@company.com,Switzerland,2023-05-27,Standard,45231.04
6769,Margaret Jones,trksp7mg@company.com,India,2020-06-27,Basic,32092.12
6770,Jennifer Taylor,micgiyh3@company.com,UK,2020-01-08,Premium,30081.08
6771,Matthew Anderson,tz40d623@test.com,Australia,2021-10-13,Basic,11837.5
6772,Patricia White,9sfydm1v@email.com,Sweden,2023-12-27,Premium,6269.72
6773,Donald Moore,ft6j50jf@outlook.com,Canada,2022-07-13,Premium,39380.22
6774,Betty Gonzalez,9by8vu48@example.com,Mexico,2023-05-12,Basic,40522.98
6775,Karen White,wsl5rwy5@gmail.com,Switzerland,2020-05-14,Basic,24809.14
6776,Mary White,gmz9hvj3@test.com,Australia,2021-11-23,Basic,25533.38
6777,Matthew Anderson,ocwxfbt4@email.com,South Korea,2020-07-30,Premium,27548.16
6778,Mark Thompson,i6xi24z2@gmail.com,France,2024-03-13,Premium,15665.4
6779,Ashley Harris,bqeu2gst@yahoo.com,Spain,2023-03-06,Basic,10880.6
6780,David Jackson,9tuoff6d@gmail.com,Sweden,2024-02-29,Premium,42919.31
6781,Karen Rodriguez,bvha688j@outlook.com,Switzerland,2024-04-07,Premium,33309.26
6782,Charles Roberts,snkg2d1f@company.com,Australia,2023-10-27,Premium,11628.25
6783,Kimberly Brown,qhc0mu7o@yahoo.com,China,2022-03-11,Basic,44695.19
6784,Margaret Jones,jfy3xwcl@example.com,Germany,2024-01-18,Premium,10464.28
6785,James Smith,v92thoel@company.com,China,2021-04-02,Basic,13252.46
6786,Donna Taylor,d53elo8y@outlook.com,USA,2020-08-15,Premium,43801.76
6787,David Garcia,xq0co9s1@example.com,Italy,2023-08-15,Standard,11440.22
6788,Susan Smith,3m9i7o16@gmail.com,Germany,2023-12-02,Standard,44725.04
6789,Donald Roberts,4y1bjp5d@yahoo.com,Italy,2024-07-09,Standard,48620.31
6790,Emily Rodriguez,d933m6ti@yahoo.com,Switzerland,2021-12-02,Basic,2915.99
6791,James Edwards,0mw5ut9c@example.com,Japan,2021-02-19,Standard,29731.93
6792,Emily Martin,07ijiexv@email.com,Switzerland,2021-12-23,Premium,17743.91
6793,Charles Wilson,krgpf2e1@example.com,Spain,2024-04-12,Basic,33516.21
6794,Steven Thompson,wofllxib@yahoo.com,South Korea,2021-08-30,Standard,11326.0
6795,Susan Williams,0txi0caw@gmail.com,Australia,2024-06-22,Basic,7493.46
6796,Daniel Jones,fwyvvwys@gmail.com,Canada,2023-09-27,Premium,29187.64
6797,Sarah Thompson,e8cd4zyq@outlook.com,Netherlands,2024-01-27,Premium,760.51
6798,William Perez,1mggyan4@example.com,Japan,2022-04-06,Standard,25677.04
6799,Betty Lopez,01gk0bd3@example.com,Netherlands,2024-08-14,Basic,12700.85
6800,Donna Wilson,2b1bwlen@email.com,Japan,2023-05-03,Standard,49522.44
6801,Karen Martinez,69rneuf1@company.com,China,2022-02-01,Premium,26688.84
6802,Mark Roberts,vxdscz0k@yahoo.com,Brazil,2022-09-24,Basic,29692.66
6803,David Jackson,cpjznrcb@mail.com,Mexico,2023-03-25,Premium,38304.74
6804,William Moore,c4uvuw3q@example.com,Japan,2021-03-20,Premium,44154.51
6805,Betty Brown,ib0nfoa6@company.com,Sweden,2022-06-01,Basic,19144.1
6806,Sarah White,mr11pi25@yahoo.com,Australia,2022-12-18,Premium,14481.03
6807,William Jackson,pi5u38b8@company.com,France,2024-06-01,Premium,18241.79
6808,Mary Miller,ip6od5e8@example.com,USA,2023-05-02,Premium,22649.01
6809,Kimberly Taylor,63xtc1a2@outlook.com,Germany,2021-06-10,Premium,28969.55
6810,Patricia Collins,5n033ri5@example.com,Germany,2023-08-04,Standard,5956.9
6811,Richard Wilson,2yidpzid@yahoo.com,Mexico,2024-09-13,Premium,20412.54
6812,Michael Martin,z0k4twvk@yahoo.com,South Korea,2021-08-03,Basic,30551.05
6813,Mark Davis,a7v9w96o@outlook.com,UK,2023-02-06,Premium,36319.46
6814,Betty Lee,qst6bcqa@test.com,Spain,2023-05-29,Standard,47424.36
6815,Barbara Davis,11dgqyrj@gmail.com,UK,2022-03-26,Basic,28017.71
6816,Paul Harris,wrf2lmcn@outlook.com,South Korea,2020-12-26,Basic,22174.18
6817,Christopher Reeves,kq2d6yec@outlook.com,UK,2022-10-07,Basic,46963.51
6818,James White,zeoalfjt@gmail.com,Brazil,2023-04-13,Basic,42939.82
6819,Charles Thomas,5v107bjt@outlook.com,Spain,2023-10-12,Standard,30313.54
6820,William Edwards,ynso8y9u@outlook.com,China,2020-06-16,Premium,4656.21
6821,Donald Taylor,p77wsv9a@company.com,Brazil,2024-06-14,Basic,3912.02
6822,Paul Martin,b4abzgfr@test.com,Germany,2022-12-30,Standard,48527.29
6823,Sarah Edwards,5k6ib3rh@yahoo.com,China,2023-11-20,Premium,19084.39
6824,Karen Rodriguez,8i3t1gp0@company.com,India,2020-01-25,Standard,11909.65
6825,Joseph Reeves,rxl4u6da@company.com,Switzerland,2023-08-04,Standard,40573.67
6826,Lisa Edwards,61sez23c@test.com,Sweden,2023-02-22,Premium,11649.77
6827,Matthew Lee,jet13peb@test.com,India,2022-04-16,Standard,42981.48
6828,Betty Lee,wp1cybil@example.com,China,2020-11-25,Premium,49133.37
6829,Paul Brown,72vdx4wl@mail.com,Sweden,2022-06-21,Premium,25437.27
6830,Joseph Wilson,ef8qgzby@company.com,Mexico,2021-03-08,Premium,5903.75
6831,Christopher Martin,pitywo4m@test.com,Italy,2020-05-16,Standard,13659.75
6832,William Brown,apovgj42@email.com,Spain,2024-01-23,Premium,4328.12
6833,John Smith,hssahoxl@yahoo.com,Spain,2021-02-04,Premium,23038.06
6834,Karen Rodriguez,vxb68g7d@gmail.com,Netherlands,2023-06-07,Premium,49320.99
6835,Michael Rodriguez,45r81qa6@yahoo.com,France,2020-11-15,Standard,11373.48
6836,Thomas Perez,yb1v7f0z@gmail.com,France,2023-02-02,Basic,34568.31
6837,David Johnson,bmamodpz@mail.com,Japan,2022-02-13,Premium,20873.17
6838,Jessica Garcia,fpst8und@example.com,USA,2020-01-08,Premium,22744.3
6839,Sarah Martinez,85p0ijhp@outlook.com,Canada,2021-06-04,Premium,361.68
6840,Susan Gonzalez,5aib9qnv@gmail.com,USA,2024-12-06,Basic,23329.25
6841,Sarah Miller,6z6dtxac@example.com,Mexico,2020-12-23,Basic,7645.9
6842,Andrew Taylor,dt28zmff@company.com,Sweden,2022-03-14,Premium,30038.89
6843,Paul Harris,zqdne1b6@gmail.com,Italy,2021-10-02,Standard,23579.87
6844,Barbara Williams,lkuit4e4@email.com,Mexico,2022-07-12,Premium,32975.2
6845,Ashley Reeves,9yyr1q7c@outlook.com,India,2022-04-03,Premium,38287.09
6846,Paul Thompson,qs6v8mrf@mail.com,South Korea,2023-09-14,Premium,24585.02
6847,James Johnson,sl6h20v9@email.com,Spain,2023-08-31,Premium,21437.66
6848,Jessica White,sjqixfhg@mail.com,France,2023-01-06,Basic,21449.61
6849,James Gonzalez,j07fy4qu@company.com,USA,2024-08-10,Standard,29552.3
6850,Joseph Perez,ng464vu6@mail.com,India,2020-03-23,Standard,38220.27
6851,Richard White,9o7icx3w@yahoo.com,USA,2021-07-17,Premium,28023.78
6852,Daniel Reeves,lr9rzfe4@outlook.com,Norway,2020-12-30,Premium,1562.44
6853,Andrew Moore,y65nwud1@outlook.com,UK,2023-06-11,Premium,11713.92
6854,Sandra Rodriguez,noknvm3t@example.com,Brazil,2022-07-04,Basic,40393.27
6855,Emily Rodriguez,q0n1evam@company.com,Mexico,2024-10-30,Premium,15331.02
6856,Thomas Johnson,kmi5z49p@mail.com,Netherlands,2024-05-05,Premium,21350.53
6857,Susan Edwards,41g2tunf@mail.com,Australia,2023-09-11,Premium,25505.34
6858,James Moore,l3tsamv0@example.com,Japan,2020-06-13,Basic,29959.69
6859,Michael Anderson,ykjeaouj@company.com,Norway,2023-04-28,Basic,24341.43
6860,Ashley Perez,0uum0moq@yahoo.com,Japan,2021-08-23,Standard,41843.75
6861,Karen Roberts,y7kmvftm@yahoo.com,Canada,2022-06-10,Premium,47976.97
6862,Thomas Perez,kiordg0t@yahoo.com,Canada,2023-11-04,Standard,42979.55
6863,Michael Smith,2583sedu@email.com,Brazil,2021-01-13,Premium,17635.31
6864,Margaret Garcia,vgy1y66m@example.com,Germany,2022-10-09,Premium,25097.0
6865,Susan Hernandez,ykofitne@mail.com,Sweden,2024-05-22,Basic,8121.35
6866,Patricia Thomas,dgv3vqeh@mail.com,Netherlands,2023-04-02,Standard,18441.04
6867,Jessica Williams,ld9brx0b@example.com,Australia,2024-12-08,Basic,276.31
6868,Nancy Brown,bdpbl1fn@gmail.com,South Korea,2024-02-20,Premium,25721.22
6869,Jessica Wilson,ank41p8b@yahoo.com,Canada,2020-03-30,Basic,16521.79
6870,Linda Williams,5gzpds1f@example.com,Norway,2023-08-31,Basic,48694.75
6871,Joseph White,8m6mtc36@company.com,Norway,2023-10-07,Standard,35831.7
6872,Robert Collins,li4z3ypp@company.com,Mexico,2020-06-06,Premium,43797.93
6873,Mark Miller,xfj81103@yahoo.com,Italy,2023-03-09,Premium,27253.93
6874,Jessica Collins,c18ne2uw@outlook.com,Sweden,2020-08-28,Premium,7128.77
6875,Michael Wilson,0yfxhfje@company.com,Australia,2024-09-08,Premium,35086.24
6876,Steven Moore,xd15lqrb@company.com,Mexico,2020-08-10,Basic,800.95
6877,James Thomas,seog0upt@test.com,France,2023-04-06,Premium,20542.86
6878,Linda Martin,5rpttsz9@outlook.com,Spain,2024-09-15,Basic,42581.97
6879,Patricia Reeves,mfsfk60w@email.com,Spain,2022-07-30,Standard,24205.27
6880,Margaret Roberts,fps00rz3@test.com,Spain,2022-07-31,Premium,4910.04
6881,Michael Thomas,jiyfaas1@gmail.com,Spain,2021-01-10,Standard,445.8
6882,Steven Collins,2ptj8rla@outlook.com,Mexico,2021-07-06,Standard,44439.52
6883,Richard Wilson,8tpcoreh@test.com,Canada,2023-01-20,Basic,36454.13
6884,Lisa Brown,0b6vz306@company.com,Canada,2024-11-23,Basic,2373.41
6885,Jennifer Martin,9t1cvgpx@email.com,Mexico,2024-12-16,Basic,5902.75
6886,Richard Taylor,ygdzdh0w@yahoo.com,USA,2024-10-25,Basic,48082.61
6887,Daniel Thomas,lgc99rai@gmail.com,Mexico,2024-12-07,Basic,30963.56
6888,Donna Collins,rxwidb5n@gmail.com,Norway,2021-08-03,Basic,2822.89
6889,Sandra Miller,b6ywokl2@mail.com,South Korea,2023-04-26,Premium,13812.41
6890,Robert Anderson,slpdzv28@outlook.com,Spain,2020-06-09,Basic,42765.32
6891,Paul Brown,phgvuja5@yahoo.com,France,2021-04-12,Standard,4960.15
6892,Sandra Gonzalez,bh8quy19@email.com,Mexico,2024-07-21,Standard,20984.1
6893,Lisa Miller,xeklrm0a@yahoo.com,Japan,2023-10-22,Basic,41505.06
6894,Karen Jones,4uyh44qr@yahoo.com,Germany,2021-02-10,Premium,5995.22
6895,Mark Lopez,wbuz36jk@test.com,Spain,2022-09-17,Premium,48387.87
6896,Ashley Thomas,xx84nbbl@test.com,South Korea,2023-08-19,Premium,11465.46
6897,Donna Jones,4px238za@gmail.com,Australia,2021-07-06,Basic,8259.35
6898,Steven Collins,dqzpe1bl@example.com,Spain,2021-07-04,Basic,9277.2
6899,James Gonzalez,rk8hcrcu@company.com,Australia,2022-05-04,Premium,40851.57
6900,Thomas Davis,0epseyhr@mail.com,Germany,2022-02-17,Standard,30748.84
6901,Betty White,j0zecc24@example.com,Sweden,2022-09-24,Premium,39260.78
6902,Matthew Perez,dylcttcf@email.com,Netherlands,2023-08-17,Premium,10534.18
6903,Christopher Edwards,etp4x3ok@mail.com,Germany,2022-10-02,Basic,24327.32
6904,Joseph Garcia,bhc6eiq0@example.com,Australia,2020-07-01,Basic,3962.8
6905,Jessica Roberts,lipv8z2g@example.com,Germany,2021-12-07,Standard,2770.13
6906,Michael Moore,24fqroie@example.com,Canada,2022-08-20,Standard,34119.1
6907,Sandra Smith,dgoticwv@gmail.com,South Korea,2024-05-30,Premium,13508.65
6908,Ashley Perez,2i7hqnio@yahoo.com,USA,2021-11-18,Premium,32190.12
6909,Betty Williams,0hwcqf6m@yahoo.com,China,2022-03-02,Basic,28499.03
6910,Robert Martin,3dm17802@email.com,UK,2021-01-29,Premium,5005.14
6911,Susan Hernandez,hwxu3c9z@outlook.com,Spain,2021-02-16,Premium,42794.63
6912,Karen Moore,jpcp4a9t@example.com,Sweden,2022-05-04,Standard,29423.02
6913,Richard Thomas,wjxyzts1@email.com,Canada,2023-05-22,Premium,43414.79
6914,Andrew Collins,vjauwnnv@example.com,USA,2022-01-31,Basic,18941.59
6915,Lisa Jones,j7q1ytuj@outlook.com,France,2020-02-01,Basic,21973.23
6916,Margaret Moore,usdzahqd@gmail.com,Spain,2024-11-19,Basic,18222.48
6917,William Reeves,p6nol2iy@yahoo.com,Australia,2020-02-25,Premium,42179.39
6918,Jessica Collins,ya8xdqhl@test.com,Switzerland,2022-09-04,Basic,4152.37
6919,Nancy Thompson,vezslmmn@company.com,Mexico,2023-02-22,Premium,2310.26
6920,Kimberly Roberts,n2tqa8sh@test.com,Norway,2021-03-21,Premium,4519.29
6921,Andrew Collins,avps9wbi@example.com,Switzerland,2020-09-10,Premium,9219.67
6922,Robert Reeves,hyggyh2b@yahoo.com,Canada,2020-02-14,Basic,44925.19
6923,Linda Martinez,x1sy89yt@gmail.com,Australia,2021-09-03,Basic,45872.8
6924,Barbara Anderson,rnkgkd1a@outlook.com,France,2023-03-04,Basic,17287.94
6925,Ashley Edwards,xetlwgq1@test.com,UK,2024-12-29,Basic,32466.96
6926,Donald Taylor,lck43sd7@email.com,Japan,2024-10-12,Standard,17423.25
6927,Paul Taylor,7khci1fd@yahoo.com,Switzerland,2020-05-24,Premium,22482.24
6928,Patricia Thompson,lmn5785i@yahoo.com,Switzerland,2020-07-26,Standard,40125.8
6929,Karen Garcia,dgqk4m6y@outlook.com,France,2024-10-11,Standard,49983.33
6930,Patricia Martin,xhh3gy41@outlook.com,France,2020-03-11,Premium,30719.46
6931,Emily Perez,0n8fl90v@test.com,Germany,2020-10-06,Basic,3103.74
6932,Betty Martin,dk5ok40j@email.com,UK,2022-05-04,Basic,19187.2
6933,Mark Lee,qwkinepf@yahoo.com,USA,2021-06-26,Premium,12643.1
6934,Sandra Moore,jo4uaxak@test.com,Japan,2023-06-22,Basic,27854.67
6935,Jennifer Davis,w1au3jwb@mail.com,Canada,2022-04-10,Basic,24095.52
6936,Donald Miller,g6yl58ap@test.com,UK,2021-06-24,Basic,7475.02
6937,Michael Martin,7p7rgsl2@test.com,Netherlands,2023-12-14,Premium,27779.05
6938,Michael White,hkoge17r@yahoo.com,Spain,2023-07-19,Premium,40279.13
6939,Charles Martinez,hety58sc@test.com,Japan,2023-01-21,Premium,24810.5
6940,Donna Thompson,e1cw2e5f@mail.com,USA,2022-06-24,Basic,34489.98
6941,Lisa Wilson,m2t7no3h@company.com,France,2022-01-08,Standard,13016.75
6942,Christopher Williams,ra3m6r1c@company.com,Australia,2023-02-05,Premium,3440.51
6943,Christopher Lee,xh0a7c8q@gmail.com,France,2023-09-15,Premium,48922.11
6944,Kimberly Taylor,oevibb80@yahoo.com,USA,2024-06-26,Premium,21322.34
6945,Betty Martinez,ekr51d9j@outlook.com,India,2021-05-21,Basic,11884.42
6946,Charles Garcia,n6kbsr3c@company.com,Germany,2020-01-08,Standard,18326.68
6947,Daniel Gonzalez,ziozy9gc@email.com,Germany,2024-08-17,Premium,11030.92
6948,Patricia Jackson,v32of6ai@company.com,Switzerland,2023-12-06,Premium,6016.64
6949,Sarah Gonzalez,imr5rogp@example.com,Canada,2023-08-10,Standard,3393.58
6950,Thomas Brown,v3y9mz70@mail.com,Switzerland,2021-03-06,Basic,19076.63
6951,Linda Johnson,n5a38jnl@example.com,Brazil,2020-06-29,Premium,27884.77
6952,Donna Davis,y8tnfvam@gmail.com,Mexico,2021-11-16,Basic,30331.64
6953,Donna Martin,ftpycm9g@example.com,China,2024-02-23,Basic,38466.38
6954,Betty Gonzalez,p5hgit0x@gmail.com,Spain,2022-07-04,Standard,21802.09
6955,Mary Roberts,rikiush9@example.com,USA,2021-04-02,Standard,5381.22
6956,Lisa Perez,y1km0kic@example.com,Switzerland,2024-04-25,Standard,49471.13
6957,Patricia Brown,y12ecw0s@company.com,Italy,2024-10-29,Basic,12224.97
6958,Jennifer Thompson,7gcid8ca@test.com,Brazil,2021-01-17,Basic,45900.94
6959,Donna Martin,19tkryz6@email.com,Norway,2021-12-19,Basic,12633.94
6960,Jennifer Thomas,zwpwsdwv@outlook.com,Germany,2023-11-10,Premium,6151.15
6961,James Anderson,4kpvmz7z@outlook.com,Spain,2020-12-10,Standard,10539.44
6962,Donna Reeves,eq5u62ji@test.com,Italy,2024-08-18,Premium,31542.88
6963,Kimberly Reeves,rnldubyl@company.com,Brazil,2023-09-19,Premium,5765.89
6964,Richard Martin,3j8jcfd9@test.com,Japan,2024-04-04,Basic,26281.56
6965,Jennifer Martin,ava61ckx@email.com,Brazil,2020-05-07,Premium,19410.7
6966,Donna Reeves,0ymqcw12@company.com,Netherlands,2023-11-13,Premium,27607.72
6967,Karen White,9b5ex9z9@mail.com,Germany,2024-05-19,Standard,40246.22
6968,Betty Harris,hm45t4u2@yahoo.com,Netherlands,2021-03-07,Premium,29688.4
6969,Michael Harris,w0ikpyay@email.com,Mexico,2022-01-15,Standard,13787.74
6970,Barbara Thompson,pfrwcdxv@example.com,Mexico,2023-09-23,Premium,13710.15
6971,Charles Anderson,jld5d3sd@email.com,Mexico,2024-05-14,Standard,40688.0
6972,Andrew Smith,vkvm53m2@company.com,Netherlands,2024-03-07,Premium,27494.61
6973,Paul Johnson,xgkjtwdv@test.com,Brazil,2022-01-21,Basic,45193.2
6974,John Thompson,rrjbj7v9@mail.com,China,2023-08-13,Standard,12648.11
6975,Patricia Lopez,pnmcr33d@outlook.com,Italy,2024-02-19,Premium,9753.16
6976,Mary Johnson,r50nfqt9@gmail.com,Germany,2020-09-13,Standard,32200.94
6977,Emily Lee,mceqe5sw@gmail.com,France,2022-02-21,Basic,7854.35
6978,Donna Williams,71v8kart@mail.com,Spain,2023-02-08,Standard,32132.3
6979,Donald Martinez,lxw7jw0p@yahoo.com,Australia,2020-02-08,Basic,31230.69
6980,Margaret Perez,j3fk6ez1@yahoo.com,India,2021-11-11,Premium,41730.11
6981,Patricia Garcia,g9q1m62y@yahoo.com,South Korea,2023-01-25,Standard,7493.24
6982,Patricia Rodriguez,ax074mio@email.com,China,2023-11-20,Premium,8218.62
6983,Nancy Perez,u663hh1k@gmail.com,China,2020-05-02,Basic,2798.79
6984,Sarah Jackson,3xgt3o1j@outlook.com,Mexico,2024-07-10,Premium,30996.32
6985,Nancy Roberts,jlr7ux2v@gmail.com,France,2024-02-17,Basic,20314.1
6986,Jennifer Thomas,6cedhafs@example.com,Canada,2022-02-25,Basic,19396.81
6987,Emily Wilson,zyi5eqth@outlook.com,Japan,2020-08-16,Standard,45658.61
6988,William Davis,pvsqbjzp@example.com,Switzerland,2024-03-03,Premium,26484.57
6989,Jennifer Gonzalez,rkwlrtz9@company.com,Australia,2023-12-27,Premium,7781.7
6990,Christopher Edwards,kosspfoz@example.com,India,2020-11-21,Basic,19322.3
6991,Nancy Brown,6wlz6huj@gmail.com,Norway,2023-12-12,Basic,36598.17
6992,Mark Edwards,abwyj5km@yahoo.com,Switzerland,2023-03-20,Basic,37863.58
6993,Donald Moore,rzut86sk@example.com,Netherlands,2022-02-26,Standard,37836.88
6994,Ashley Anderson,fsk6a1hf@example.com,China,2023-06-20,Premium,43889.55
6995,Paul Jones,2fjd8ys4@outlook.com,China,2021-11-27,Premium,31852.72
6996,Lisa Gonzalez,3sbupkkk@mail.com,Brazil,2023-03-15,Basic,10579.62
6997,Patricia Wilson,2v43uu23@example.com,Sweden,2020-08-23,Premium,48802.88
6998,Emily Martinez,kvwhp67b@yahoo.com,Brazil,2021-05-26,Standard,49690.68
6999,Jessica Johnson,0ogbq3wh@example.com,South Korea,2021-10-22,Premium,37416.37
7000,Matthew Martin,ph4tbr2h@email.com,Germany,2020-11-29,Basic,38399.06
7001,Nancy Anderson,yt1n1esm@mail.com,Italy,2022-01-29,Standard,18350.01
7002,Richard Lopez,no6zgbhn@yahoo.com,Japan,2020-07-17,Premium,15942.65
7003,Emily Lee,wrngbqji@outlook.com,Australia,2021-10-11,Basic,19190.25
7004,Joseph Jones,uufalzwj@outlook.com,Mexico,2021-11-26,Premium,20381.37
7005,Andrew Martinez,0uf2228l@mail.com,UK,2024-08-14,Premium,29694.57
7006,Charles Edwards,7zx6o1yd@email.com,Germany,2024-11-12,Standard,12921.22
7007,Lisa Lee,yegl0b54@example.com,Japan,2022-11-24,Basic,7310.86
7008,Linda Taylor,lwbrxq32@test.com,China,2023-08-29,Standard,2886.02
7009,Michael Garcia,ycc4apmv@company.com,USA,2024-03-04,Standard,28693.42
7010,Karen Brown,zc5ica6r@yahoo.com,Germany,2021-03-23,Basic,45813.88
7011,Donald Garcia,9ym641co@mail.com,USA,2024-10-08,Basic,25929.7
7012,David Taylor,c2uzv0gk@company.com,Switzerland,2024-01-12,Premium,30036.5
7013,Barbara Miller,h1h5i4db@example.com,Germany,2024-09-19,Premium,16329.11
7014,Christopher Taylor,7hth7yko@yahoo.com,France,2023-03-23,Standard,38912.35
7015,Linda Smith,m8qrx85r@outlook.com,Brazil,2020-08-14,Standard,21803.03
7016,Sandra Williams,sf9tahpg@example.com,Spain,2023-05-12,Premium,6902.96
7017,Susan Martinez,nfet3a52@test.com,UK,2023-11-09,Standard,29474.13
7018,Ashley Smith,9w0xzzu1@gmail.com,France,2024-01-25,Basic,36353.77
7019,Kimberly Anderson,rrwq1zp6@mail.com,Italy,2023-07-31,Basic,18589.21
7020,David Thomas,kanzhghj@test.com,UK,2020-07-13,Standard,42652.25
7021,Steven Lee,7549um6s@outlook.com,China,2023-03-14,Premium,10345.81
7022,Sandra Anderson,uatdgfhj@company.com,Australia,2024-04-01,Premium,22467.75
7023,Robert Garcia,tak8aoo2@yahoo.com,Switzerland,2022-07-22,Basic,3244.51
7024,Mary Perez,h5d81cx8@email.com,Norway,2022-05-12,Standard,47691.53
7025,John Thomas,d0ez69fw@outlook.com,Italy,2023-09-16,Standard,3315.01
7026,Robert Gonzalez,av48kf2t@yahoo.com,Sweden,2020-03-03,Standard,11734.57
7027,David Johnson,7v6xq99t@company.com,South Korea,2022-05-15,Premium,21381.65
7028,Richard Rodriguez,zmsnwqfx@email.com,Brazil,2021-06-11,Basic,33279.04
7029,Thomas Reeves,0n7wrm2n@mail.com,Germany,2020-06-02,Standard,42901.1
7030,Ashley Taylor,9n7la07b@test.com,Germany,2022-11-10,Standard,4097.43
7031,Thomas Gonzalez,fsbh63fg@gmail.com,Canada,2021-08-18,Standard,31294.11
7032,Steven Lopez,wdotd88z@gmail.com,Japan,2021-04-21,Basic,31463.17
7033,Jessica Reeves,ekz3rolc@test.com,China,2022-10-22,Basic,31053.88
7034,Charles Lopez,w62z10i4@company.com,Mexico,2023-11-04,Premium,48461.44
7035,Karen Anderson,uqjmnpwr@yahoo.com,UK,2021-08-10,Premium,34316.45
7036,William Williams,msjn7lzw@test.com,Norway,2024-01-31,Standard,36679.7
7037,Mark Taylor,zp4mwl4a@mail.com,Italy,2021-02-05,Basic,9878.11
7038,Joseph Wilson,qat1ptg3@gmail.com,Spain,2022-04-05,Basic,35234.39
7039,Donna Lee,9xxkxwoq@gmail.com,Norway,2021-02-17,Basic,4527.84
7040,Richard Lee,a57w6r7m@test.com,Italy,2020-09-24,Basic,20912.86
7041,William Martin,6cyihsz9@mail.com,France,2022-09-18,Premium,43190.8
7042,Donald Brown,050yizm7@example.com,USA,2023-10-10,Basic,44721.07
7043,Richard Martin,16ykgevn@outlook.com,UK,2024-07-06,Standard,38065.07
7044,Matthew Taylor,nxi130w0@outlook.com,South Korea,2021-06-11,Standard,40154.03
7045,Susan Rodriguez,53mrhmhx@mail.com,France,2022-08-03,Premium,49411.24
7046,Lisa Williams,7fqyug28@gmail.com,Netherlands,2022-09-17,Premium,18398.53
7047,Karen Martin,oq35mob1@email.com,Switzerland,2023-02-12,Premium,33942.26
7048,Donald Hernandez,cax7vic2@example.com,Netherlands,2024-08-04,Premium,5425.21
7049,Karen Anderson,6qxsk33x@test.com,Netherlands,2024-12-27,Premium,35479.76
7050,Jennifer Rodriguez,j2yt5rxd@email.com,Germany,2021-12-28,Standard,23178.77
7051,William Roberts,f1htutdv@outlook.com,France,2021-07-19,Standard,5161.41
7052,Margaret Smith,0ep0dcbb@email.com,Australia,2023-11-24,Premium,21431.85
7053,Lisa Lopez,a1l2e0pg@outlook.com,France,2020-07-07,Standard,21729.57
7054,Christopher Taylor,qojo7tx2@mail.com,Australia,2022-03-25,Basic,14324.81
7055,Richard Anderson,a50nf9qq@mail.com,Sweden,2021-04-23,Standard,48690.47
7056,Daniel Anderson,tap3luxs@yahoo.com,Japan,2021-02-26,Premium,25320.83
7057,Sandra Gonzalez,ukr3zqry@mail.com,UK,2023-06-17,Basic,45780.86
7058,Donald Harris,g8u5v376@yahoo.com,China,2022-10-10,Standard,15993.09
7059,Ashley Davis,rk4mh2b2@gmail.com,UK,2020-04-22,Premium,23686.77
7060,Linda Wilson,h8ch92q9@yahoo.com,Mexico,2024-01-08,Premium,11325.47
7061,David Reeves,cfpinxni@outlook.com,Australia,2022-04-20,Premium,1003.57
7062,Barbara Lopez,ne05oc64@test.com,France,2022-11-14,Premium,21087.69
7063,Jennifer Lopez,u1npe6em@mail.com,Canada,2020-11-25,Basic,14587.96
7064,Donald Brown,1sy7s16b@company.com,France,2022-01-30,Basic,44458.12
7065,William Martinez,vjhjqiik@mail.com,France,2022-02-02,Premium,42220.64
7066,Lisa Wilson,asrxrdqo@example.com,South Korea,2024-03-09,Standard,5122.53
7067,Michael Lopez,cvkfjdul@mail.com,India,2024-06-21,Basic,10540.56
7068,Mary Williams,uhg8635m@company.com,Brazil,2021-12-19,Premium,20474.81
7069,Michael Williams,qz91vhsg@test.com,UK,2021-12-18,Basic,36771.17
7070,Matthew Lopez,jemkpc1s@yahoo.com,Mexico,2020-03-06,Basic,1405.31
7071,James Thompson,xhr67357@test.com,Germany,2023-02-10,Basic,8742.24
7072,William Anderson,kr4izo3d@test.com,South Korea,2020-08-25,Standard,35318.41
7073,Mark Wilson,ny992d3s@yahoo.com,Norway,2024-06-05,Premium,2372.43
7074,Mark Moore,4simrkvn@gmail.com,Germany,2020-12-11,Standard,46550.2
7075,Sarah Martinez,zq6stesd@email.com,Italy,2022-05-12,Premium,3975.38
7076,Kimberly Martin,ow5drhlm@email.com,Italy,2022-02-18,Basic,10497.29
7077,Charles Thomas,zu7jzhpq@outlook.com,Australia,2020-07-27,Basic,10183.62
7078,Kimberly Gonzalez,c5lg6caz@test.com,USA,2020-08-27,Premium,12546.23
7079,Sarah Edwards,6utihccb@email.com,France,2020-11-14,Standard,44571.05
7080,Donna Williams,zmzv0nsp@test.com,Australia,2022-04-07,Standard,48937.49
7081,Lisa Jones,h0u2te2w@outlook.com,Spain,2022-07-27,Standard,21107.83
7082,Donna Roberts,hfotoeu6@company.com,Australia,2020-08-28,Basic,3290.79
7083,John Martin,2a4tgzgo@email.com,Netherlands,2022-08-25,Standard,16640.05
7084,Daniel White,s2voa20h@email.com,Spain,2024-03-19,Standard,27596.37
7085,Mark Thompson,9wnipzq0@test.com,China,2022-01-26,Premium,44447.46
7086,Thomas Edwards,myrq969d@company.com,Australia,2021-01-04,Premium,44182.99
7087,Patricia Hernandez,w41mvx1x@example.com,Switzerland,2022-01-21,Premium,46248.34
7088,Patricia Harris,ixh7canz@example.com,UK,2022-09-17,Basic,32901.11
7089,Andrew Perez,f164g1u8@yahoo.com,Norway,2023-11-05,Standard,39740.46
7090,James Perez,embjgkj3@yahoo.com,Sweden,2022-04-11,Basic,26413.51
7091,Charles Brown,4m8quv19@example.com,Norway,2023-02-06,Premium,42454.11
7092,Matthew Garcia,tma07mtl@gmail.com,France,2024-05-12,Basic,34707.42
7093,Mark Garcia,946s39pu@example.com,Sweden,2020-04-26,Standard,25999.55
7094,Michael Miller,fnl5qu8n@example.com,Mexico,2022-03-06,Standard,30206.91
7095,Joseph Martin,qcmq73xt@company.com,Mexico,2021-10-30,Standard,9287.04
7096,Barbara Jones,9pw87y8e@outlook.com,Brazil,2020-06-30,Basic,15983.99
7097,Richard Perez,56rd3u8q@company.com,Germany,2024-04-24,Standard,46772.93
7098,Jennifer Lee,qvsfmbq7@outlook.com,USA,2023-09-28,Basic,48655.64
7099,Andrew Williams,l4hqje40@mail.com,Netherlands,2021-08-01,Basic,20687.99
7100,Jessica Perez,764fbm0u@mail.com,Canada,2021-07-02,Basic,16792.97
7101,James Martinez,qu5tubvv@mail.com,India,2023-04-23,Standard,38261.59
7102,Michael Brown,cgs3u32b@outlook.com,Brazil,2021-08-19,Premium,2418.46
7103,Thomas Williams,mr7dmdz6@yahoo.com,Spain,2020-06-10,Basic,27254.74
7104,Paul White,8hse096r@yahoo.com,Canada,2022-10-21,Standard,45651.84
7105,Andrew Collins,jfdnh0at@email.com,Brazil,2022-02-21,Basic,13348.02
7106,Susan Miller,g05674d3@yahoo.com,Spain,2024-06-25,Standard,39165.87
7107,Betty Martin,lgfe4flt@example.com,Brazil,2023-03-05,Basic,32565.58
7108,Betty Jones,cdqepfol@test.com,Spain,2022-10-20,Premium,47499.08
7109,William Moore,04riwysz@example.com,Australia,2021-08-13,Standard,19101.03
7110,Margaret Johnson,er9u3pfj@email.com,France,2023-03-21,Basic,34275.25
7111,Linda Hernandez,e0gvc50q@email.com,USA,2020-01-14,Basic,10492.29
7112,Jennifer Lee,pr18dpjm@company.com,Mexico,2022-05-26,Basic,9425.76
7113,Joseph White,s5e9ybfd@gmail.com,Sweden,2020-02-12,Premium,23040.57
7114,Paul Roberts,h88pfsef@company.com,Sweden,2020-04-30,Standard,10984.56
7115,James Martinez,5z8rqhyl@email.com,USA,2022-01-30,Standard,2830.91
7116,Jennifer Lopez,an9v4071@company.com,UK,2024-03-16,Basic,15140.23
7117,Daniel Wilson,hrtq2cww@email.com,India,2024-04-29,Basic,22280.32
7118,Jennifer Anderson,2u0ndpfg@email.com,Australia,2021-11-28,Premium,21667.82
7119,Donald Wilson,c4vgziab@outlook.com,Mexico,2024-06-04,Premium,7018.78
7120,John Roberts,9wv7tgqy@test.com,Brazil,2024-08-15,Standard,29696.82
7121,John Smith,20av93cu@mail.com,Australia,2021-06-25,Standard,47467.62
7122,Barbara Davis,tmgt3fsj@yahoo.com,Japan,2020-07-22,Basic,10228.43
7123,Charles Gonzalez,pmysdl64@gmail.com,Australia,2024-03-29,Standard,9560.01
7124,Robert Martin,ge8hahaa@example.com,USA,2023-01-16,Premium,589.28
7125,Patricia Thompson,kbtvmpms@company.com,Japan,2024-04-16,Standard,34883.14
7126,Daniel Miller,dbmywc9m@company.com,Japan,2024-07-30,Basic,14627.32
7127,Betty Thompson,5aae7ju9@yahoo.com,South Korea,2023-04-01,Standard,622.84
7128,Paul Martinez,dd8k0yll@outlook.com,Brazil,2022-06-22,Premium,17970.94
7129,Michael Martin,921a3hzl@company.com,India,2021-11-11,Basic,7497.69
7130,Daniel Davis,fpf0q2gz@yahoo.com,Italy,2022-06-02,Basic,17988.84
7131,Christopher Jones,phurv3om@gmail.com,USA,2020-05-17,Premium,7418.61
7132,Donna Rodriguez,7t2war3h@test.com,Australia,2023-01-27,Premium,1679.85
7133,Susan Edwards,46r8q6ot@gmail.com,Sweden,2024-09-21,Basic,44346.88
7134,Susan Brown,h5o9vfxp@example.com,China,2022-10-17,Standard,43981.08
7135,Jennifer Gonzalez,e8rhx5s2@mail.com,Germany,2022-12-13,Premium,28548.59
7136,Steven Wilson,v4pv82an@test.com,South Korea,2020-08-03,Premium,12662.0
7137,Richard Brown,zhvfddnl@yahoo.com,UK,2022-08-25,Standard,44645.63
7138,Charles Hernandez,xrxa9nbk@gmail.com,UK,2020-06-23,Standard,14889.74
7139,Emily Jones,2ww3sevz@company.com,USA,2022-05-17,Premium,39133.58
7140,Jessica Lee,czjdz6ai@test.com,Netherlands,2021-04-07,Premium,8164.05
7141,Matthew Smith,c8lbzd2l@mail.com,UK,2020-09-08,Basic,23291.57
7142,Donald Miller,dyz8a4xm@yahoo.com,China,2023-04-03,Standard,10574.39
7143,Donald Miller,pzfd35rx@outlook.com,India,2021-01-06,Basic,27351.39
7144,Joseph Jones,0p3y4kch@test.com,China,2024-05-04,Premium,11487.49
7145,Charles Thomas,ngk3z8x8@example.com,Spain,2021-03-29,Premium,43986.47
7146,Donald Lopez,ai4xlr3a@gmail.com,Norway,2022-03-25,Standard,20272.35
7147,Nancy Davis,6wzj001t@mail.com,Brazil,2020-09-03,Basic,5431.65
7148,Michael Smith,o5ueblui@test.com,Sweden,2024-06-07,Premium,34867.14
7149,William Gonzalez,gslqjth4@test.com,Brazil,2023-11-09,Standard,26600.67
7150,Nancy White,sm80eta9@outlook.com,Brazil,2020-09-12,Basic,45653.24
7151,Andrew Thomas,bvppy9lu@company.com,Canada,2023-06-22,Premium,36236.39
7152,Donald Edwards,7czeam7m@test.com,USA,2021-01-24,Premium,43903.18
7153,Mary Johnson,j0m47twr@company.com,Australia,2021-09-02,Premium,10914.12
7154,Mary Edwards,iq3gonu7@company.com,Italy,2021-01-03,Basic,32185.08
7155,Donald Moore,uqby48tr@test.com,Spain,2022-07-23,Standard,33405.7
7156,Lisa Perez,wgx2duev@email.com,Norway,2024-04-28,Standard,16157.59
7157,Mark Rodriguez,0vfb5tjd@email.com,Japan,2022-02-04,Standard,44222.41
7158,John Collins,pfu1nset@outlook.com,China,2023-09-26,Standard,24182.85
7159,Mark Lopez,0ovu9rza@outlook.com,Japan,2022-02-12,Premium,5583.64
7160,Lisa Lee,qbtdt0gg@example.com,Mexico,2023-12-22,Standard,16780.84
7161,Linda Davis,kgo1p74u@company.com,Mexico,2024-04-21,Standard,49371.72
7162,Steven Roberts,bph3oasy@example.com,Australia,2022-03-27,Standard,43138.81
7163,Sarah Lee,lwn6fky6@test.com,Germany,2024-07-25,Premium,26727.07
7164,John Harris,upyomvg2@email.com,China,2020-12-11,Premium,39384.62
7165,Linda Moore,bd09ptbp@company.com,Sweden,2022-04-08,Premium,46361.44
7166,Sarah Thompson,whfk2z75@gmail.com,Sweden,2024-05-08,Basic,12571.76
7167,Kimberly Johnson,8a92vnbb@example.com,Japan,2024-03-26,Basic,12567.09
7168,Susan Davis,0hln0ezc@outlook.com,Spain,2020-05-14,Premium,39855.5
7169,Sarah White,66sxnchk@yahoo.com,Italy,2024-03-24,Premium,37461.08
7170,Nancy Johnson,7ecfr6db@outlook.com,South Korea,2020-12-23,Basic,11819.97
7171,Jennifer Brown,o25wietp@company.com,Sweden,2022-01-17,Standard,6261.51
7172,Richard Moore,pkvqobpl@mail.com,Japan,2020-12-20,Premium,38310.28
7173,Linda Thomas,3hvek5de@example.com,UK,2024-11-17,Premium,47357.38
7174,Richard Edwards,x7ehpaj0@outlook.com,Italy,2024-03-01,Basic,5647.93
7175,Richard Johnson,c6qik3f9@test.com,Japan,2024-12-01,Premium,6118.74
7176,Daniel Jones,rezmff5n@company.com,USA,2023-02-21,Premium,17165.18
7177,Jessica Johnson,0kxdjwy5@email.com,Netherlands,2021-06-28,Standard,25594.85
7178,Ashley Collins,xwo1ezcn@example.com,USA,2023-07-03,Premium,25502.15
7179,Christopher Reeves,47sjc0rb@example.com,South Korea,2020-09-08,Basic,29120.72
7180,John Collins,hzj7j2la@outlook.com,China,2021-02-23,Premium,15463.68
7181,Andrew Williams,tjwyxgcj@outlook.com,France,2022-08-15,Standard,15528.96
7182,Nancy Roberts,k4f4y5de@outlook.com,UK,2022-01-11,Premium,1700.08
7183,James Jackson,60p1zl30@example.com,China,2021-07-19,Standard,25737.63
7184,Steven Jones,g55xqrzw@test.com,Sweden,2022-10-28,Standard,9996.57
7185,Donald Moore,gocslofb@email.com,Spain,2024-01-14,Standard,23220.69
7186,Daniel Martinez,00v56gx0@mail.com,Sweden,2022-07-16,Basic,13885.1
7187,Ashley Moore,ovibwfka@gmail.com,France,2020-06-20,Premium,11698.96
7188,Sandra Edwards,z1bm8ssz@mail.com,Canada,2020-11-09,Standard,15202.94
7189,James Jackson,8ktfl1nw@gmail.com,Norway,2023-02-24,Basic,42572.35
7190,Susan Lopez,bo1vkor5@outlook.com,Australia,2022-11-04,Premium,10279.39
7191,Kimberly Thompson,0v463p13@mail.com,Spain,2023-03-03,Premium,34495.01
7192,Betty Taylor,udi3j5nq@yahoo.com,Germany,2020-10-16,Standard,13224.41
7193,Emily Anderson,lspgf1v2@outlook.com,Japan,2022-09-29,Standard,39977.01
7194,Sarah Harris,tf8pcafk@mail.com,China,2021-01-12,Standard,44612.13
7195,Matthew Lopez,wox5pjti@test.com,UK,2021-02-09,Premium,3260.92
7196,William Davis,mt7owdk6@test.com,Mexico,2020-04-06,Basic,18479.19
7197,Matthew Roberts,j5y4qg1k@email.com,Netherlands,2023-06-09,Premium,27951.63
7198,Margaret Davis,13jc9fqn@outlook.com,Australia,2022-10-16,Basic,29040.5
7199,Michael Reeves,5wo7dsut@yahoo.com,Mexico,2022-06-20,Basic,13792.73
7200,Mary White,6lh1eaof@test.com,Norway,2022-12-12,Standard,504.57
7201,Mary Jones,zbc41i2b@gmail.com,Brazil,2020-12-24,Standard,31608.43
7202,Joseph Moore,h7whg540@outlook.com,India,2020-07-27,Premium,39487.05
7203,Thomas Garcia,d667l28e@test.com,Canada,2023-11-23,Basic,23620.58
7204,Mark Jones,klw71ghb@gmail.com,Brazil,2020-05-03,Basic,42910.56
7205,James Collins,2r24a3ml@yahoo.com,Norway,2024-04-19,Standard,28343.07
7206,Patricia Harris,3qexza43@mail.com,China,2022-05-11,Premium,19565.02
7207,Christopher Reeves,e705680m@yahoo.com,Brazil,2022-02-01,Premium,40558.87
7208,Richard Anderson,9eowyc3s@mail.com,Mexico,2021-03-09,Standard,48962.34
7209,Thomas Johnson,ph13shwh@email.com,Italy,2024-04-18,Premium,38322.04
7210,Charles Rodriguez,zcnwh0gr@outlook.com,India,2021-05-26,Basic,45882.98
7211,Matthew Garcia,tup8j5kc@outlook.com,Netherlands,2021-11-12,Premium,16982.44
7212,Joseph Roberts,782vneg4@test.com,South Korea,2022-01-07,Premium,6276.58
7213,Susan Taylor,w2qzfffe@email.com,Japan,2020-11-05,Standard,4005.76
7214,Nancy Brown,pzuy2hxg@company.com,Australia,2020-07-14,Standard,14432.33
7215,Margaret Martin,w0pd4ayp@email.com,Australia,2020-06-23,Basic,16920.02
7216,Margaret Brown,ftye638g@outlook.com,Netherlands,2024-07-13,Standard,19103.66
7217,Mark Jones,3wvm5yb9@example.com,Brazil,2023-07-31,Premium,20088.76
7218,Paul Harris,oy1g24wh@mail.com,Australia,2022-06-24,Basic,23694.71
7219,Kimberly Williams,8kq4hrlj@email.com,Australia,2023-05-19,Premium,13075.84
7220,Matthew Reeves,xnd5lgcd@mail.com,Brazil,2024-12-12,Premium,19227.62
7221,Sarah Martinez,cmle1fgu@email.com,Japan,2020-11-30,Basic,29933.91
7222,Linda Wilson,l4p4a3dn@test.com,Germany,2021-04-05,Basic,32761.45
7223,Lisa Reeves,ktlsu8ia@company.com,France,2024-04-17,Basic,1740.44
7224,Jennifer Smith,i7f7nhwi@yahoo.com,India,2023-05-14,Standard,30970.29
7225,Patricia Lee,itkrb4lt@example.com,Brazil,2020-06-01,Standard,23154.36
7226,Mary Johnson,k666n5kq@company.com,Spain,2020-10-04,Basic,39827.51
7227,Susan Harris,38s30f7m@gmail.com,USA,2024-11-06,Premium,15168.29
7228,Jessica Wilson,ycj43sui@gmail.com,South Korea,2022-07-25,Standard,4950.5
7229,Mary Rodriguez,2pev6fll@example.com,Mexico,2023-10-12,Standard,496.16
7230,Robert Thomas,1q70ndag@outlook.com,Sweden,2021-12-16,Standard,11893.55
7231,Daniel Gonzalez,sjvomzcx@gmail.com,France,2021-08-21,Premium,15785.22
7232,Michael Wilson,6y53qdnh@yahoo.com,USA,2024-08-08,Standard,19638.97
7233,Patricia Collins,70sxuaij@mail.com,UK,2023-12-11,Standard,23820.51
7234,John Reeves,nzbiotyw@example.com,UK,2023-12-01,Premium,42420.61
7235,Lisa Thompson,t6e15xcq@test.com,India,2020-02-16,Standard,38307.5
7236,Donna Thompson,anyr3n7s@outlook.com,Japan,2023-08-04,Standard,32273.7
7237,Sandra Thomas,0v5yi0wb@mail.com,Italy,2021-12-22,Standard,9159.75
7238,Daniel Anderson,26hp2yz8@gmail.com,Brazil,2021-10-17,Premium,1865.57
7239,Charles Martin,zduqur7p@gmail.com,UK,2020-06-01,Basic,549.02
7240,Paul Lopez,ftu2nll8@outlook.com,Mexico,2024-06-03,Basic,19041.51
7241,Michael Rodriguez,w3z2798n@mail.com,France,2024-10-16,Standard,31280.79
7242,Jessica White,co2r60si@mail.com,Netherlands,2024-09-14,Basic,4302.46
7243,Matthew Martin,8o3lvb2w@gmail.com,Netherlands,2023-07-02,Standard,13065.32
7244,Mark Martin,6nw99krw@yahoo.com,China,2024-10-01,Standard,38623.96
7245,James Brown,ia8gr1nt@outlook.com,France,2020-01-24,Standard,32002.33
7246,Steven Perez,qkseyn03@email.com,Brazil,2023-02-18,Premium,32867.72
7247,William Anderson,lth6s5vt@gmail.com,Australia,2022-08-09,Basic,6761.56
7248,Charles Thompson,tvolf6i1@outlook.com,Germany,2021-01-20,Standard,20370.1
7249,Patricia Martin,qxm3voh0@email.com,Mexico,2022-07-02,Premium,10319.18
7250,Jennifer Jones,3uyh8g05@outlook.com,Italy,2022-06-09,Basic,26146.1
7251,Jessica Williams,fsyy3sya@company.com,Canada,2022-11-22,Premium,42635.87
7252,Nancy Thomas,kttxt837@outlook.com,France,2022-03-09,Basic,44375.14
7253,Linda Harris,g6jsd02s@company.com,Japan,2020-12-24,Premium,13269.08
7254,Richard Brown,70th5cao@gmail.com,Japan,2024-01-11,Premium,19012.72
7255,Lisa Johnson,nfdoj1xc@company.com,South Korea,2024-11-09,Basic,43988.35
7256,Matthew Thomas,2blibhk5@outlook.com,Canada,2023-11-08,Basic,31725.98
7257,William Thompson,kvbcsw12@outlook.com,Canada,2023-05-15,Premium,49517.76
7258,Ashley Williams,pkfixi3w@outlook.com,Netherlands,2023-03-19,Premium,45406.75
7259,Robert Johnson,mhcamxic@example.com,Sweden,2024-04-20,Basic,37986.8
7260,Robert Jackson,u54czl68@test.com,Norway,2023-02-20,Premium,21713.17
7261,Daniel Edwards,gdppj32h@test.com,Canada,2021-05-24,Premium,28704.87
7262,Jennifer Thomas,4zyp88mn@test.com,USA,2021-09-30,Basic,33336.52
7263,Richard Jones,npfz9iwg@email.com,South Korea,2020-11-02,Standard,31777.06
7264,Robert Thomas,5ng78wsx@company.com,Japan,2023-09-26,Standard,32939.33
7265,Karen Martin,8xx6w0xg@email.com,China,2022-03-12,Basic,11429.51
7266,Donna Jackson,rf2o529m@company.com,Japan,2021-06-21,Premium,29180.16
7267,Jessica Smith,515zz7su@example.com,Canada,2024-09-21,Basic,2382.15
7268,Jennifer Martinez,fl6qoqqz@mail.com,Norway,2022-05-09,Standard,31145.51
7269,Susan Rodriguez,w4bov18a@outlook.com,Mexico,2021-01-29,Premium,12600.01
7270,James Moore,kr719u7t@company.com,Netherlands,2021-07-18,Standard,13372.19
7271,Susan Wilson,zd9gbu00@yahoo.com,Brazil,2022-09-03,Premium,36327.13
7272,Paul Perez,hgdb1ttt@test.com,France,2021-06-14,Basic,977.73
7273,Donald Collins,ymoo3tka@example.com,Norway,2020-01-31,Premium,33920.66
7274,Susan Wilson,o09sj9c6@example.com,Germany,2021-12-27,Premium,14260.57
7275,Mary Brown,cbngiacd@yahoo.com,France,2023-08-26,Standard,25348.59
7276,Steven Garcia,sbbogi2r@gmail.com,South Korea,2021-05-06,Standard,38726.55
7277,Sarah Wilson,1ubgvtdd@test.com,South Korea,2021-06-02,Premium,41012.53
7278,David Edwards,bm9ti45l@yahoo.com,Japan,2021-08-11,Standard,45870.55
7279,Andrew Perez,d5dbsbtp@gmail.com,Italy,2022-04-17,Premium,31881.65
7280,Ashley Smith,9112dfim@example.com,South Korea,2024-06-23,Standard,7877.34
7281,Jessica Jackson,68wr5wte@gmail.com,Sweden,2024-10-18,Standard,48680.26
7282,Susan Lopez,k44kvvdr@test.com,Sweden,2023-12-15,Premium,8979.01
7283,Ashley Perez,fcu4ynff@mail.com,South Korea,2022-08-28,Premium,15352.97
7284,Jennifer Rodriguez,fnrzxd7c@gmail.com,India,2022-09-10,Standard,12053.61
7285,Paul Lee,76tjily5@yahoo.com,Sweden,2022-03-12,Premium,25288.6
7286,Betty Martinez,h57rerno@outlook.com,France,2022-03-04,Basic,41869.39
7287,Barbara Smith,vf2xicrw@outlook.com,Switzerland,2020-04-10,Premium,11670.98
7288,David Martin,lj62zfaq@email.com,Italy,2023-06-05,Standard,13983.02
7289,Ashley Brown,3f68ovrg@outlook.com,Brazil,2023-03-12,Basic,42685.65
7290,Christopher Martin,tarm1znf@yahoo.com,Netherlands,2020-05-24,Standard,21275.2
7291,Charles Lee,5tabt7ve@email.com,Germany,2020-07-17,Basic,25522.11
7292,Christopher Collins,6rmnddop@gmail.com,Netherlands,2022-03-26,Standard,32143.11
7293,Joseph White,pdq4fwdm@example.com,Mexico,2023-01-12,Basic,40856.33
7294,Ashley Davis,flj6pay7@email.com,Japan,2023-08-08,Basic,1341.92
7295,Steven Jackson,3slvrqlm@company.com,Norway,2024-06-08,Premium,6216.29
7296,Daniel Reeves,yyu829uu@example.com,Brazil,2021-02-09,Basic,15451.31
7297,Donald Thompson,d140mmvg@yahoo.com,China,2022-03-27,Premium,32126.68
7298,David Roberts,5t3z67pl@example.com,UK,2021-03-23,Standard,2963.26
7299,Sarah Garcia,6hfyv0wx@yahoo.com,Canada,2022-08-14,Standard,19209.73
7300,Charles Miller,wwe4p29j@email.com,India,2022-10-11,Basic,9033.08
7301,Daniel Anderson,t4rlqsyg@mail.com,Canada,2023-01-15,Standard,37898.28
7302,Thomas Garcia,hju2rm6l@test.com,Canada,2022-09-17,Premium,29374.33
7303,Donald Williams,r7234089@email.com,USA,2023-05-30,Standard,48247.08
7304,Matthew Gonzalez,ru2ulty6@example.com,Spain,2023-05-09,Standard,44277.33
7305,Robert Anderson,yk5zd61f@yahoo.com,USA,2023-12-21,Premium,37971.21
7306,Sandra Martinez,ai9s3wbj@yahoo.com,Canada,2024-01-16,Premium,18175.03
7307,William Jackson,akk68goc@test.com,France,2024-11-10,Standard,26224.02
7308,Steven Thomas,4451rzui@outlook.com,China,2023-01-11,Premium,17824.48
7309,Linda Jones,70wqis7d@yahoo.com,Sweden,2024-04-18,Premium,25354.39
7310,Ashley Moore,igszohqc@gmail.com,Spain,2022-03-22,Basic,6026.07
7311,David Taylor,p466q6ie@mail.com,Germany,2022-12-09,Basic,36450.68
7312,Barbara Thompson,amwqlvv4@mail.com,Sweden,2020-03-28,Basic,27938.43
7313,Steven Johnson,w1675vdw@example.com,Japan,2022-01-02,Premium,13094.46
7314,Daniel Rodriguez,oymfagdd@company.com,Spain,2024-06-01,Basic,27379.96
7315,Mary Garcia,at1rew1v@yahoo.com,South Korea,2020-04-11,Basic,5887.53
7316,David Gonzalez,up2i0yh4@outlook.com,Switzerland,2020-02-21,Basic,27542.7
7317,Matthew Taylor,gchi8r3n@yahoo.com,China,2023-06-18,Premium,48622.61
7318,Donald Harris,ks82e2vr@yahoo.com,Japan,2022-03-21,Standard,37638.91
7319,Donna Martin,qhmbaazg@yahoo.com,Switzerland,2021-11-12,Basic,29229.22
7320,Joseph Martin,ao65shig@company.com,Norway,2022-07-02,Basic,40086.1
7321,Steven Martin,gbos0c9q@company.com,Spain,2024-08-18,Premium,32724.45
7322,Margaret Martinez,ri93p77s@yahoo.com,France,2022-04-17,Basic,33795.63
7323,Emily Roberts,yqbbpkm3@gmail.com,Mexico,2022-07-16,Basic,45028.88
7324,William Wilson,4nxi14nw@gmail.com,Italy,2022-01-17,Basic,4316.22
7325,Patricia Williams,88dg4sf7@email.com,India,2022-06-25,Premium,46132.54
7326,Barbara Williams,hj16ktx7@email.com,South Korea,2020-07-19,Premium,32504.56
7327,Michael Garcia,irqezl20@mail.com,India,2024-08-19,Basic,40245.81
7328,James Hernandez,juq2l6zb@company.com,Switzerland,2024-05-05,Standard,12666.31
7329,Betty Martin,awkati0o@outlook.com,Mexico,2021-11-11,Basic,6954.18
7330,Robert Edwards,x2ldfajt@company.com,Italy,2024-08-24,Basic,46199.75
7331,Lisa Rodriguez,rzxn9bsn@example.com,India,2023-01-19,Basic,13162.54
7332,Matthew Rodriguez,ueoy2qve@outlook.com,USA,2022-12-14,Basic,8595.09
7333,Mary Miller,etdm18xd@example.com,Canada,2024-11-02,Basic,26830.42
7334,James Harris,i2mkfp0x@company.com,Japan,2024-10-28,Basic,40103.87
7335,Christopher Collins,ro6xx6kl@mail.com,Switzerland,2023-06-09,Premium,15214.32
7336,Patricia Jackson,qdfc42vg@company.com,India,2020-03-23,Basic,7047.55
7337,Sarah Johnson,84m2e790@outlook.com,China,2022-07-27,Premium,18206.56
7338,Kimberly Reeves,2in7srvv@company.com,Brazil,2020-03-26,Basic,9882.78
7339,Charles Roberts,q3qu663o@outlook.com,Germany,2020-12-05,Basic,28568.25
7340,Paul Anderson,s249rhom@yahoo.com,Spain,2022-01-15,Premium,40874.61
7341,Matthew Martin,brm16luc@mail.com,Spain,2023-03-31,Basic,25509.79
7342,Steven Smith,k87zzae9@company.com,Mexico,2023-04-05,Premium,40328.56
7343,Christopher Reeves,mtwwbt2x@gmail.com,South Korea,2024-05-20,Basic,1837.11
7344,Margaret Thompson,8opzezdb@yahoo.com,South Korea,2023-05-03,Standard,8199.32
7345,Matthew Gonzalez,y6muqleu@gmail.com,Canada,2020-05-22,Standard,25277.83
7346,Kimberly Edwards,msdvk1lp@example.com,Italy,2022-11-20,Standard,29461.61
7347,Jessica Garcia,ioud1qbf@email.com,Japan,2022-02-05,Standard,47204.17
7348,Richard Thompson,79ec9kq6@email.com,France,2022-06-15,Premium,12615.7
7349,Karen Collins,ssfxsi3t@email.com,Brazil,2023-12-01,Basic,46475.56
7350,Susan Miller,y73b5eq4@outlook.com,Norway,2021-02-04,Basic,27106.67
7351,Barbara Martin,tlfdcnpv@gmail.com,France,2020-09-22,Standard,24387.03
7352,Margaret Perez,wv2qcn99@email.com,China,2023-01-06,Standard,42733.01
7353,Jennifer Garcia,l2iterg4@email.com,India,2023-06-15,Premium,28445.15
7354,Donald Brown,csm97fjc@yahoo.com,Australia,2020-07-04,Basic,9390.67
7355,Margaret Wilson,ssigjqkv@outlook.com,Germany,2020-03-28,Standard,22222.93
7356,Sarah Edwards,trmv1bh4@email.com,India,2022-01-03,Standard,6006.52
7357,James Gonzalez,dpu93j21@yahoo.com,Italy,2023-08-24,Premium,42761.86
7358,Christopher Edwards,vhy58pgu@outlook.com,Germany,2022-09-16,Standard,10686.56
7359,Donald Harris,f56g2pb0@email.com,China,2022-08-07,Standard,46834.5
7360,Mark Brown,57lklpak@example.com,Canada,2023-10-09,Basic,4650.5
7361,Barbara Williams,jyi2yir9@gmail.com,France,2024-01-10,Premium,42470.34
7362,James Davis,f6d4i2g1@mail.com,Switzerland,2022-09-15,Basic,10718.2
7363,Kimberly Jackson,iaosf4tm@outlook.com,China,2023-08-18,Basic,44328.04
7364,Ashley Reeves,0dd8adlf@mail.com,USA,2020-02-01,Premium,40040.47
7365,Sandra Taylor,kp8i1pd9@yahoo.com,China,2023-12-04,Premium,35831.75
7366,Ashley Lee,m1j9zbxe@mail.com,Japan,2021-03-29,Premium,19738.78
7367,Betty Edwards,55wpocin@gmail.com,Netherlands,2022-09-03,Standard,11874.01
7368,Thomas Garcia,rsjti9ma@test.com,Canada,2023-01-30,Standard,922.86
7369,Christopher Garcia,wo8jdc2t@example.com,Brazil,2021-11-19,Basic,20975.34
7370,Joseph Jones,8lw6gk2n@gmail.com,Switzerland,2023-09-04,Basic,38715.51
7371,John Anderson,gcx6bk75@example.com,Netherlands,2020-05-22,Premium,33983.61
7372,Robert Harris,4ijquluf@test.com,Switzerland,2023-09-02,Standard,41881.01
7373,Jessica Taylor,5xgy2k8w@example.com,Japan,2024-07-04,Standard,13162.67
7374,Donald Garcia,9o16872l@gmail.com,Mexico,2022-08-09,Premium,2287.65
7375,Nancy Martinez,ab3l9v66@company.com,UK,2020-01-22,Standard,23579.81
7376,Charles Davis,gciw20ol@example.com,France,2020-05-13,Premium,11534.08
7377,Sarah Smith,k8lzkdeu@example.com,Italy,2023-08-25,Basic,35748.89
7378,David Martin,2h7todvg@gmail.com,Spain,2022-05-08,Standard,27930.22
7379,Karen Jones,0cqew03x@outlook.com,Australia,2020-08-20,Premium,24155.45
7380,Thomas Brown,5zhcssee@example.com,France,2022-08-10,Premium,18405.87
7381,David Roberts,rwe1hasz@email.com,Switzerland,2021-09-17,Standard,21823.68
7382,Betty Wilson,lebs9h8j@test.com,Japan,2024-07-29,Premium,14282.63
7383,Jennifer Anderson,8t0xbr57@outlook.com,Mexico,2020-02-15,Standard,5206.19
7384,Michael Thompson,66fhtx85@outlook.com,Canada,2020-05-22,Basic,28595.73
7385,Mary Wilson,81l6r2il@gmail.com,Australia,2020-06-28,Standard,15120.87
7386,Linda Roberts,sv0jdqxf@mail.com,France,2024-03-21,Premium,10005.53
7387,Michael Johnson,47wkrw03@test.com,Switzerland,2023-08-23,Standard,17422.6
7388,Joseph Johnson,nnfcy45r@test.com,UK,2022-05-28,Basic,42203.7
7389,Kimberly Collins,goi9e7kf@outlook.com,UK,2020-03-12,Standard,26203.61
7390,Margaret Moore,gsob6mmb@mail.com,India,2024-04-12,Premium,25552.46
7391,Daniel Miller,ewgsxlzy@email.com,Italy,2024-09-09,Standard,35242.01
7392,Mark Garcia,dc1pv85a@email.com,Sweden,2022-07-10,Premium,19790.44
7393,Linda Martin,0eqlpgq9@outlook.com,Mexico,2021-05-02,Standard,5203.82
7394,Betty Martin,z4hgulko@yahoo.com,Germany,2024-04-17,Premium,35392.97
7395,Donald Reeves,v1dwmywp@email.com,South Korea,2023-11-17,Standard,46951.28
7396,Margaret Thomas,e1ucbbln@yahoo.com,India,2022-06-23,Basic,14983.28
7397,Thomas Lee,o8xlshfk@outlook.com,South Korea,2024-05-17,Basic,7741.94
7398,John Collins,pavj7dom@example.com,France,2020-01-07,Premium,29396.04
7399,Michael Jackson,bxj5nnuw@email.com,Australia,2022-10-15,Premium,13582.09
7400,Margaret Miller,vp8lku9e@mail.com,UK,2023-09-30,Standard,11062.46
7401,Steven White,cu0mmwih@gmail.com,USA,2021-01-16,Standard,37515.42
7402,Betty Collins,btwwcyu7@mail.com,South Korea,2021-03-25,Basic,17975.92
7403,Matthew Perez,gqgkq87b@outlook.com,Sweden,2024-09-27,Basic,20471.78
7404,Jessica Jackson,aah32jjs@yahoo.com,France,2024-12-14,Premium,24480.78
7405,Ashley Wilson,41hercy1@example.com,Japan,2022-01-08,Basic,23623.93
7406,Sandra Hernandez,gi7b1gme@example.com,Spain,2021-05-01,Basic,19239.71
7407,Steven Wilson,cjbxmr3x@example.com,France,2021-02-09,Standard,3992.34
7408,Sandra Moore,p6j5gl3l@company.com,Mexico,2022-06-05,Basic,15831.6
7409,Betty Edwards,pxirsgf4@company.com,India,2021-04-09,Basic,32431.2
7410,James Gonzalez,wooyk92q@email.com,Australia,2022-11-27,Basic,46224.67
7411,Barbara Lee,p7vmrf45@outlook.com,Canada,2021-01-12,Premium,19335.66
7412,William Jackson,dg43po4t@email.com,Japan,2021-01-31,Basic,46622.71
7413,Patricia Lee,gh7d5y2g@example.com,Spain,2022-03-07,Standard,23294.07
7414,Richard Brown,ihi0fy35@outlook.com,Sweden,2023-09-21,Basic,10281.55
7415,Daniel Harris,gr83f5u5@gmail.com,France,2024-04-24,Basic,48771.7
7416,Barbara Martin,y8wlsnuw@mail.com,Brazil,2022-12-12,Basic,5402.71
7417,Barbara Rodriguez,3i1omczh@example.com,Germany,2022-09-22,Premium,12383.63
7418,Ashley Moore,z0c5tgax@mail.com,UK,2023-11-05,Premium,4869.5
7419,Robert Miller,st6vomvo@test.com,UK,2020-03-23,Standard,45861.6
7420,Susan Perez,b5k4b721@test.com,Switzerland,2022-07-29,Premium,34394.32
7421,Matthew Wilson,18uxqwwv@email.com,Canada,2021-04-26,Basic,35203.06
7422,Mark Martin,bzj6yxjo@gmail.com,South Korea,2021-06-05,Basic,43353.25
7423,Steven Rodriguez,19no52cz@test.com,Switzerland,2021-10-08,Basic,45566.2
7424,Ashley Lee,ivm2z42t@company.com,Norway,2020-09-10,Premium,24128.46
7425,Kimberly White,t80nvamq@email.com,China,2023-01-21,Premium,42604.22
7426,Nancy Williams,ej1iro1z@yahoo.com,South Korea,2024-06-06,Standard,6781.55
7427,David Rodriguez,grfyvu76@yahoo.com,UK,2021-10-23,Premium,6778.86
7428,Emily Williams,sk8n5ijb@company.com,Canada,2024-05-19,Premium,42788.55
7429,Richard White,ub17odqa@company.com,Germany,2023-09-21,Basic,34266.99
7430,John Williams,rz19996h@gmail.com,UK,2021-06-19,Premium,35804.73
7431,Lisa Hernandez,cxjmumxl@email.com,China,2024-01-13,Basic,35051.19
7432,David Rodriguez,jtye81u6@test.com,Japan,2022-03-29,Standard,13108.32
7433,Mark Hernandez,31hguej2@test.com,Brazil,2023-06-12,Basic,17507.19
7434,Daniel Martin,omggt674@yahoo.com,UK,2021-10-08,Premium,26568.27
7435,Joseph Gonzalez,bto7n4jw@outlook.com,Japan,2022-02-20,Standard,30629.25
7436,Michael Hernandez,cs6f0fuv@test.com,Brazil,2020-05-03,Premium,8185.14
7437,Mark Thompson,2vrlo3wh@test.com,Italy,2020-12-22,Basic,20529.37
7438,Mark Taylor,wn10pcgj@mail.com,Brazil,2021-12-03,Standard,46237.38
7439,Sarah Brown,0q7qgtou@example.com,Italy,2020-08-25,Basic,19844.39
7440,Michael Martin,6mh0txj7@yahoo.com,India,2021-11-09,Basic,30798.8
7441,Susan Roberts,6jbp0qy4@email.com,Japan,2024-12-27,Premium,14229.66
7442,Betty Davis,16isbb9a@outlook.com,Brazil,2020-05-23,Premium,13560.61
7443,Matthew Anderson,z36tsdvw@company.com,UK,2020-07-14,Premium,48214.74
7444,Jennifer Thompson,jac36xlr@yahoo.com,South Korea,2020-05-06,Basic,48213.79
7445,William Rodriguez,7vzea8qj@yahoo.com,Canada,2023-03-30,Basic,12086.49
7446,Lisa Taylor,nek44jr8@outlook.com,Mexico,2020-10-06,Basic,25807.03
7447,Emily White,8l6d74ba@gmail.com,Spain,2021-02-01,Basic,28202.84
7448,Kimberly Smith,hld6nwmy@email.com,Japan,2024-02-20,Premium,43182.72
7449,Jessica White,rc09o8u5@yahoo.com,Brazil,2020-03-11,Basic,46543.99
7450,Charles Johnson,qpwv278r@example.com,Netherlands,2021-09-19,Standard,33537.12
7451,Nancy Davis,s0x4hpwx@example.com,Canada,2020-03-22,Standard,30691.57
7452,Lisa Collins,j72oam89@outlook.com,Netherlands,2024-08-18,Premium,9204.4
7453,Mary Wilson,yq4srstu@gmail.com,Canada,2023-09-08,Basic,26621.26
7454,Margaret Edwards,jrgblgb2@company.com,Germany,2024-05-31,Basic,38501.57
7455,Emily Moore,mw95hyie@yahoo.com,Italy,2023-06-16,Premium,14406.04
7456,Betty Roberts,jpdzlwb1@gmail.com,Brazil,2021-03-08,Basic,33925.5
7457,Paul Brown,5rhc79qy@test.com,India,2020-07-11,Premium,49755.94
7458,Christopher Williams,ryw52hh5@outlook.com,UK,2023-08-20,Premium,15118.54
7459,Linda Jackson,f3knz734@company.com,Japan,2021-01-09,Premium,39729.09
7460,Nancy Jones,pqbsc3mw@gmail.com,France,2020-10-27,Premium,38102.08
7461,Susan Rodriguez,9b3gp3qu@outlook.com,Brazil,2022-02-10,Premium,8505.15
7462,Daniel Davis,vieibub8@mail.com,Norway,2020-07-28,Premium,33791.15
7463,Mark Gonzalez,vtynxv22@email.com,UK,2022-05-18,Premium,26444.6
7464,Ashley Gonzalez,frfzyytc@gmail.com,Sweden,2023-11-18,Premium,16500.65
7465,Christopher Taylor,m2xbhbf0@example.com,UK,2022-03-03,Standard,44312.14
7466,Kimberly Hernandez,n9h5a7ha@company.com,Sweden,2022-10-30,Standard,15458.6
7467,Andrew Jackson,xjpcqsq3@example.com,Spain,2023-03-01,Standard,21682.64
7468,Emily Garcia,icyzn9rh@mail.com,Spain,2023-09-25,Premium,36693.88
7469,William Hernandez,0zh14kpo@mail.com,India,2022-05-07,Premium,25702.8
7470,Betty Williams,jksppcf6@yahoo.com,USA,2024-05-28,Premium,40274.73
7471,Daniel Thomas,ewlhhoax@example.com,Australia,2023-07-05,Basic,45614.46
7472,Paul Lopez,8395ix61@mail.com,China,2021-10-15,Premium,15334.85
7473,Michael Moore,3dq0e7e2@gmail.com,Canada,2023-03-05,Premium,35745.72
7474,Patricia Johnson,7hrztcjc@outlook.com,Brazil,2023-08-31,Premium,40551.56
7475,Andrew Miller,urpuverl@mail.com,Sweden,2024-08-03,Premium,8291.41
7476,Karen Miller,lntafibx@gmail.com,Brazil,2024-04-01,Basic,46171.56
7477,Mark Reeves,hq2sagk6@company.com,Italy,2022-09-23,Premium,22982.33
7478,Kimberly Rodriguez,jx6bjkbh@test.com,Mexico,2020-04-25,Basic,37680.17
7479,Kimberly Jackson,6m63xffq@example.com,Brazil,2021-01-20,Standard,43219.37
7480,Betty Roberts,64cn1935@outlook.com,Switzerland,2020-04-10,Basic,6036.22
7481,John Martinez,7uwmeipy@example.com,Switzerland,2021-07-08,Premium,12651.35
7482,Margaret Jackson,xlmq5mtq@test.com,USA,2024-06-16,Basic,34337.11
7483,John Jackson,hdjdotcw@outlook.com,France,2021-05-04,Basic,29780.28
7484,Lisa Jones,2zy11clr@mail.com,Mexico,2024-04-07,Basic,42640.04
7485,Christopher Anderson,h2xj6jmx@test.com,France,2021-04-13,Premium,32554.18
7486,Matthew Smith,jby55fbk@example.com,Japan,2024-10-06,Premium,38916.15
7487,Matthew Williams,xq45nqci@mail.com,Spain,2021-01-23,Standard,6791.39
7488,Jennifer Hernandez,r9gsd1u0@email.com,UK,2020-09-01,Premium,10294.44
7489,Thomas Jackson,wapd1kij@mail.com,Netherlands,2022-02-10,Basic,44941.37
7490,David Miller,0e4fzbci@yahoo.com,Canada,2024-03-23,Basic,2452.73
7491,Christopher Lopez,cn9f3uxq@company.com,South Korea,2023-07-13,Premium,18781.76
7492,Thomas Anderson,leiex9zx@mail.com,France,2024-05-31,Premium,23486.33
7493,Michael Lopez,vroph0k6@gmail.com,Italy,2022-04-05,Premium,14881.01
7494,Andrew Martin,pzfa2959@company.com,Italy,2020-08-07,Premium,1988.63
7495,David Perez,7jaz52du@test.com,Spain,2022-12-23,Standard,14754.84
7496,Jennifer Rodriguez,v59t89dz@test.com,UK,2023-10-26,Basic,8907.55
7497,Charles Martinez,iuslngoq@mail.com,Norway,2023-02-21,Premium,39891.62
7498,Donald Jones,1dmgqrz1@gmail.com,Brazil,2021-07-01,Standard,39034.84
7499,Christopher Smith,o7eldkmf@gmail.com,Italy,2021-08-06,Premium,41612.53
7500,Nancy Smith,ew1lvo5j@email.com,Norway,2024-03-12,Standard,25635.9
7501,William White,4aka6puw@outlook.com,Sweden,2021-01-20,Basic,6697.25
7502,Lisa Roberts,57s539hl@test.com,Switzerland,2023-08-07,Premium,24504.33
7503,James Roberts,uxad24en@example.com,Switzerland,2022-11-07,Basic,9259.45
7504,James Johnson,dav8lug5@email.com,Sweden,2021-10-31,Premium,12072.64
7505,Andrew Garcia,rjeul92j@example.com,Japan,2021-08-02,Basic,35952.99
7506,Steven Reeves,s3tca674@mail.com,China,2022-02-13,Premium,20843.35
7507,Jennifer Edwards,v0o66nji@test.com,UK,2020-04-11,Standard,24042.41
7508,Linda Thomas,qcdgjkpm@yahoo.com,Germany,2021-02-15,Basic,27366.61
7509,Jennifer Jackson,qq2qqskd@outlook.com,Italy,2020-08-18,Standard,18819.86
7510,Michael Martin,9yh8lhq7@gmail.com,Japan,2023-11-15,Standard,35207.17
7511,Karen Thompson,24du4xzt@yahoo.com,Brazil,2022-02-23,Standard,11904.08
7512,Richard Jones,dghcd1yn@test.com,Japan,2022-02-10,Basic,35727.12
7513,Patricia Miller,2axm6ehx@gmail.com,China,2024-02-14,Premium,20545.57
7514,Donald Thomas,61ck3loc@mail.com,India,2022-06-21,Standard,31045.08
7515,Richard Lopez,spn0ju27@yahoo.com,Norway,2023-07-20,Premium,11465.71
7516,Barbara Reeves,bm0nlbmz@test.com,Japan,2020-07-05,Standard,25443.82
7517,Mary Taylor,hfw7yt14@email.com,China,2024-09-21,Standard,4752.14
7518,Thomas Garcia,9shh75o0@gmail.com,USA,2024-12-07,Standard,47415.4
7519,Michael Reeves,c5pms53z@example.com,Japan,2020-12-26,Basic,47473.19
7520,Robert Roberts,hau42h7y@yahoo.com,Switzerland,2024-06-05,Standard,30078.51
7521,Thomas Jones,5bdwa5ru@mail.com,Netherlands,2020-03-05,Premium,33469.62
7522,Mark Wilson,9h7u8cs3@gmail.com,Australia,2020-02-10,Premium,25005.5
7523,Nancy Garcia,v83etjlb@email.com,France,2021-12-10,Standard,33186.84
7524,Mary Moore,wucsjt5j@gmail.com,Mexico,2020-10-07,Basic,48949.16
7525,James Davis,qkctyclx@mail.com,Mexico,2021-05-28,Basic,2463.67
7526,Joseph Rodriguez,r63kqjor@outlook.com,France,2022-10-07,Standard,16020.2
7527,Jennifer Lee,2qibki8m@yahoo.com,Mexico,2021-06-03,Premium,6829.1
7528,Sarah Collins,iqhwok9e@mail.com,India,2024-05-26,Premium,15911.09
7529,Patricia Thompson,pgzr4t5u@example.com,France,2023-01-01,Premium,43902.11
7530,Thomas Taylor,y394u6pf@yahoo.com,Mexico,2022-07-08,Basic,42030.82
7531,James Reeves,5syql8r3@test.com,Netherlands,2021-09-04,Standard,19383.53
7532,James Gonzalez,av7ac7vm@mail.com,USA,2023-03-22,Premium,35398.83
7533,Daniel Edwards,yffnxblj@gmail.com,USA,2021-06-20,Standard,8827.38
7534,Charles Reeves,5rgoqtq6@outlook.com,Canada,2020-04-11,Basic,2780.41
7535,Matthew Rodriguez,pztrv5jw@mail.com,Spain,2024-07-24,Basic,34569.44
7536,Jennifer Williams,ot9k37sl@mail.com,Switzerland,2021-01-06,Standard,39079.77
7537,Lisa Taylor,vk3dojhl@example.com,Japan,2020-10-06,Standard,19019.32
7538,Robert Martin,vnthinit@example.com,Netherlands,2024-12-11,Premium,24008.56
7539,Barbara Edwards,y706q2vk@outlook.com,Spain,2022-03-14,Basic,20700.02
7540,Betty Harris,03xlhenx@test.com,Sweden,2023-06-19,Standard,42505.46
7541,Jennifer Rodriguez,c7k2pl99@test.com,USA,2023-08-23,Standard,18514.19
7542,David Jones,tbhg2lqx@test.com,Italy,2024-07-06,Standard,40641.09
7543,Jennifer Rodriguez,v9xfdv1u@gmail.com,Sweden,2022-11-12,Premium,33240.73
7544,Patricia Wilson,yzw1gbog@yahoo.com,Norway,2022-07-02,Basic,32839.03
7545,John Thompson,3bbjl65a@yahoo.com,Japan,2024-09-29,Basic,30273.39
7546,Richard Brown,yuycdmkx@mail.com,Spain,2020-08-09,Basic,22928.46
7547,Steven Collins,am9x5smo@company.com,Mexico,2022-06-20,Standard,46309.05
7548,Christopher Perez,p5jlkead@outlook.com,Canada,2024-06-24,Standard,35247.85
7549,Donald Jones,oozrf4vb@test.com,USA,2020-04-29,Premium,40768.57
7550,Emily Collins,mms3gs77@gmail.com,UK,2023-03-28,Premium,12392.75
7551,Sarah Brown,zd08n5n4@email.com,Spain,2021-09-07,Premium,43590.73
7552,Robert Lee,vs8703mz@gmail.com,Norway,2024-09-17,Basic,24078.58
7553,John Williams,gw4gogth@gmail.com,Japan,2024-08-21,Basic,30166.43
7554,John Thomas,qp95tr8p@email.com,Canada,2022-02-06,Standard,3540.14
7555,Linda Moore,whc0d1o5@outlook.com,Sweden,2023-10-04,Standard,43361.15
7556,Lisa Johnson,sriq5dz5@gmail.com,Italy,2024-07-27,Premium,25098.41
7557,Richard Moore,2r7keqcz@outlook.com,China,2024-10-24,Basic,16728.62
7558,Michael Jackson,8divcu5z@email.com,Germany,2022-08-03,Basic,28572.72
7559,Andrew Anderson,qybu9z07@company.com,Canada,2022-03-01,Standard,19562.56
7560,Lisa Miller,ioz5dx9p@test.com,Germany,2021-09-08,Standard,37347.13
7561,Ashley Rodriguez,xn3nz5gp@company.com,Sweden,2020-08-19,Standard,6841.72
7562,Linda Davis,49gmxr1w@company.com,Germany,2020-10-01,Premium,16770.62
7563,James Hernandez,5r2jmabt@yahoo.com,Mexico,2023-01-26,Basic,2019.23
7564,David Hernandez,176mq3ry@gmail.com,India,2021-10-25,Standard,30596.56
7565,Robert Perez,dl3u1r3m@test.com,Japan,2024-05-01,Premium,11522.18
7566,Joseph Lopez,yl7u7skm@mail.com,Japan,2020-07-17,Premium,36001.94
7567,Susan Edwards,nakvk51f@outlook.com,Italy,2020-04-29,Basic,16021.51
7568,Michael Harris,wzdmrr6h@outlook.com,USA,2020-10-23,Basic,42271.27
7569,Charles Smith,q3om051i@mail.com,Sweden,2023-11-21,Standard,8419.64
7570,James Collins,cag10dhh@example.com,Brazil,2021-12-23,Basic,22187.35
7571,Matthew Jones,60z2i6iv@company.com,Australia,2020-01-26,Basic,35164.7
7572,Sarah Martin,ozl7s591@test.com,South Korea,2023-04-02,Standard,4153.44
7573,Daniel Moore,oqpmddrd@yahoo.com,Germany,2024-05-08,Basic,25408.72
7574,Kimberly Williams,nk3mxt6e@company.com,China,2021-05-15,Premium,8168.18
7575,Mary Harris,8x8qmozu@example.com,China,2022-07-09,Premium,4756.56
7576,Lisa Perez,bjdm81v0@example.com,India,2020-12-27,Premium,1942.0
7577,John Miller,6ixt4c78@gmail.com,Mexico,2024-03-16,Premium,47911.86
7578,Donna Lopez,32cn22yo@test.com,China,2024-10-22,Premium,27274.54
7579,Linda Martin,zklsr36i@mail.com,USA,2023-07-01,Basic,43384.36
7580,Michael Johnson,lssegqk5@test.com,France,2020-04-15,Basic,11550.6
7581,Nancy Taylor,0swcyy3r@test.com,Germany,2020-12-04,Standard,35842.04
7582,Mary Roberts,4e7iajy8@gmail.com,China,2022-01-31,Premium,38610.22
7583,Daniel Davis,33yzr3kt@example.com,USA,2024-04-25,Premium,49450.75
7584,Christopher Davis,hqlkj6gy@outlook.com,Switzerland,2023-02-22,Standard,40246.21
7585,Thomas Brown,c3sm2xxx@example.com,Norway,2021-01-27,Standard,42646.55
7586,Joseph White,r93j4ik9@example.com,China,2024-05-19,Standard,25338.64
7587,Christopher Perez,mzvow0as@example.com,Canada,2024-07-27,Standard,48274.11
7588,Barbara Jones,bp3tjn5r@mail.com,USA,2021-11-06,Standard,21465.76
7589,Daniel Davis,1k8ojtb7@outlook.com,Brazil,2024-07-10,Basic,42805.76
7590,Richard Hernandez,8dq1s3fu@outlook.com,South Korea,2024-09-13,Standard,24248.12
7591,Jessica Jackson,hhzhy5or@yahoo.com,UK,2023-07-15,Standard,41643.32
7592,Barbara Rodriguez,yjwbzaoo@company.com,Australia,2021-08-25,Basic,22095.17
7593,Mark Lee,btu2t2fi@email.com,Germany,2023-07-21,Premium,13242.64
7594,Patricia White,wao7ts0n@gmail.com,China,2021-04-27,Premium,1638.48
7595,Robert Rodriguez,tu7rilu2@company.com,Australia,2023-04-06,Basic,702.09
7596,James Perez,wrluehop@outlook.com,South Korea,2023-10-04,Premium,29706.94
7597,Joseph Miller,dge1hqr2@yahoo.com,Sweden,2024-05-13,Standard,7091.38
7598,Richard Lee,jupmtkz2@example.com,Sweden,2024-01-16,Premium,10175.86
7599,Lisa Gonzalez,rx4kaayn@mail.com,Japan,2022-01-19,Premium,9270.78
7600,Steven Anderson,esb5mulh@company.com,Mexico,2020-10-26,Premium,9719.2
7601,Jennifer Rodriguez,5bqgcjql@mail.com,Sweden,2022-03-07,Standard,31495.63
7602,Sarah Rodriguez,o6xswsge@email.com,Sweden,2021-04-13,Premium,33762.05
7603,Daniel Brown,5aj6n7a9@outlook.com,Australia,2021-03-22,Standard,948.71
7604,Richard Roberts,q9i046dp@mail.com,Australia,2022-03-29,Basic,7888.94
7605,Christopher Davis,f07kwno2@test.com,South Korea,2020-08-15,Basic,41353.73
7606,Sandra Roberts,68b2e6z0@test.com,France,2021-06-02,Standard,45707.38
7607,Ashley Lee,eaydm18f@yahoo.com,Netherlands,2022-11-20,Basic,991.38
7608,Robert Lee,4v3dbyj9@test.com,Japan,2022-05-12,Premium,39434.9
7609,Mary Moore,f939s4bp@outlook.com,Australia,2024-01-17,Standard,30734.6
7610,Barbara Martin,m0iy1a5g@company.com,China,2021-05-01,Premium,39492.52
7611,Sarah Martin,ekqd10ki@example.com,Australia,2021-05-04,Standard,15176.22
7612,Sandra Perez,9fa1bjem@yahoo.com,Germany,2020-02-16,Standard,45599.33
7613,Jennifer Anderson,pv3bh1kj@company.com,Canada,2020-11-23,Premium,23978.37
7614,Joseph Perez,vq5yexav@company.com,France,2023-02-13,Basic,48998.05
7615,Ashley Roberts,tpienf2s@outlook.com,USA,2021-07-20,Basic,30629.39
7616,Steven Gonzalez,hbi1s0py@company.com,UK,2020-05-01,Standard,31173.81
7617,Richard Anderson,n9d80d7u@gmail.com,Norway,2022-06-26,Basic,5864.14
7618,Thomas Anderson,5daribel@email.com,USA,2024-10-07,Standard,25657.17
7619,Donald White,ctvuq21d@yahoo.com,France,2022-09-06,Standard,30138.01
7620,Matthew Harris,3et55m37@gmail.com,Japan,2024-10-06,Standard,17332.51
7621,Donald Gonzalez,9r2ild5v@test.com,USA,2021-04-09,Premium,6640.1
7622,Barbara Thomas,d48vm1te@outlook.com,Brazil,2022-12-05,Premium,4528.78
7623,Patricia Anderson,u57npnj2@example.com,Norway,2020-07-25,Premium,18351.98
7624,Matthew White,qp6fbdpa@email.com,Brazil,2020-01-27,Basic,26826.39
7625,Steven Edwards,23y9s0wj@mail.com,Japan,2021-02-03,Premium,17651.37
7626,James Gonzalez,skozvrhy@email.com,Italy,2020-04-04,Standard,6913.01
7627,Mark Martinez,yi3ffczk@example.com,South Korea,2024-09-04,Standard,16928.37
7628,Michael Brown,0lhzk4xk@yahoo.com,France,2021-08-22,Standard,27654.45
7629,Sarah Johnson,7ayokvnc@gmail.com,China,2024-04-04,Standard,38178.8
7630,Charles Roberts,rf0grl4w@yahoo.com,Japan,2024-05-30,Basic,25918.42
7631,Jessica Garcia,55gv4z7o@outlook.com,Canada,2020-02-21,Basic,30008.75
7632,Charles Roberts,4v2q630r@company.com,France,2022-03-03,Standard,41312.76
7633,Steven Edwards,bpaowb3x@email.com,China,2020-12-25,Premium,20912.93
7634,Betty Lopez,n75jfm67@gmail.com,South Korea,2021-03-31,Premium,15214.47
7635,Jennifer Reeves,o57xsulh@mail.com,France,2023-07-08,Standard,20430.44
7636,William Johnson,3iv8oyst@test.com,Brazil,2020-03-13,Basic,26482.92
7637,Sandra Edwards,m4o9sxuh@outlook.com,Switzerland,2022-02-02,Basic,49192.08
7638,James Perez,eweori7k@email.com,Netherlands,2022-10-04,Premium,4200.78
7639,Donald Moore,8fbtcded@yahoo.com,Japan,2022-10-15,Standard,36440.0
7640,David Perez,s2e8b4ii@outlook.com,Canada,2020-06-25,Premium,47607.5
7641,Steven Thomas,31fj1ymm@company.com,Brazil,2024-02-21,Premium,4317.0
7642,Thomas Rodriguez,3nb8nrze@yahoo.com,Italy,2020-06-12,Standard,44983.37
7643,Steven Wilson,h9lpiiqf@mail.com,Germany,2024-08-05,Basic,19844.99
7644,Ashley Lopez,5h98ch48@test.com,South Korea,2022-06-24,Premium,2451.31
7645,Robert Smith,4grijyah@mail.com,Mexico,2020-09-29,Standard,23162.58
7646,Charles Williams,xrzinj46@company.com,India,2020-01-02,Basic,46025.2
7647,Jessica Anderson,iwpwu29p@outlook.com,China,2022-10-18,Standard,43218.94
7648,William Smith,cgaes1o4@company.com,Japan,2021-03-06,Standard,49550.54
7649,Richard Edwards,wnippkfh@company.com,UK,2023-10-08,Standard,12997.19
7650,Joseph Jackson,qepc00hz@example.com,Mexico,2024-08-11,Standard,39269.94
7651,Jessica Martinez,5vyswthk@email.com,Spain,2020-03-10,Premium,18042.85
7652,Ashley Jackson,j9uaw89o@gmail.com,Italy,2024-06-11,Basic,23031.46
7653,Jessica Martin,ua8stdyo@yahoo.com,UK,2024-08-02,Premium,21535.82
7654,Steven Jackson,h7aocvb0@mail.com,France,2021-11-17,Standard,15325.9
7655,Andrew Martin,5pk6smj3@example.com,Mexico,2022-07-23,Premium,18347.05
7656,Emily Jackson,mn1m9q0i@gmail.com,Brazil,2024-11-29,Premium,9479.99
7657,Lisa Roberts,9b0c07lg@yahoo.com,Italy,2023-06-03,Standard,41837.59
7658,Thomas Jones,qrpicq5y@email.com,Sweden,2021-02-05,Basic,25229.92
7659,Donna Williams,uemk1tbg@yahoo.com,Netherlands,2021-05-17,Basic,49048.87
7660,Richard Harris,gb6c3uk1@yahoo.com,Mexico,2022-10-01,Premium,42292.05
7661,Thomas Taylor,2kpscj21@yahoo.com,Japan,2021-10-13,Premium,16185.23
7662,David Thompson,cidi4jc4@mail.com,Sweden,2020-08-24,Basic,40667.27
7663,Robert Martin,2qj9w9v5@company.com,Japan,2020-04-16,Standard,47240.55
7664,Michael Martinez,051srhx6@mail.com,Germany,2020-09-25,Basic,11628.3
7665,Mark Martinez,ehgfgi2b@gmail.com,Australia,2022-12-17,Standard,40329.22
7666,Patricia Taylor,1zbw3yd5@outlook.com,USA,2020-11-26,Basic,26446.48
7667,Michael Moore,33esdtew@outlook.com,Switzerland,2022-03-14,Basic,48432.58
7668,Richard Gonzalez,j6b370gu@email.com,Italy,2021-04-04,Standard,32150.15
7669,Karen Martinez,dys9ulni@gmail.com,Brazil,2020-12-27,Basic,45699.36
7670,Jessica Davis,sxi57ozj@yahoo.com,Japan,2024-09-29,Premium,43217.43
7671,Kimberly Wilson,k82ppbqp@test.com,Japan,2022-09-27,Premium,34081.29
7672,Nancy Perez,4exk6ewf@outlook.com,Spain,2020-02-06,Basic,5550.67
7673,Sarah Gonzalez,43k2q8rv@mail.com,China,2020-04-22,Basic,32288.41
7674,David Thomas,441mjdq5@yahoo.com,South Korea,2024-11-21,Basic,47020.94
7675,William Edwards,i7vyob4w@outlook.com,Japan,2023-10-09,Premium,34003.54
7676,Daniel Martin,s2k3xaoh@mail.com,Norway,2022-02-21,Premium,26378.41
7677,Thomas Garcia,zh7duck8@company.com,South Korea,2022-09-12,Basic,40939.05
7678,Margaret Jackson,svfbl3xg@outlook.com,Canada,2020-11-28,Basic,15814.17
7679,Jessica Miller,ta43vjk8@outlook.com,India,2021-09-21,Basic,20760.88
7680,Barbara Thompson,wvrtd888@outlook.com,Germany,2021-06-13,Standard,40707.58
7681,Emily Martin,o4aslrtj@gmail.com,Norway,2022-10-23,Standard,11661.79
7682,Lisa Jones,53vvgvvs@mail.com,Australia,2024-04-21,Standard,36648.94
7683,Barbara Brown,3zva3tpp@gmail.com,Brazil,2024-01-06,Standard,46179.78
7684,Steven Lopez,1pg7pdgp@outlook.com,France,2020-12-26,Premium,1623.02
7685,Christopher Brown,v1rtt097@email.com,Netherlands,2022-09-30,Premium,22441.34
7686,Christopher Collins,bptrb2il@mail.com,France,2024-08-08,Standard,15710.86
7687,Susan Reeves,k8d98qyy@mail.com,Mexico,2024-01-08,Premium,40755.13
7688,Donald Jones,3lzgatdd@mail.com,UK,2024-03-08,Standard,38843.09
7689,David Edwards,nemwehb9@outlook.com,Spain,2020-05-09,Standard,7976.74
7690,Joseph Lopez,kbxcwb3y@company.com,Netherlands,2022-12-03,Standard,10975.58
7691,James Thompson,lq5cc8i7@example.com,Japan,2023-02-10,Standard,5578.27
7692,Joseph Edwards,pc3l86e9@mail.com,South Korea,2021-12-02,Standard,17924.28
7693,Nancy Garcia,px5rz070@company.com,Australia,2020-11-10,Basic,27362.2
7694,Barbara Collins,jnth735w@yahoo.com,Spain,2022-03-29,Basic,36937.63
7695,Linda Rodriguez,7fr6gkd4@example.com,China,2021-01-18,Premium,10267.56
7696,Ashley Perez,e5qh4pcy@mail.com,Italy,2020-08-03,Premium,1149.27
7697,Susan Martin,0iyvam0e@yahoo.com,Italy,2021-03-31,Basic,9091.81
7698,Susan Lee,jve870gw@yahoo.com,Sweden,2021-06-16,Standard,46311.59
7699,Sandra Reeves,iwo4ocd4@example.com,South Korea,2020-10-31,Basic,3347.45
7700,Kimberly Moore,77kwkqq8@test.com,India,2023-07-07,Premium,49791.81
7701,Barbara Moore,q4n84u27@example.com,USA,2024-02-19,Premium,10984.37
7702,Mark Wilson,tn7f4gif@email.com,China,2024-08-11,Standard,20974.3
7703,Mary Lee,yxcw8l39@yahoo.com,Spain,2021-12-12,Premium,6908.23
7704,Emily White,995wvb52@example.com,South Korea,2022-07-16,Standard,47238.53
7705,Mary Collins,touxgn0e@outlook.com,Sweden,2022-09-13,Premium,1050.36
7706,Thomas Smith,h0n4wx9c@outlook.com,Mexico,2022-04-28,Basic,29577.61
7707,Jessica Lee,styh1ss9@test.com,China,2022-10-07,Premium,19505.21
7708,James Lopez,an2zghly@gmail.com,Canada,2022-05-01,Standard,3946.26
7709,John Thomas,8u73l9cm@yahoo.com,Japan,2020-03-17,Basic,19087.29
7710,Karen Martin,25v6o0kx@example.com,China,2024-09-29,Premium,5259.71
7711,James Garcia,c25yaxfp@email.com,Italy,2020-07-11,Standard,33607.09
7712,Karen Rodriguez,iyprhg6p@mail.com,UK,2020-08-08,Basic,31261.8
7713,John Williams,tthrhbtb@email.com,Australia,2021-12-29,Premium,11070.6
7714,John White,rfhthsuf@company.com,Canada,2023-03-14,Premium,6226.77
7715,Margaret Smith,w5m3awoj@yahoo.com,Netherlands,2021-10-14,Premium,35143.91
7716,Robert Hernandez,wrvn84xy@gmail.com,Netherlands,2021-02-17,Standard,37341.62
7717,Mary Smith,qbefp58k@outlook.com,Netherlands,2021-11-28,Basic,8707.87
7718,Donald Davis,ncrs5ung@gmail.com,China,2024-11-16,Premium,21279.57
7719,Mark Moore,0cd46xts@email.com,Spain,2022-04-01,Standard,48426.69
7720,Ashley Brown,lg4kjm3o@test.com,Switzerland,2021-11-05,Standard,39455.64
7721,Barbara Garcia,5gr8gprq@mail.com,Sweden,2022-11-22,Standard,432.18
7722,Christopher Thompson,lczf28xe@example.com,Switzerland,2023-12-25,Basic,41937.01
7723,Betty Edwards,so0neqgz@yahoo.com,Norway,2020-11-10,Premium,28494.2
7724,Jessica Martin,pe88mz4s@example.com,Italy,2024-10-04,Standard,18000.38
7725,Margaret Lee,cswy7xwr@yahoo.com,India,2024-08-10,Premium,41338.21
7726,Richard Lopez,35ijo6wv@gmail.com,Canada,2021-11-24,Standard,40655.98
7727,James Garcia,m59muqks@yahoo.com,Australia,2021-05-04,Standard,4864.48
7728,Barbara Jackson,nrptj66j@example.com,China,2021-08-10,Standard,40070.2
7729,Ashley Thomas,eimj681i@gmail.com,France,2024-06-12,Basic,24388.0
7730,Paul Lopez,fy87pufk@test.com,Mexico,2021-05-25,Standard,40282.72
7731,Robert Davis,62gwytx8@company.com,Germany,2022-09-14,Standard,18607.84
7732,William Taylor,jw5bfvfu@example.com,Japan,2022-05-30,Basic,41598.21
7733,Christopher Moore,23n0giy4@outlook.com,Netherlands,2024-01-06,Premium,27622.82
7734,James Brown,q6glpgut@yahoo.com,South Korea,2020-07-04,Basic,33897.78
7735,Patricia Lopez,se8rz9ja@gmail.com,Japan,2021-04-02,Premium,25564.8
7736,Michael Brown,8z1a8wi0@test.com,USA,2020-12-22,Basic,20149.33
7737,Matthew Lee,hrcqb2hu@example.com,Switzerland,2024-02-28,Standard,6478.89
7738,Karen Moore,2lyhhe9a@outlook.com,India,2020-10-31,Standard,40968.22
7739,Mary Lee,tfjovdmm@example.com,Norway,2021-09-29,Standard,24093.19
7740,Linda Davis,8u0dx7jd@company.com,Germany,2023-10-19,Basic,40106.01
7741,Steven Reeves,igtql7b2@gmail.com,USA,2022-06-24,Premium,30672.78
7742,Andrew Williams,9kexwnbp@company.com,Canada,2020-10-06,Basic,16074.22
7743,Donald Garcia,ryqnna9j@company.com,Japan,2021-12-31,Standard,10306.71
7744,Joseph Williams,hwf3sj8w@test.com,South Korea,2024-10-11,Standard,36713.02
7745,Sarah Hernandez,lktzz1xe@test.com,Switzerland,2022-05-13,Premium,35618.41
7746,Steven Lee,36nccd13@test.com,Mexico,2020-02-19,Standard,3043.54
7747,Betty Anderson,0dngsxc3@yahoo.com,Norway,2022-07-07,Basic,33590.68
7748,Margaret Edwards,zw9a9lcf@email.com,China,2024-03-27,Premium,30444.07
7749,Lisa Wilson,5z22srcv@test.com,Switzerland,2021-09-23,Basic,25147.99
7750,Daniel Martinez,ma1db9xl@example.com,China,2023-09-24,Basic,15553.5
7751,John Martin,s9ponm8d@example.com,Canada,2022-07-23,Basic,11528.66
7752,Matthew Jones,4gru7j7m@company.com,China,2022-06-02,Basic,7451.24
7753,Betty Lopez,p5hpmfhm@outlook.com,USA,2023-07-02,Basic,19776.41
7754,Steven Davis,i32gs2dc@mail.com,South Korea,2023-05-18,Premium,40138.11
7755,Jessica Martinez,j1ka14y8@gmail.com,India,2020-10-26,Premium,6846.6
7756,Barbara Davis,k9ia6o01@outlook.com,South Korea,2023-08-28,Premium,43443.51
7757,Barbara Moore,ebqo7bbq@yahoo.com,Australia,2024-06-01,Basic,5948.7
7758,Mary Martin,vkhaf8uf@outlook.com,Germany,2023-08-06,Premium,43368.65
7759,Susan Martin,co3tofv7@gmail.com,Italy,2020-05-13,Premium,7417.14
7760,Donna Reeves,4fh9ea1s@yahoo.com,Japan,2021-05-03,Premium,19435.16
7761,Charles Edwards,ui1kavnj@email.com,Norway,2022-05-10,Standard,25008.01
7762,Sarah Martinez,jgbul5d0@company.com,Netherlands,2022-03-29,Basic,24709.77
7763,Jessica Martin,yduzyr9f@company.com,Australia,2021-05-25,Standard,49114.76
7764,Steven Brown,qgvo3wsn@example.com,USA,2023-08-11,Basic,25265.96
7765,Mary Gonzalez,8fbbc38h@example.com,Netherlands,2021-08-21,Premium,48202.48
7766,Richard Martin,jh9gxaqp@company.com,Japan,2024-01-07,Basic,31640.98
7767,Betty Martin,zx3ihrp2@yahoo.com,Spain,2020-03-03,Premium,4681.91
7768,Emily Martinez,1eo5j1hi@yahoo.com,India,2023-05-06,Basic,8909.23
7769,Steven Johnson,1dvb37gm@company.com,Netherlands,2022-12-05,Basic,15603.98
7770,Mary Edwards,vrfvri0z@email.com,South Korea,2022-08-11,Basic,28395.34
7771,Donna Lee,9e74q4v8@outlook.com,Germany,2023-06-26,Standard,40189.43
7772,Jennifer Wilson,70sq9p7y@company.com,Sweden,2022-03-25,Standard,7483.73
7773,Emily Reeves,2slzz4nv@company.com,Spain,2023-05-16,Basic,11434.03
7774,Nancy Williams,bzbhwrl4@test.com,Italy,2023-09-27,Basic,38272.4
7775,John Taylor,ii6zgmgw@yahoo.com,Canada,2023-03-09,Premium,31339.11
7776,Steven Lee,5yhrzzy5@example.com,USA,2023-08-23,Basic,8832.98
7777,Donald Roberts,j05gqzcl@test.com,Brazil,2023-04-19,Premium,3209.34
7778,Paul Collins,9lfbrahu@email.com,UK,2020-10-17,Standard,4251.6
7779,Sarah Williams,o3tes8ru@test.com,UK,2023-04-06,Basic,27037.32
7780,Andrew Moore,426xc590@mail.com,Brazil,2020-03-17,Standard,31252.12
7781,Daniel Hernandez,1dqlskv1@test.com,Italy,2024-02-01,Standard,25598.54
7782,Richard Taylor,qtw3jki1@test.com,Mexico,2024-02-11,Basic,28435.53
7783,James Hernandez,prj27931@email.com,Mexico,2021-10-04,Premium,11551.19
7784,Jessica Lopez,wjonym84@test.com,India,2021-01-17,Basic,41822.16
7785,Emily Reeves,rr4g3jmk@test.com,Mexico,2024-07-12,Basic,12004.6
7786,Jennifer Lee,lygomij6@test.com,Canada,2023-10-24,Standard,46945.91
7787,Christopher Jackson,wgrtahsn@yahoo.com,USA,2022-05-19,Standard,27276.74
7788,Christopher Harris,3tewq2bv@test.com,Brazil,2023-04-01,Standard,2150.57
7789,Christopher Collins,nis0mb07@outlook.com,South Korea,2024-02-14,Standard,11768.81
7790,Joseph Lopez,rluc01g4@example.com,Switzerland,2024-07-15,Basic,47343.35
7791,Mary Anderson,b2cxpk05@gmail.com,Italy,2024-09-14,Basic,42902.59
7792,Jessica Garcia,bhtpak0w@test.com,Switzerland,2023-12-14,Premium,13508.09
7793,Andrew Lee,sjwlasrm@company.com,Mexico,2020-01-23,Standard,2474.76
7794,Mark Lee,j1eqmax3@gmail.com,South Korea,2024-09-04,Basic,39208.57
7795,John Collins,bnp6wecb@gmail.com,Italy,2022-02-24,Standard,27052.91
7796,Patricia Garcia,rj7kuc8r@outlook.com,Netherlands,2022-01-18,Standard,4888.8
7797,Donna Miller,6s60i2nt@email.com,Spain,2023-06-30,Premium,4102.36
7798,Linda Rodriguez,3xxqnxkx@company.com,Netherlands,2020-04-15,Premium,9281.89
7799,David Wilson,ky0rxp86@email.com,Japan,2022-09-07,Standard,41985.32
7800,Jessica Gonzalez,ep6k3lcg@email.com,Netherlands,2022-02-11,Basic,17116.34
7801,Sarah Lopez,thvwzn07@gmail.com,Japan,2021-02-21,Standard,27728.39
7802,Nancy Garcia,aojqyo7r@mail.com,Brazil,2024-04-28,Basic,9870.35
7803,Sarah Harris,efj7511x@mail.com,India,2020-10-25,Standard,36489.94
7804,Jennifer Rodriguez,h1vg86nx@gmail.com,Australia,2020-02-16,Standard,31136.67
7805,Steven White,xyl84q34@gmail.com,Brazil,2021-12-18,Premium,43141.33
7806,Patricia Martin,d4dtacgt@gmail.com,India,2024-10-15,Standard,19354.32
7807,Lisa Rodriguez,fpmlyl4u@company.com,India,2023-12-28,Premium,3810.42
7808,Andrew Hernandez,1it7h6hv@mail.com,Sweden,2024-07-18,Standard,10248.25
7809,Matthew Garcia,qkv5rxva@example.com,Australia,2020-12-12,Standard,18454.79
7810,Joseph Perez,knv5qwu2@example.com,Italy,2023-11-07,Standard,47422.89
7811,Richard Gonzalez,du9v6qt2@company.com,Australia,2024-10-21,Premium,22559.42
7812,Robert Anderson,zhcaodsa@gmail.com,Norway,2023-04-20,Premium,12675.14
7813,Barbara Anderson,3qtcq2rz@outlook.com,Italy,2022-12-27,Basic,11905.88
7814,William Perez,ssj2w6bz@gmail.com,Brazil,2021-03-02,Basic,21769.13
7815,Nancy Garcia,pr3f6mef@mail.com,Netherlands,2020-11-22,Premium,38826.09
7816,Patricia Williams,sgdyel02@example.com,South Korea,2024-01-16,Premium,2466.07
7817,William Thompson,uj4wh6kr@mail.com,Australia,2021-02-19,Basic,24103.37
7818,Lisa Martinez,bskinll4@company.com,South Korea,2022-11-12,Premium,30182.96
7819,Donna Gonzalez,l6m7h8k6@yahoo.com,Germany,2021-12-01,Standard,22711.76
7820,Linda Jones,uvhztojc@mail.com,Netherlands,2024-09-08,Standard,42175.76
7821,Sandra Hernandez,7t7x3tyy@company.com,Mexico,2023-02-23,Premium,13282.61
7822,Daniel Brown,r0tzkt7h@company.com,Brazil,2024-06-30,Standard,6706.87
7823,Jennifer Wilson,kody3giv@yahoo.com,France,2022-04-04,Standard,22950.37
7824,Emily Hernandez,fhe1adee@company.com,Sweden,2022-09-09,Premium,31263.79
7825,Mark White,psi5lwsl@outlook.com,Italy,2020-08-18,Premium,37591.87
7826,Joseph Perez,omy9zqd7@test.com,UK,2021-06-17,Premium,5777.73
7827,Susan Perez,pkdz6qxm@mail.com,South Korea,2024-03-17,Premium,4612.29
7828,Jessica Lopez,ccenj23w@outlook.com,China,2020-03-30,Basic,20155.57
7829,Ashley Gonzalez,6jqiee2d@outlook.com,India,2020-06-23,Basic,26212.67
7830,William Martin,vsw08vyv@email.com,France,2024-01-24,Standard,11822.41
7831,Joseph Taylor,x592rezz@outlook.com,Mexico,2020-05-14,Premium,48332.38
7832,Joseph White,uwxghs2w@test.com,UK,2024-08-05,Standard,7229.37
7833,Lisa Martinez,6b7nqc7t@gmail.com,UK,2024-12-02,Basic,3384.81
7834,Mary Anderson,i0wj3fl8@email.com,Norway,2023-07-02,Basic,8640.74
7835,Emily Wilson,fqvoi9wu@gmail.com,India,2023-04-29,Basic,3414.98
7836,Michael White,eve2jwwd@yahoo.com,Japan,2021-08-22,Premium,8541.88
7837,Paul Martin,kgpax7dr@company.com,Japan,2023-11-29,Standard,41795.96
7838,Sandra Taylor,x5jlfr38@mail.com,India,2021-04-06,Basic,41077.94
7839,Thomas Davis,kfic4jrs@yahoo.com,USA,2022-01-11,Basic,9209.65
7840,James Rodriguez,h6ukv7t7@email.com,Norway,2023-08-09,Standard,17628.81
7841,Paul Harris,qj1410ay@yahoo.com,Spain,2022-08-31,Premium,30980.27
7842,Barbara Jackson,b5rdp8ry@example.com,UK,2021-02-08,Basic,36866.73
7843,Paul Perez,e3ij5mw0@yahoo.com,Norway,2024-11-17,Premium,36929.3
7844,Christopher Thompson,7jrj12pl@outlook.com,Canada,2022-11-02,Basic,10392.55
7845,Donna Martin,cwgg7ua6@company.com,Norway,2021-07-18,Premium,41408.28
7846,John Smith,on1iwzy0@example.com,Spain,2024-05-30,Basic,45449.98
7847,Emily Collins,7opjecsu@email.com,Australia,2024-11-13,Standard,18847.33
7848,Donald Rodriguez,eorfz88u@example.com,Switzerland,2024-05-26,Premium,38862.31
7849,Karen Johnson,x398ly5w@test.com,France,2022-07-05,Standard,45420.26
7850,Jennifer Jackson,g3vmg5vs@example.com,Netherlands,2023-04-27,Standard,26084.64
7851,Lisa Rodriguez,mnvfh3np@gmail.com,China,2020-07-22,Basic,14598.35
7852,Nancy Jackson,wf2b2k0r@outlook.com,India,2021-04-02,Basic,21490.41
7853,Jessica Jackson,9fptlljz@company.com,Mexico,2024-12-26,Premium,15848.02
7854,Sandra Wilson,jdnk5dcy@mail.com,Australia,2023-02-08,Standard,41830.49
7855,Daniel White,h9jy06iw@test.com,France,2023-06-12,Premium,44605.47
7856,John Anderson,p8b01rjz@test.com,USA,2022-10-20,Premium,40028.18
7857,Charles Taylor,oiys2845@gmail.com,South Korea,2020-05-15,Premium,34771.2
7858,Andrew Garcia,4rryv960@company.com,Switzerland,2023-09-23,Basic,9534.27
7859,Mark Smith,1in0bx89@yahoo.com,Brazil,2021-03-17,Standard,17675.65
7860,Mary Martinez,wawdkl62@test.com,UK,2021-08-19,Basic,22160.89
7861,Steven Jackson,9vnidrbu@yahoo.com,Canada,2022-08-28,Standard,18924.26
7862,Barbara Rodriguez,gmf992rf@mail.com,Sweden,2023-07-04,Basic,41844.16
7863,David Anderson,vjl4pc7d@mail.com,Spain,2021-04-23,Standard,10174.04
7864,Lisa Thomas,sj9isbbl@example.com,Spain,2021-04-18,Basic,36609.64
7865,Linda Martin,e8d4klie@company.com,Norway,2023-10-05,Basic,33768.14
7866,Patricia Hernandez,ogmof9q3@outlook.com,Mexico,2024-06-30,Standard,48487.79
7867,Mary Reeves,63m6p879@outlook.com,Germany,2022-07-27,Basic,44949.58
7868,Daniel Roberts,ll86ya3i@mail.com,France,2023-11-03,Standard,27940.33
7869,Paul Harris,edmdv7bv@yahoo.com,Switzerland,2020-09-08,Standard,20576.78
7870,Daniel Jones,qmgeq05b@mail.com,India,2024-02-25,Premium,10600.88
7871,Christopher Martin,afavo5hf@email.com,UK,2022-09-06,Premium,32029.09
7872,Joseph Williams,z58poajy@example.com,Spain,2022-05-02,Standard,30990.48
7873,Ashley Garcia,yyh84dxe@gmail.com,South Korea,2020-11-12,Standard,15566.39
7874,Karen Davis,xidxigpb@company.com,Switzerland,2020-10-17,Basic,48119.37
7875,Mary Martin,cjhat9ay@email.com,South Korea,2020-01-02,Standard,40963.08
7876,Kimberly White,asjyxnbw@gmail.com,France,2022-12-17,Premium,7532.48
7877,Karen Johnson,dmlwv7qn@mail.com,Canada,2022-04-19,Premium,24690.24
7878,Andrew Jackson,m1fervr2@gmail.com,Australia,2023-09-13,Standard,13986.72
7879,Sandra Garcia,8kh5b66i@example.com,Japan,2024-05-18,Premium,41215.06
7880,Thomas Roberts,hnyupr69@gmail.com,Italy,2021-10-06,Basic,47360.06
7881,Daniel Lopez,h2kmsp5k@test.com,Norway,2024-09-02,Standard,46027.66
7882,David Garcia,my8nhutu@email.com,Australia,2023-05-18,Basic,41144.54
7883,Linda Garcia,lcplm3jq@email.com,India,2024-11-07,Standard,42634.94
7884,Andrew Moore,2qusv9ug@outlook.com,Canada,2023-06-12,Standard,41268.06
7885,Barbara Rodriguez,wczkh1g6@gmail.com,South Korea,2021-06-17,Premium,26410.49
7886,Sarah Gonzalez,qh8ph2ti@test.com,USA,2023-06-17,Premium,41305.95
7887,James Collins,7kejfsju@mail.com,Netherlands,2022-12-07,Premium,6219.8
7888,Ashley Jackson,4ygarfp7@outlook.com,France,2023-09-04,Basic,2329.09
7889,Christopher Edwards,ya2i37fj@company.com,Canada,2022-06-06,Basic,27525.53
7890,Emily Collins,iea5tnr1@gmail.com,Italy,2020-12-09,Premium,14091.05
7891,Sarah White,mmmwecw6@test.com,Germany,2022-04-10,Premium,47441.4
7892,Barbara Perez,l7gag6cb@company.com,South Korea,2023-08-23,Basic,44652.57
7893,Kimberly Reeves,vw14z2fo@email.com,France,2021-04-11,Basic,40012.69
7894,Margaret Garcia,8y33s7k3@outlook.com,Japan,2024-02-19,Standard,5896.22
7895,Betty Taylor,n0jz0iog@yahoo.com,China,2021-05-31,Premium,3064.77
7896,Nancy Roberts,grp1okp9@gmail.com,India,2022-10-04,Standard,31399.19
7897,Karen Lopez,uwgyiz07@gmail.com,Spain,2022-07-24,Premium,12444.66
7898,Matthew Smith,cbocg69m@yahoo.com,Australia,2023-03-16,Standard,26112.45
7899,William Wilson,ske6c8eg@example.com,Mexico,2022-01-20,Basic,18961.62
7900,Steven Martinez,e2ees23j@mail.com,Australia,2024-07-05,Basic,49254.74
7901,Christopher Brown,229env4y@yahoo.com,USA,2023-10-09,Standard,4189.27
7902,Susan Jones,qesdnc1k@yahoo.com,Sweden,2021-05-31,Standard,27794.02
7903,Barbara Jones,sbmhogr9@example.com,South Korea,2021-12-02,Basic,27352.91
7904,John White,ozeb7efk@email.com,Italy,2024-01-22,Standard,19868.43
7905,James White,zkh1xt8w@gmail.com,Norway,2021-11-26,Standard,46312.62
7906,Karen Miller,bum02sgr@mail.com,USA,2021-06-24,Standard,39712.75
7907,Jennifer Lee,bj5g96f8@company.com,Norway,2020-08-29,Basic,8450.04
7908,Betty Lee,m43ij0wq@outlook.com,Switzerland,2022-06-27,Basic,30550.08
7909,Betty Roberts,kbnuwm1i@mail.com,Brazil,2020-01-01,Basic,28937.92
7910,Ashley Hernandez,hk9k3wuk@outlook.com,USA,2023-07-28,Basic,36662.64
7911,Richard Hernandez,q690l5jc@yahoo.com,Brazil,2023-04-14,Basic,40315.07
7912,John Wilson,ppc1pox3@example.com,France,2022-11-12,Basic,25259.78
7913,Margaret Brown,mlx2gell@outlook.com,UK,2024-11-09,Standard,6349.41
7914,Christopher Smith,cj0ffegk@example.com,USA,2021-09-29,Standard,29752.32
7915,Donna Thompson,d7n1k7rt@example.com,Japan,2022-03-02,Basic,3669.58
7916,Lisa Thomas,85sphuqy@company.com,Germany,2024-06-15,Premium,4632.92
7917,Sarah Jones,mud48oh9@yahoo.com,Australia,2022-08-04,Basic,43767.73
7918,Richard Moore,99rsymaq@company.com,Netherlands,2020-07-18,Standard,38632.6
7919,Mark Lee,akcel35y@example.com,Brazil,2022-04-29,Premium,28872.67
7920,Steven Collins,r4wjlhya@yahoo.com,Japan,2021-03-28,Premium,4848.84
7921,Ashley Hernandez,hrfos7kj@company.com,Netherlands,2020-02-02,Basic,48151.54
7922,Mark Rodriguez,376v9px2@email.com,Canada,2020-07-15,Standard,23118.81
7923,Lisa Smith,7rree6pi@mail.com,France,2024-03-28,Standard,48094.36
7924,Andrew Garcia,hyq00vna@email.com,UK,2021-09-16,Premium,42400.88
7925,Barbara Jones,1omdt7tf@outlook.com,Germany,2024-04-15,Premium,21290.15
7926,Matthew Lee,zpok6vwe@outlook.com,India,2021-06-19,Premium,23288.89
7927,Mary Jackson,2y1uhfz8@outlook.com,Italy,2020-05-26,Basic,17091.36
7928,Joseph Reeves,5wy1zpl7@email.com,India,2022-10-23,Premium,33965.8
7929,Mark Jones,2vqtnhj4@gmail.com,USA,2021-06-29,Premium,37652.15
7930,Daniel Wilson,v8aloju6@gmail.com,Spain,2023-09-18,Standard,6043.3
7931,John Wilson,zebqa42z@yahoo.com,Netherlands,2020-09-16,Standard,48917.36
7932,Robert Collins,gzmhpiog@mail.com,Sweden,2024-12-18,Premium,32236.77
7933,Nancy Williams,6zynr929@gmail.com,Brazil,2023-07-12,Basic,9825.59
7934,Emily Smith,erd876d7@email.com,Brazil,2021-06-08,Standard,10502.2
7935,James Rodriguez,k7xuj6ad@mail.com,Japan,2022-12-01,Basic,1215.12
7936,Andrew Thompson,9t72mt9g@company.com,France,2022-12-14,Premium,48188.63
7937,Nancy Wilson,nunjz8jl@outlook.com,France,2021-08-22,Standard,35261.12
7938,Andrew Taylor,9zlo8h6l@gmail.com,Sweden,2024-03-17,Standard,1769.29
7939,Sarah Perez,r89ub9su@test.com,UK,2023-02-28,Premium,22117.45
7940,Sandra Jackson,y7bj5ikm@gmail.com,Netherlands,2023-12-26,Premium,36996.77
7941,Emily Collins,5s64qeqi@yahoo.com,Canada,2024-01-17,Premium,36563.61
7942,Patricia Rodriguez,brdcdtlf@email.com,Canada,2020-06-04,Premium,3162.97
7943,Joseph Miller,60hdb8zj@yahoo.com,Spain,2024-07-12,Basic,48077.67
7944,Emily Rodriguez,7yt6jba8@outlook.com,Australia,2023-05-22,Premium,1412.25
7945,Margaret Jackson,8e3lje00@company.com,Sweden,2024-06-21,Standard,47007.86
7946,Charles Martin,n4af0qqo@gmail.com,UK,2021-07-22,Standard,7404.27
7947,Nancy Martinez,mzo990uc@gmail.com,China,2023-04-26,Basic,9371.32
7948,Donna Gonzalez,xymbnmmm@example.com,Mexico,2020-12-12,Premium,27124.1
7949,Michael Jackson,wwjft73z@outlook.com,Sweden,2020-07-11,Standard,29381.66
7950,Patricia Martinez,m63z4se4@email.com,Netherlands,2024-01-15,Standard,15445.13
7951,Donna Collins,2lter5ob@email.com,Sweden,2020-04-28,Standard,36781.49
7952,Sandra Wilson,x5bnv9o1@gmail.com,Australia,2022-01-20,Basic,8133.84
7953,Lisa Davis,sninw8az@email.com,Spain,2022-02-09,Basic,4650.3
7954,James Smith,6qean4rs@test.com,India,2024-01-02,Standard,17639.39
7955,Christopher White,ty2l6v8k@yahoo.com,India,2020-06-02,Basic,36999.46
7956,David Hernandez,58dbvkfz@yahoo.com,Switzerland,2024-03-18,Standard,33701.14
7957,Charles Brown,ugox8dqm@gmail.com,Norway,2024-02-10,Premium,751.69
7958,Margaret Johnson,abwzwhdg@mail.com,India,2022-07-17,Premium,45671.26
7959,John Roberts,mbu04a2x@mail.com,China,2022-10-03,Basic,8717.75
7960,Margaret Martinez,ksi6igo6@outlook.com,Brazil,2020-06-11,Basic,4996.81
7961,Daniel Edwards,oy8dow5g@outlook.com,China,2024-05-18,Premium,1472.92
7962,Andrew Davis,o2ienkh6@example.com,China,2023-05-13,Premium,40626.05
7963,Andrew Taylor,qyyeaquq@gmail.com,Netherlands,2024-05-25,Premium,12108.22
7964,Linda Anderson,3rulnvbr@company.com,South Korea,2020-07-21,Standard,38928.48
7965,Barbara Roberts,3wtu76ox@company.com,UK,2024-06-12,Basic,8699.45
7966,Patricia White,kigmuykq@outlook.com,Sweden,2023-01-19,Standard,44356.75
7967,Paul Edwards,adlzqpwi@yahoo.com,Italy,2022-08-13,Basic,19297.53
7968,Mary Roberts,sks1wm1k@gmail.com,Italy,2023-08-25,Standard,29283.51
7969,Barbara Garcia,ukptfo68@test.com,Spain,2023-08-28,Standard,48655.0
7970,Susan Anderson,ikhjwfn4@gmail.com,Italy,2024-05-08,Premium,6431.13
7971,Andrew Smith,ms8shrdj@company.com,China,2023-05-31,Premium,43737.77
7972,Richard White,4mkb30sc@test.com,UK,2022-08-12,Basic,26326.53
7973,Margaret Jones,m7z2j0za@email.com,Canada,2021-06-07,Premium,36426.78
7974,Steven Moore,f1649qwr@outlook.com,UK,2023-04-27,Premium,2639.89
7975,Betty Jackson,6op8uwfx@email.com,South Korea,2022-06-18,Premium,14489.87
7976,James Martin,z48jpvyx@email.com,Australia,2024-07-31,Standard,20668.17
7977,Andrew Jones,7pjzvqp3@test.com,Switzerland,2022-06-03,Basic,5317.85
7978,Nancy Harris,g8q8ii7c@outlook.com,USA,2023-05-28,Premium,14835.95
7979,Christopher Collins,tvnsrd1b@gmail.com,France,2022-06-25,Standard,15450.99
7980,Andrew Thomas,htnwj3y9@mail.com,Germany,2022-11-25,Standard,18162.84
7981,Lisa Moore,ke4lc6xz@test.com,France,2020-01-01,Premium,39529.15
7982,Daniel Reeves,itz9ii3k@outlook.com,Australia,2023-05-24,Basic,21380.65
7983,Richard Smith,e2atfamw@mail.com,India,2023-05-21,Basic,49105.94
7984,John Jackson,qhrkfozi@mail.com,Mexico,2020-10-18,Basic,45568.49
7985,Donald Harris,dsicxwkb@mail.com,South Korea,2022-11-21,Standard,36025.6
7986,Richard Jackson,ng6il2nm@mail.com,Brazil,2021-02-11,Basic,20227.47
7987,Ashley Thomas,fi2ncysg@company.com,Netherlands,2024-06-30,Basic,2010.26
7988,Mary Brown,9hjxt072@email.com,Canada,2024-01-19,Basic,45509.94
7989,Andrew Martin,5lgppegt@company.com,USA,2022-08-31,Premium,43799.56
7990,Mary Jones,nsrnmbfs@test.com,Switzerland,2021-08-29,Basic,32777.81
7991,James Martinez,zvpuxqhd@yahoo.com,Italy,2020-01-20,Basic,33213.91
7992,William Moore,j0mj3a65@outlook.com,Sweden,2024-10-23,Standard,30579.83
7993,Emily Thomas,34x8jiv8@mail.com,Canada,2021-07-18,Premium,14027.13
7994,Margaret Williams,rtsoyogw@test.com,Australia,2021-04-03,Standard,36599.52
7995,Margaret Anderson,f4hj0s55@outlook.com,Switzerland,2020-10-17,Standard,24980.14
7996,Linda Lopez,wsuaaex3@company.com,Norway,2022-12-12,Premium,32416.86
7997,Betty Jackson,cmxobvpt@yahoo.com,Spain,2024-07-09,Basic,18304.54
7998,Robert Hernandez,lgrhax4w@company.com,Norway,2024-05-07,Premium,34995.45
7999,Sarah Perez,z59fgnmk@company.com,Italy,2021-01-28,Standard,24520.39
8000,Patricia Collins,d1mcc6k9@outlook.com,Japan,2021-04-27,Premium,6701.02
8001,Daniel Martin,nqopzu46@test.com,Canada,2024-11-03,Standard,32897.19
8002,Sandra Jones,gtpxp0vh@mail.com,Japan,2022-01-01,Basic,34696.09
8003,Daniel Hernandez,zvm3cuzz@email.com,Norway,2020-03-18,Premium,634.92
8004,Sandra Edwards,qnrveuhh@yahoo.com,Norway,2021-05-01,Standard,41534.25
8005,Andrew Martinez,79n9wz2s@yahoo.com,India,2020-01-10,Premium,22757.42
8006,Andrew Hernandez,0tr16jnh@gmail.com,Brazil,2024-09-28,Standard,48342.21
8007,Donald Garcia,k1fqcwog@yahoo.com,Germany,2020-02-16,Basic,15952.22
8008,Paul Thompson,nf9kga29@company.com,Norway,2022-09-05,Standard,46718.02
8009,Jessica Garcia,enmble51@test.com,Netherlands,2023-04-02,Standard,2603.18
8010,James Collins,9lz9ably@test.com,Netherlands,2020-11-12,Standard,15207.83
8011,Patricia Brown,06vv8ws8@example.com,Germany,2020-03-17,Standard,47570.08
8012,Christopher Hernandez,va29tyre@company.com,Spain,2022-05-09,Premium,47309.28
8013,John Wilson,ew4op4d6@test.com,Norway,2022-04-29,Premium,35145.42
8014,David Reeves,72g528gq@example.com,Japan,2021-04-12,Standard,31530.79
8015,William Martin,fp85l1g1@yahoo.com,Norway,2021-01-11,Premium,22935.41
8016,Patricia Jackson,9almjyvj@example.com,Switzerland,2023-02-26,Basic,11368.19
8017,Nancy Brown,q8l02i7h@company.com,South Korea,2024-05-19,Standard,46038.31
8018,Andrew Thomas,nng9pcad@example.com,Canada,2021-06-29,Standard,44055.35
8019,Barbara Martin,rw7x5teo@gmail.com,Germany,2024-10-29,Basic,48753.48
8020,Charles Taylor,rdcorzog@company.com,Spain,2023-12-03,Premium,18843.44
8021,Karen Harris,0h8pl4hg@test.com,Germany,2024-01-13,Premium,5439.81
8022,Richard Wilson,cesy87wy@gmail.com,Mexico,2021-03-30,Basic,24375.41
8023,Mark Jackson,ij4gyij8@email.com,Germany,2023-07-24,Basic,38578.58
8024,Ashley Thomas,96j2vf9a@example.com,South Korea,2020-01-20,Standard,40337.66
8025,Sarah Moore,fb4gp65q@email.com,USA,2022-08-24,Basic,36146.04
8026,Sandra Collins,jtp84hvv@example.com,Sweden,2023-06-11,Standard,3984.95
8027,Karen Brown,urfpoxmr@yahoo.com,Switzerland,2021-08-16,Basic,3271.07
8028,John Williams,kbjbiqkm@outlook.com,USA,2022-02-27,Premium,44786.01
8029,Barbara Roberts,y2fblo77@company.com,Brazil,2022-05-19,Standard,21298.21
8030,Steven Edwards,8crn91s4@email.com,Netherlands,2024-06-08,Premium,38574.0
8031,James Davis,2wbzfzjw@email.com,Sweden,2021-12-19,Standard,14738.92
8032,Jennifer Lee,ez81fbnh@example.com,Spain,2021-05-17,Basic,16290.59
8033,Emily Perez,gbcwi45r@company.com,USA,2023-03-23,Premium,7265.95
8034,Thomas Moore,waydrur2@yahoo.com,USA,2024-03-25,Basic,45629.32
8035,Linda Martinez,f54dibu5@yahoo.com,Switzerland,2021-06-21,Standard,31034.89
8036,Linda Taylor,nww4e3j8@company.com,Mexico,2020-09-24,Premium,25763.04
8037,Karen Collins,gq9blywc@company.com,France,2020-10-04,Premium,21253.05
8038,William Gonzalez,65p2lnp0@outlook.com,Germany,2020-06-02,Premium,38749.5
8039,Richard Edwards,xzsg72s8@company.com,China,2021-03-25,Basic,36928.71
8040,Christopher Thomas,sycvje6j@outlook.com,Switzerland,2021-10-03,Basic,5785.69
8041,Charles Martin,dr6lwiso@email.com,Australia,2021-04-29,Standard,43831.67
8042,John Garcia,2tiwbft5@example.com,Switzerland,2022-05-19,Premium,46541.52
8043,James Martin,eqrw4fqm@example.com,UK,2021-07-15,Standard,12199.02
8044,Jennifer Lopez,ttk7hb87@test.com,Sweden,2021-09-27,Premium,20703.21
8045,Robert Gonzalez,fd2h88qc@yahoo.com,Australia,2021-08-13,Basic,12381.11
8046,Donald Jackson,i0g5tlxg@company.com,Italy,2023-10-12,Premium,782.5
8047,Ashley Collins,61cxsq38@email.com,Norway,2024-06-26,Premium,17802.45
8048,Barbara Martin,4qpdkjlw@mail.com,USA,2023-11-06,Standard,20058.76
8049,Linda Collins,rn3w0493@email.com,Sweden,2023-08-25,Premium,25266.53
8050,John Anderson,b35pyhnb@example.com,USA,2023-03-07,Basic,35442.44
8051,Nancy Gonzalez,qyskfg2m@example.com,Japan,2022-11-08,Standard,21179.03
8052,Mark Moore,d9tmtwq2@mail.com,UK,2021-01-25,Premium,8926.14
8053,Daniel Reeves,h68hh8dw@yahoo.com,Norway,2023-07-10,Premium,39465.25
8054,Andrew Hernandez,e8n23yb1@email.com,Japan,2022-09-06,Premium,22453.97
8055,Sarah Brown,6osdmo5y@gmail.com,UK,2020-04-14,Standard,31014.0
8056,Linda White,fc6ry6sz@gmail.com,India,2023-03-15,Premium,29030.94
8057,Thomas Davis,23ecnv5v@yahoo.com,Netherlands,2020-05-18,Premium,33030.77
8058,Donald Harris,xrkjh51i@mail.com,Japan,2024-02-14,Premium,14263.26
8059,John Lopez,dxi7bmaj@company.com,Canada,2022-04-23,Standard,22487.19
8060,Michael Moore,3jtzw8mb@company.com,Germany,2020-03-24,Basic,29382.14
8061,Charles Williams,0vngpvix@test.com,Australia,2021-03-27,Basic,12463.41
8062,Andrew Hernandez,tzal1ei1@yahoo.com,Spain,2022-08-24,Basic,42723.8
8063,Sarah Garcia,5bh9utdv@yahoo.com,Netherlands,2021-12-23,Premium,31219.45
8064,Andrew Jackson,pozszn5c@test.com,USA,2021-02-03,Premium,42547.2
8065,Kimberly Miller,pof0m7kp@email.com,Canada,2021-05-12,Premium,39263.67
8066,Charles Johnson,vz0wjkix@company.com,UK,2023-03-04,Premium,11677.32
8067,Joseph Moore,mxiy309l@outlook.com,India,2020-01-15,Basic,11279.82
8068,Kimberly Thomas,o1tainoh@company.com,Japan,2021-01-17,Basic,44288.33
8069,David White,c8iuilss@test.com,Mexico,2020-09-04,Basic,22325.17
8070,Patricia Garcia,h5gvgthz@gmail.com,Italy,2020-01-17,Standard,14969.82
8071,Richard Anderson,2yxg9aw2@gmail.com,Switzerland,2021-12-25,Basic,9543.03
8072,Thomas Martin,eh8a7tot@outlook.com,Netherlands,2022-02-20,Premium,30309.25
8073,Paul Collins,42ius2bq@email.com,Japan,2022-09-12,Standard,40141.29
8074,Matthew Smith,eqgfjbwk@yahoo.com,USA,2024-04-05,Basic,49939.81
8075,Matthew Thompson,6ss55iuq@yahoo.com,Norway,2021-06-10,Standard,27755.5
8076,Nancy Martin,vizu4h6p@email.com,Brazil,2023-08-23,Premium,38336.72
8077,Donald Rodriguez,wvrz1h48@outlook.com,Switzerland,2020-01-16,Basic,45904.91
8078,Charles Taylor,6zn3ymjd@yahoo.com,UK,2022-04-02,Basic,29723.55
8079,Kimberly Wilson,6zbaxmz4@example.com,UK,2023-03-02,Premium,28504.11
8080,Ashley Perez,7bfjr8wb@company.com,Germany,2024-09-26,Premium,36433.96
8081,Matthew Jackson,hnwivb4y@yahoo.com,UK,2023-10-25,Basic,37005.24
8082,Mark Edwards,nbewq73f@company.com,France,2024-05-17,Basic,6539.75
8083,Steven Hernandez,2bz7bht5@company.com,Mexico,2020-10-30,Basic,35202.11
8084,Christopher Martin,6l0zqxor@test.com,Italy,2021-07-16,Premium,2270.67
8085,Joseph Collins,mj1jhr3z@mail.com,China,2023-09-22,Premium,24663.98
8086,Margaret Jackson,1wl5zv0e@company.com,Brazil,2020-01-24,Premium,19753.11
8087,Patricia Martin,bgnm5jo5@outlook.com,Norway,2022-07-25,Standard,513.31
8088,Donald Lee,7yezyz3f@company.com,Italy,2021-08-29,Basic,42177.12
8089,Jennifer Roberts,oetqikl7@example.com,USA,2020-09-19,Standard,20441.74
8090,Margaret Roberts,bimhwj0b@test.com,France,2022-09-14,Basic,12781.81
8091,Donna Harris,7wig6bat@outlook.com,Australia,2024-11-12,Premium,20053.67
8092,Matthew Martin,i2r7rloh@gmail.com,Mexico,2022-11-29,Standard,41260.14
8093,Emily Williams,f922d6m1@email.com,Japan,2020-01-18,Basic,36132.41
8094,Margaret Davis,3nqn41uk@yahoo.com,Germany,2022-05-31,Premium,45458.29
8095,Patricia Brown,njyn2ffd@mail.com,UK,2023-11-14,Basic,26297.46
8096,William Jackson,740988ye@company.com,Netherlands,2023-04-03,Standard,15858.61
8097,Nancy Davis,89h9efn4@test.com,Brazil,2020-08-27,Premium,18539.09
8098,David Lee,5o4dfcle@mail.com,Mexico,2023-08-05,Standard,25092.22
8099,Christopher Garcia,uw0jrp49@mail.com,Norway,2021-08-28,Standard,5950.05
8100,Sarah Gonzalez,dwy4d7n7@email.com,Spain,2020-01-18,Standard,16876.67
8101,Ashley Smith,hxp6sbqs@email.com,Australia,2023-04-06,Premium,9080.23
8102,David Thompson,srffuefz@company.com,Sweden,2023-05-15,Standard,15170.73
8103,Betty Davis,67ybx982@email.com,Switzerland,2021-05-19,Basic,18134.65
8104,Donna Anderson,j1ynjcc1@example.com,Netherlands,2021-02-07,Standard,29068.95
8105,William White,qnq0ecib@gmail.com,South Korea,2022-12-11,Standard,14164.86
8106,Sarah Hernandez,pybr83f5@company.com,Netherlands,2022-04-10,Standard,8028.23
8107,Daniel Miller,44p0z4o2@mail.com,Italy,2023-07-19,Basic,37946.21
8108,Linda Smith,2wq24qey@company.com,Sweden,2023-08-10,Basic,34758.68
8109,Barbara Hernandez,y63ozg8a@outlook.com,Brazil,2023-08-02,Standard,7519.65
8110,Richard Miller,sei3tvl1@example.com,Italy,2022-06-28,Basic,39650.97
8111,David Taylor,rzgzx1yf@example.com,France,2024-04-08,Basic,9912.83
8112,William Gonzalez,0tr4qwyb@yahoo.com,USA,2022-09-24,Standard,45931.24
8113,Daniel Martinez,9k6nzep7@email.com,Spain,2023-11-13,Standard,6705.01
8114,Mary Reeves,vu5yccn1@outlook.com,Australia,2020-06-07,Basic,37080.23
8115,James Hernandez,y7o2tahs@company.com,Netherlands,2024-03-06,Standard,26232.08
8116,Robert Wilson,ctmtfy71@outlook.com,Sweden,2020-11-08,Basic,6140.12
8117,Linda Perez,u47db362@example.com,Norway,2021-12-23,Basic,11091.3
8118,William Rodriguez,sbl2v184@company.com,South Korea,2022-07-15,Premium,3502.7
8119,Susan Collins,k4uqar2k@example.com,Norway,2021-12-06,Basic,24943.52
8120,Matthew Taylor,xukxy7fa@example.com,Mexico,2023-06-01,Basic,27683.17
8121,Sarah Thomas,nxsmi614@test.com,Spain,2024-06-07,Standard,41975.05
8122,Donna Johnson,fk0v3ari@outlook.com,UK,2020-03-28,Premium,33467.15
8123,Jennifer Thompson,e89vvnx4@mail.com,Germany,2021-12-23,Standard,3204.22
8124,Mark White,fi0kns09@gmail.com,France,2020-06-09,Premium,48524.67
8125,David Jackson,fzmr2nwd@mail.com,Netherlands,2022-11-26,Premium,27897.89
8126,Daniel Lopez,aopoww2c@example.com,Italy,2024-07-20,Basic,49925.45
8127,Emily Jones,ytgfqz27@example.com,France,2024-04-16,Premium,979.83
8128,Sarah White,lktgftcz@yahoo.com,France,2023-12-20,Basic,39504.58
8129,Mary Thomas,19q7h3i5@company.com,South Korea,2020-10-08,Standard,33552.21
8130,Kimberly Gonzalez,vigftpbg@outlook.com,Japan,2024-10-13,Basic,40056.48
8131,Matthew Harris,fthgnrkn@company.com,Brazil,2021-05-31,Basic,25419.94
8132,Sarah Moore,jpbeuplq@yahoo.com,Spain,2023-08-18,Premium,16787.46
8133,David Reeves,pdmi0zpd@example.com,South Korea,2023-01-17,Premium,14696.03
8134,Daniel Roberts,j96dgimq@email.com,Mexico,2023-07-13,Premium,8723.1
8135,Betty Williams,i0lzkxks@outlook.com,Australia,2020-06-05,Basic,18666.51
8136,James Jackson,2rxdgzt2@example.com,Switzerland,2021-03-24,Premium,5588.72
8137,Daniel Thomas,7oeuyi4y@gmail.com,Sweden,2024-12-19,Standard,34663.51
8138,Thomas Jones,rclnz7au@yahoo.com,Switzerland,2023-04-21,Premium,34490.1
8139,Joseph Edwards,qzf2iveh@company.com,Italy,2020-06-02,Basic,3789.53
8140,David Garcia,wv6skw7p@mail.com,UK,2021-10-29,Basic,33005.25
8141,Steven Anderson,q6hzojxz@company.com,China,2023-10-23,Basic,43584.78
8142,Barbara Harris,zr8964wp@gmail.com,Australia,2020-08-05,Premium,11400.77
8143,Betty Lee,mr5x0648@email.com,France,2021-10-09,Premium,39805.84
8144,Susan Taylor,hn9chxp7@outlook.com,Spain,2023-01-26,Standard,29465.97
8145,Jennifer Wilson,quvss1qm@email.com,France,2023-05-07,Premium,24158.32
8146,Linda Williams,ccksb0oj@yahoo.com,China,2020-09-28,Premium,49358.39
8147,Sarah Rodriguez,sijndwce@yahoo.com,Australia,2021-09-29,Basic,33359.76
8148,Emily Williams,gc2huybb@test.com,India,2024-08-08,Premium,11052.71
8149,Linda Roberts,lsubu1ye@company.com,Australia,2023-09-10,Standard,34435.56
8150,Christopher Taylor,dvwuws08@yahoo.com,South Korea,2020-12-25,Basic,48187.3
8151,John Jones,371d1zfd@mail.com,Brazil,2023-01-26,Basic,16658.61
8152,Kimberly Moore,im4sa6nx@mail.com,France,2020-08-22,Basic,30629.94
8153,Steven Miller,4jiunwbq@test.com,USA,2020-08-17,Basic,4589.41
8154,Kimberly Thompson,t9nh0at6@email.com,Spain,2022-03-28,Standard,16896.03
8155,Betty Johnson,0fnhsuhi@example.com,China,2021-07-01,Premium,46526.78
8156,Matthew Collins,k5hw18jk@outlook.com,Spain,2022-01-10,Standard,41907.71
8157,Donald Garcia,m3h1bas2@gmail.com,India,2023-05-14,Premium,9075.31
8158,Paul Williams,b0oq004g@company.com,USA,2024-06-06,Premium,24395.83
8159,Kimberly Collins,zw2dchfd@yahoo.com,South Korea,2021-01-12,Basic,14232.72
8160,Margaret Brown,o7rrwjk6@gmail.com,UK,2020-12-23,Standard,47189.41
8161,William Lee,cdt7p917@test.com,Spain,2024-04-04,Premium,26442.39
8162,Michael White,huhx53ap@example.com,South Korea,2023-12-05,Standard,27089.16
8163,Margaret Brown,ebsf434u@mail.com,Netherlands,2023-03-19,Standard,38362.21
8164,Paul Edwards,uupjpg09@outlook.com,China,2024-03-25,Basic,30358.9
8165,Paul Martin,vm2kaec4@yahoo.com,Norway,2024-04-14,Premium,8717.3
8166,Jessica Gonzalez,odjbo7b2@yahoo.com,France,2021-08-31,Standard,33294.43
8167,Ashley Lopez,htrt6rya@outlook.com,Germany,2024-02-24,Basic,14483.09
8168,Betty Taylor,4gl3kx80@mail.com,China,2021-12-22,Standard,35149.01
8169,John Martin,n526edo1@example.com,Italy,2022-01-13,Basic,25943.42
8170,Joseph Lee,jl73ywz3@email.com,UK,2022-07-26,Basic,15376.87
8171,James Thomas,kabm0wcb@company.com,Sweden,2024-06-30,Premium,27700.04
8172,Steven Smith,jykcbt0e@company.com,Brazil,2020-03-15,Standard,2779.96
8173,Betty Perez,i7b0hbll@outlook.com,France,2024-04-07,Basic,39050.12
8174,Christopher Williams,zgz87msn@test.com,Mexico,2021-03-21,Standard,17467.0
8175,Mark Gonzalez,opa98bnl@example.com,UK,2023-01-05,Standard,19457.08
8176,Patricia Rodriguez,pp22wcrn@gmail.com,Switzerland,2024-01-09,Standard,43120.49
8177,Michael Martin,g7a74fv0@yahoo.com,China,2024-03-18,Basic,6074.9
8178,Jennifer Martin,zqrtdgdu@yahoo.com,China,2022-11-25,Basic,48239.65
8179,Emily Jackson,49xd90rr@company.com,Japan,2021-02-24,Basic,3173.98
8180,Matthew Brown,bvf710td@email.com,France,2020-06-13,Basic,24909.27
8181,Barbara Reeves,zg5peimn@yahoo.com,Spain,2024-06-07,Basic,30108.96
8182,Richard Hernandez,lx00yj3l@company.com,France,2023-01-19,Basic,36450.18
8183,Donald Martin,f1bievhk@company.com,Brazil,2021-12-08,Basic,15259.15
8184,Patricia Roberts,ldv97ida@yahoo.com,Netherlands,2024-05-19,Basic,49019.35
8185,Matthew Edwards,5zdbjs7p@company.com,Netherlands,2024-07-14,Standard,30779.5
8186,Ashley Brown,ulftuasn@yahoo.com,South Korea,2021-01-12,Standard,27205.68
8187,Donna Lee,fag8ybz3@mail.com,Switzerland,2020-07-14,Basic,49801.53
8188,Steven Roberts,xc9qak5d@outlook.com,USA,2022-07-19,Premium,43297.93
8189,Linda Brown,1ccga36f@mail.com,Sweden,2022-09-16,Standard,22843.37
8190,Sarah Miller,na9w3vyv@company.com,Netherlands,2021-01-20,Standard,19709.09
8191,Paul Jones,tvh2h63h@mail.com,China,2021-05-28,Premium,11600.29
8192,John Martin,0nmfodb4@outlook.com,USA,2024-07-17,Premium,38682.76
8193,Mary Lee,5672tsom@example.com,Germany,2023-11-04,Standard,14737.91
8194,Donald Roberts,qpqfnqfl@company.com,Brazil,2023-01-17,Standard,29982.72
8195,Richard Edwards,j1oktsf8@mail.com,Switzerland,2020-11-16,Basic,4652.66
8196,Margaret Brown,6uwmdciy@example.com,Italy,2024-05-21,Standard,23393.06
8197,Andrew Lopez,g33jq9b3@gmail.com,Mexico,2020-02-02,Standard,44779.27
8198,Jessica Gonzalez,veestrbu@gmail.com,South Korea,2022-07-12,Basic,31419.51
8199,John Davis,6p3o0m6z@email.com,South Korea,2020-02-16,Basic,36153.03
8200,Sandra Rodriguez,gughenyt@company.com,Germany,2020-02-14,Basic,21933.55
8201,Matthew Roberts,guacdi77@company.com,Netherlands,2022-02-19,Standard,18872.75
8202,Susan White,2qxjjr4k@example.com,Norway,2020-02-03,Basic,25019.33
8203,Sandra Roberts,ge5u5kkj@example.com,Germany,2023-03-17,Basic,31901.57
8204,Richard Collins,cwsihq6b@mail.com,Australia,2023-12-05,Basic,35107.03
8205,Charles Miller,4is7effp@outlook.com,UK,2024-12-14,Basic,872.71
8206,Michael Smith,4hycxptc@test.com,Italy,2023-07-31,Basic,31434.16
8207,Robert Hernandez,h7fw9igw@company.com,South Korea,2020-12-11,Basic,20459.91
8208,Mark Miller,7z8ilfzt@outlook.com,UK,2023-10-28,Basic,451.58
8209,Ashley Martinez,d5zbjn2j@test.com,France,2020-02-13,Standard,24934.68
8210,Susan Martinez,raeryted@company.com,Canada,2021-05-17,Basic,35408.98
8211,Donna Lee,cwyp03m4@company.com,Switzerland,2023-04-14,Standard,44904.97
8212,Christopher Thompson,dlrcf0p8@test.com,Netherlands,2024-05-21,Premium,7938.48
8213,Emily Perez,xudmio77@gmail.com,Switzerland,2020-05-18,Standard,5818.53
8214,Robert Smith,z35liyum@yahoo.com,Norway,2023-08-02,Premium,27364.41
8215,Steven Williams,1ev2kly0@mail.com,Netherlands,2020-02-02,Premium,11077.58
8216,Daniel Wilson,e95is1di@test.com,Sweden,2023-05-03,Premium,38477.8
8217,Sandra Edwards,mncj12zj@test.com,Japan,2023-03-09,Standard,34533.14
8218,Jennifer Martin,mq6kgq3i@mail.com,Italy,2020-10-15,Premium,9527.15
8219,Susan White,30jsep8o@outlook.com,Australia,2023-11-16,Standard,34453.79
8220,Margaret Lee,83e58v2i@outlook.com,Canada,2021-04-04,Premium,35358.64
8221,David Reeves,6gispgsk@outlook.com,Netherlands,2020-12-29,Premium,30831.41
8222,Margaret Thomas,1jjobbms@email.com,China,2022-07-19,Premium,30265.46
8223,Jennifer Roberts,49ijaz37@email.com,France,2020-07-05,Standard,38179.87
8224,Michael Anderson,n62ziah5@outlook.com,France,2021-12-12,Premium,21802.53
8225,David Martin,bqpi9pvy@company.com,Sweden,2021-02-24,Standard,12351.56
8226,Robert Smith,mdssbwov@email.com,France,2024-01-09,Premium,4600.77
8227,Barbara White,y4lpim5o@company.com,USA,2023-08-20,Premium,31899.8
8228,Sandra Miller,2t9hn7y5@example.com,UK,2020-06-18,Standard,128.76
8229,Mary Jones,sd52x4wb@test.com,USA,2020-11-12,Premium,43316.23
8230,Emily Hernandez,117gpmfd@yahoo.com,USA,2021-04-19,Basic,26232.71
8231,Mary Johnson,w1v9r2u4@example.com,Canada,2021-05-25,Premium,37400.15
8232,Emily Reeves,3m7nkjsq@test.com,Norway,2021-04-02,Basic,48115.31
8233,Mary Martinez,zve3zc5k@outlook.com,India,2022-06-21,Basic,44309.17
8234,Michael Thompson,ngf2zoe8@yahoo.com,South Korea,2024-12-27,Basic,19275.91
8235,Mark Roberts,4lzj9ndl@yahoo.com,Switzerland,2021-01-15,Premium,19185.53
8236,Jennifer Rodriguez,oztfa9vg@example.com,Australia,2022-12-09,Premium,13484.13
8237,Karen Martin,7cph3sag@mail.com,Netherlands,2022-01-25,Basic,24548.49
8238,David Anderson,o90uqta9@test.com,Australia,2022-09-23,Standard,47753.12
8239,Nancy Thomas,mfd9x9a8@yahoo.com,India,2024-07-12,Basic,15150.15
8240,William Jones,l91tkecc@example.com,China,2022-01-03,Standard,43652.86
8241,Robert Miller,cq4pa8d5@company.com,USA,2021-12-05,Standard,15177.99
8242,Sandra Roberts,khiskvnm@test.com,Norway,2024-07-13,Premium,3915.23
8243,David Martin,620wm0no@example.com,Brazil,2023-12-30,Premium,2938.14
8244,Christopher White,61iblfa5@company.com,Sweden,2021-09-04,Premium,23537.66
8245,Mark Martin,fssehlz6@test.com,Brazil,2023-06-12,Standard,4963.21
8246,Steven White,vp06gbbp@test.com,China,2022-10-24,Premium,8660.61
8247,Linda Lee,w9u62maz@outlook.com,France,2022-09-20,Standard,41059.52
8248,David Garcia,1f6kx9jh@yahoo.com,Japan,2022-09-13,Standard,15000.11
8249,Thomas Gonzalez,rxd4cd1q@gmail.com,Australia,2020-04-14,Basic,762.34
8250,Donna Martin,9rfmtdsm@test.com,Sweden,2020-06-09,Standard,15566.74
8251,William Collins,cdmkculk@company.com,Mexico,2021-06-18,Premium,46732.55
8252,Linda Roberts,9qxel9f0@gmail.com,India,2023-06-24,Standard,20397.61
8253,Sandra Collins,4xupcsj6@yahoo.com,USA,2024-10-08,Standard,1851.04
8254,David Gonzalez,ecot9dgy@company.com,South Korea,2023-01-30,Standard,22067.9
8255,Jessica Thompson,qbmw7rdg@email.com,USA,2024-03-11,Basic,8921.29
8256,Linda Roberts,w3eardqt@example.com,Norway,2020-08-25,Premium,3255.88
8257,Paul Brown,9coi6xpw@outlook.com,Canada,2024-10-28,Premium,16825.81
8258,John Davis,8wrzbfnz@test.com,Canada,2020-08-31,Standard,32110.76
8259,Joseph Jones,z079pzbe@company.com,India,2022-04-01,Premium,35760.92
8260,Emily Harris,6g9ji8z9@test.com,USA,2023-06-01,Premium,11441.23
8261,Jessica Lee,5zakiuol@company.com,USA,2020-01-27,Basic,47493.29
8262,Sandra Anderson,6cz62po0@company.com,Norway,2024-03-12,Standard,9309.32
8263,Matthew Wilson,ricv9pwu@company.com,India,2023-09-12,Basic,40272.4
8264,Steven White,nz3ef45i@outlook.com,Switzerland,2024-10-22,Premium,437.9
8265,Susan Williams,rx95fmw7@company.com,Sweden,2021-02-27,Premium,8714.06
8266,Thomas Miller,lnt68sli@outlook.com,Japan,2024-03-04,Basic,14210.41
8267,Betty Jones,gqjwd2d5@yahoo.com,Italy,2024-04-17,Basic,21634.63
8268,Charles Williams,coy9iens@company.com,UK,2021-08-09,Standard,15652.32
8269,Michael Moore,tzkpj9do@company.com,Sweden,2021-12-12,Standard,2727.3
8270,Steven Edwards,bm47f3ht@company.com,USA,2023-03-15,Standard,18872.23
8271,James Moore,w8u8600o@example.com,Spain,2021-08-23,Standard,25329.51
8272,Jessica Martin,u5l0fmoj@mail.com,Netherlands,2023-11-26,Basic,13942.68
8273,Paul Martinez,inr77yot@test.com,Australia,2023-01-08,Basic,7373.57
8274,Charles Brown,um1q9dvo@company.com,France,2021-09-12,Standard,11378.45
8275,Patricia Martinez,d6jrrhmn@yahoo.com,Switzerland,2023-01-23,Premium,10712.73
8276,Kimberly Taylor,rnng5zko@yahoo.com,USA,2023-07-23,Premium,32113.65
8277,Andrew Martinez,1j7uduy5@example.com,Canada,2024-01-30,Premium,5007.65
8278,Linda Reeves,zpm62zke@test.com,Australia,2024-04-22,Premium,22977.53
8279,Lisa Roberts,2cucheuh@email.com,Sweden,2022-09-02,Basic,39440.0
8280,Lisa Martin,mre0vfif@company.com,Sweden,2023-07-15,Premium,47422.74
8281,Richard Edwards,zenxykhn@test.com,Japan,2022-03-31,Premium,25258.91
8282,William Moore,xdxf3l7j@email.com,India,2020-03-20,Premium,33318.55
8283,Richard White,kt9t5a5u@test.com,Italy,2024-10-25,Standard,43241.29
8284,Mary Johnson,y5ljg6fy@outlook.com,Australia,2022-01-11,Premium,11526.49
8285,Karen Martinez,0r778p4v@gmail.com,Norway,2021-02-25,Basic,23860.19
8286,Nancy Miller,fgv5fasb@outlook.com,Italy,2024-05-31,Basic,22015.72
8287,Patricia Garcia,k4pxh94n@example.com,Mexico,2024-08-16,Standard,9127.96
8288,Robert Lopez,9en3vstq@gmail.com,Canada,2024-09-06,Standard,27321.61
8289,David Martin,2k6umw8v@gmail.com,USA,2022-10-22,Standard,46296.86
8290,Betty Gonzalez,fcdi3e9z@company.com,Germany,2020-01-30,Basic,31113.52
8291,Christopher Martinez,kjzhdnw4@example.com,Mexico,2022-12-16,Premium,48001.54
8292,Lisa Williams,cbkw33ed@outlook.com,Mexico,2023-10-11,Basic,8895.61
8293,John Smith,sv6u13vo@gmail.com,Italy,2024-01-14,Premium,15321.58
8294,Richard Gonzalez,wsfc78vw@example.com,Netherlands,2022-08-05,Premium,8327.18
8295,Sandra Rodriguez,64nnbhxx@outlook.com,Netherlands,2021-04-07,Premium,18261.26
8296,Andrew Moore,z8z2dcli@email.com,Brazil,2022-03-12,Standard,22899.81
8297,Jennifer Martin,4rkrhomq@outlook.com,USA,2023-04-21,Basic,31053.22
8298,Karen Thompson,uaxwe7ex@yahoo.com,Australia,2023-08-28,Premium,39368.32
8299,Jennifer Williams,io0i7azj@gmail.com,India,2021-07-25,Premium,1179.7
8300,Susan Taylor,geieasnl@mail.com,Brazil,2024-07-10,Basic,4871.72
8301,Kimberly Perez,d35wv8dp@example.com,France,2023-04-02,Standard,35077.41
8302,Kimberly Garcia,nlygu77f@example.com,Australia,2023-02-02,Basic,1349.34
8303,Sarah Lopez,kbt5wyiy@example.com,South Korea,2023-01-30,Standard,16150.97
8304,William Martinez,2bl9kt18@example.com,Italy,2023-10-18,Basic,10742.27
8305,Donna Harris,4lyy3maa@example.com,Spain,2020-03-03,Basic,47505.21
8306,Kimberly Davis,z8jpm9qe@email.com,Japan,2021-03-27,Premium,40411.26
8307,Linda Harris,5axyhil6@mail.com,South Korea,2020-08-30,Basic,18311.7
8308,Paul Thomas,hjfpgwxb@example.com,Mexico,2022-09-13,Premium,13919.63
8309,Betty Martinez,sr5ojlyq@email.com,Sweden,2023-10-27,Standard,39071.43
8310,Mark Roberts,mr0vp3b3@example.com,Italy,2024-06-16,Basic,24271.29
8311,Charles Jackson,0qqdcz87@gmail.com,Spain,2020-05-22,Basic,28501.33
8312,Kimberly Anderson,tkp235vc@test.com,France,2022-10-20,Standard,36457.29
8313,Margaret Martinez,4pe28wb4@email.com,USA,2024-11-24,Basic,44222.7
8314,Lisa Lopez,d9env2eh@email.com,Netherlands,2022-08-23,Basic,19807.41
8315,David Gonzalez,9uzx3y6g@outlook.com,Sweden,2022-03-11,Premium,11708.78
8316,Michael Davis,8i1hs4ov@yahoo.com,Australia,2024-10-20,Premium,43864.15
8317,Kimberly Johnson,30llthmt@yahoo.com,UK,2021-10-26,Standard,8992.28
8318,Robert Wilson,1uhwdcop@company.com,India,2020-02-26,Standard,9340.3
8319,Donna Taylor,6x3pki65@gmail.com,Canada,2021-11-09,Premium,11047.9
8320,Karen Edwards,s4tf3j64@company.com,France,2024-05-23,Standard,848.44
8321,Jennifer Williams,qcmvtp4s@yahoo.com,Japan,2020-01-08,Basic,19365.87
8322,Betty Edwards,w0n2z4v2@gmail.com,Spain,2021-11-16,Standard,26920.93
8323,Sandra Brown,l3gfgzcn@company.com,Switzerland,2022-11-14,Basic,16926.54
8324,Sandra Martin,xzbqprfg@gmail.com,Australia,2022-09-01,Premium,48445.52
8325,Sarah Miller,t3ldf5k8@outlook.com,South Korea,2021-05-21,Premium,1757.7
8326,Susan Taylor,6vldyg0l@company.com,USA,2023-11-23,Standard,10045.4
8327,Jennifer Collins,d49h06dt@outlook.com,South Korea,2022-06-09,Premium,45386.6
8328,Mary Martin,cgrwmtag@gmail.com,Mexico,2021-01-01,Basic,48952.05
8329,William Garcia,l3v5slr4@example.com,Netherlands,2024-08-23,Basic,41748.81
8330,Thomas Collins,7s8y0d7o@yahoo.com,Mexico,2020-08-17,Standard,31545.44
8331,Kimberly Thompson,kh95s1c0@yahoo.com,Japan,2022-05-08,Premium,20125.8
8332,Linda Thompson,cu5o0q2k@gmail.com,Italy,2024-08-26,Standard,15080.05
8333,John Collins,gp7g2z46@yahoo.com,USA,2021-02-22,Premium,38749.12
8334,Charles Reeves,uu4smo1c@company.com,France,2020-11-28,Standard,35462.43
8335,Jessica Gonzalez,xsi13hfr@example.com,USA,2021-11-03,Standard,25692.71
8336,Margaret Moore,eisfhvl8@test.com,Spain,2021-01-31,Premium,9460.37
8337,Michael Jones,mhj9uzp8@email.com,Mexico,2023-08-12,Standard,1747.15
8338,Barbara Harris,b4p9fsix@company.com,Sweden,2023-01-30,Basic,12546.01
8339,Matthew Harris,314l5rwj@yahoo.com,Switzerland,2020-11-05,Basic,26694.56
8340,Lisa Moore,q5ybrq2e@example.com,Japan,2024-10-08,Standard,44262.63
8341,Richard Williams,dmlrsiwo@outlook.com,Germany,2020-01-26,Standard,17308.4
8342,Paul Martinez,kjcz4hl6@example.com,Japan,2021-12-10,Premium,15402.89
8343,Margaret Miller,amnca7qq@outlook.com,China,2022-04-26,Standard,47064.16
8344,Lisa Perez,vnfjm9sr@gmail.com,Australia,2021-05-28,Basic,15918.5
8345,David Brown,2l6jrybi@company.com,Australia,2023-07-27,Basic,9543.96
8346,Emily Martin,wt12yv7a@outlook.com,Mexico,2022-09-08,Premium,3737.01
8347,Karen Thompson,hl7iaku6@email.com,Germany,2023-02-26,Standard,6365.06
8348,Sandra Wilson,msbqrjpx@gmail.com,Italy,2022-12-26,Premium,43055.86
8349,Mary Rodriguez,m0pwgdzc@outlook.com,Norway,2022-01-29,Premium,32560.6
8350,Robert Moore,dddmhndt@gmail.com,Japan,2022-01-29,Premium,6943.97
8351,James Jones,9jp9azl7@gmail.com,Netherlands,2023-06-02,Basic,1384.59
8352,Betty Martin,rhr6fc4w@example.com,Australia,2021-05-17,Standard,31883.61
8353,Linda Smith,kw1kn6ry@example.com,South Korea,2021-04-10,Basic,49558.0
8354,Barbara Davis,1277lpnx@gmail.com,Brazil,2020-05-19,Basic,6953.03
8355,Karen Perez,rxgta421@email.com,China,2020-11-03,Basic,840.97
8356,Betty Perez,hn228lvi@example.com,Norway,2020-06-15,Standard,25729.86
8357,Emily Davis,mlx0bcru@mail.com,France,2020-01-18,Premium,25174.11
8358,Karen Jones,r965taft@gmail.com,South Korea,2024-10-06,Basic,33603.37
8359,Thomas White,uqsnqrf8@yahoo.com,India,2022-02-28,Standard,39319.9
8360,Christopher Gonzalez,psod150a@example.com,Canada,2024-02-21,Basic,11980.05
8361,Mary Martinez,39z5ydx9@company.com,Sweden,2021-08-21,Basic,38135.8
8362,Kimberly Roberts,6vnk10ad@example.com,USA,2021-04-03,Premium,16046.36
8363,Richard Hernandez,c11kx29a@example.com,Sweden,2022-01-21,Basic,25950.03
8364,Nancy Martinez,soac6t0l@test.com,Mexico,2021-10-03,Standard,756.37
8365,Jennifer Reeves,4hwsbz0q@test.com,France,2020-10-24,Premium,36482.64
8366,Sarah Harris,e40zp2g2@email.com,Australia,2024-09-02,Basic,15994.49
8367,Betty Martin,1bs7be85@email.com,Switzerland,2020-05-06,Premium,359.72
8368,Patricia Martin,e25i7dmr@test.com,Brazil,2020-05-07,Standard,9632.33
8369,Linda Martinez,uwp5rwc2@outlook.com,France,2020-03-16,Basic,36485.31
8370,Matthew Miller,uuge7xot@outlook.com,Netherlands,2023-02-23,Standard,31366.95
8371,Steven Anderson,5mp96k9c@test.com,USA,2021-09-28,Basic,40228.78
8372,Nancy Miller,42n0d4nr@yahoo.com,South Korea,2020-09-24,Standard,15840.8
8373,Richard Reeves,xj98mjnd@company.com,Switzerland,2022-03-30,Standard,32267.38
8374,Donald Miller,y3oduazi@company.com,Mexico,2024-06-23,Basic,21824.05
8375,David Anderson,3ejtai7c@mail.com,Brazil,2024-03-31,Premium,28716.61
8376,Betty Martinez,myb3wytt@test.com,Australia,2021-03-09,Premium,28025.59
8377,Daniel Lee,4d9qvajg@company.com,India,2024-10-22,Standard,29420.97
8378,Betty Harris,5ndcn1wt@mail.com,Netherlands,2020-07-30,Basic,8242.93
8379,Jessica Martin,qgqyiq5h@test.com,Spain,2022-09-21,Basic,23467.6
8380,Susan Jackson,mo1tapow@yahoo.com,Norway,2020-02-20,Basic,27232.2
8381,Daniel Jones,mh8jbwox@example.com,China,2020-08-25,Premium,32385.3
8382,Jessica Roberts,jy2eburv@company.com,Mexico,2022-11-30,Basic,8891.96
8383,Christopher Jones,mmoczk4i@company.com,China,2022-11-25,Standard,26647.03
8384,Emily Wilson,thcqgcei@outlook.com,Spain,2023-10-10,Basic,41817.62
8385,Kimberly Williams,9k4pqkss@yahoo.com,Australia,2021-03-05,Premium,29272.61
8386,Barbara White,qhum00jc@yahoo.com,Canada,2020-07-14,Standard,32847.88
8387,Donald Taylor,x04ji4us@company.com,China,2024-08-03,Standard,21825.47
8388,Emily Taylor,957qwx30@example.com,France,2020-09-09,Basic,47287.19
8389,Sandra Smith,j27fzxtg@email.com,Sweden,2021-06-10,Basic,185.08
8390,Karen White,i09l7602@example.com,Germany,2024-12-30,Standard,31645.2
8391,Barbara Moore,gcmrt98m@company.com,Germany,2021-08-27,Basic,23378.03
8392,William Lopez,2d903rkt@test.com,Canada,2021-10-03,Premium,10750.41
8393,James Hernandez,o5fl32ev@yahoo.com,Italy,2022-06-13,Standard,31220.83
8394,Patricia Martinez,wk5ztvl6@mail.com,Australia,2020-07-02,Basic,2173.26
8395,Steven Jackson,qlyulc3k@outlook.com,Australia,2023-04-06,Premium,47555.35
8396,Andrew Roberts,5e9xgdpf@test.com,Netherlands,2023-01-12,Basic,16272.85
8397,Linda Johnson,3pqbsew8@gmail.com,Spain,2023-11-26,Premium,44416.36
8398,Ashley Jackson,d5kimcsq@example.com,South Korea,2021-01-11,Premium,1268.36
8399,Paul Anderson,bm1dbqd5@example.com,China,2023-09-17,Standard,39086.8
8400,John Perez,e7vlv28w@company.com,Canada,2021-11-10,Premium,32259.25
8401,John Reeves,t6hyr2ot@test.com,Mexico,2021-09-30,Premium,27968.17
8402,Margaret Brown,80yn2t0o@example.com,Canada,2020-02-17,Standard,13269.02
8403,David Davis,hh99mqrm@example.com,South Korea,2024-02-11,Basic,8768.49
8404,Robert Collins,5qa6gc1t@company.com,France,2024-06-18,Standard,23106.95
8405,Lisa Gonzalez,il2oa9gh@test.com,Germany,2021-06-06,Basic,40261.0
8406,Ashley Rodriguez,vvay7oky@yahoo.com,Brazil,2020-05-30,Basic,34606.71
8407,Robert Davis,8pzj96rr@gmail.com,Canada,2023-09-29,Standard,40459.88
8408,Donald White,g7j5wyrr@test.com,Spain,2023-04-13,Premium,8698.64
8409,David Lee,us6iolqh@test.com,Norway,2022-10-14,Basic,21924.59
8410,William Perez,mbawtldt@mail.com,India,2021-12-30,Premium,7749.32
8411,Margaret Jackson,4vcxoidp@mail.com,China,2022-01-31,Basic,19695.91
8412,Kimberly Anderson,xai3ce0d@outlook.com,Brazil,2021-05-01,Standard,17432.32
8413,Charles Collins,zy6thag8@mail.com,Australia,2020-01-23,Premium,32163.42
8414,Margaret White,3acj1nqv@yahoo.com,Australia,2024-07-04,Basic,46362.88
8415,James Hernandez,24loe5ka@example.com,Switzerland,2023-02-24,Basic,1934.46
8416,Karen Johnson,6cro5ugf@mail.com,France,2021-02-27,Standard,24737.71
8417,Robert Jones,eqsolzr7@yahoo.com,France,2020-03-01,Standard,31937.4
8418,Steven Reeves,g3uz2b6b@email.com,UK,2024-06-07,Basic,2039.12
8419,Thomas Anderson,ajmiqijk@yahoo.com,Netherlands,2020-04-25,Standard,24472.73
8420,Daniel Hernandez,hshkq9hc@gmail.com,India,2023-10-10,Standard,14927.17
8421,Patricia Roberts,3v0pzzuw@yahoo.com,Germany,2023-04-04,Basic,23462.29
8422,John Williams,ol4imhj0@test.com,South Korea,2022-01-01,Premium,36809.18
8423,Mary Anderson,5zi6t5rn@email.com,Germany,2024-06-20,Premium,41030.47
8424,Sandra Reeves,p9j5wpjo@example.com,South Korea,2023-12-27,Basic,26027.35
8425,Matthew Edwards,dpzss8xe@email.com,Canada,2021-05-02,Standard,30432.79
8426,Charles Rodriguez,hrpn4vqg@email.com,India,2020-02-13,Basic,13771.34
8427,Emily Moore,loznkdc6@gmail.com,Japan,2021-12-29,Standard,14929.2
8428,Charles Lopez,rl01s5ip@company.com,Spain,2024-07-31,Standard,6357.97
8429,Donna Moore,eoji63g9@yahoo.com,Japan,2022-08-06,Standard,10954.47
8430,Nancy Williams,u5tpt1tm@outlook.com,USA,2023-11-01,Standard,7655.64
8431,David Jones,jt53xeb9@company.com,Italy,2023-09-22,Premium,8145.87
8432,Kimberly Hernandez,hs984s93@test.com,Mexico,2023-08-03,Basic,17744.43
8433,Donna Roberts,czzl3tyy@yahoo.com,Mexico,2024-04-07,Standard,49996.07
8434,Lisa Jones,n6fj4wp1@outlook.com,Brazil,2022-03-31,Basic,38987.73
8435,David Wilson,w2taalkf@gmail.com,Italy,2024-11-08,Basic,34868.16
8436,James Martinez,7mfcmom6@email.com,Netherlands,2021-11-26,Basic,42510.13
8437,Jessica Martin,q396im5n@company.com,Canada,2024-06-04,Basic,38265.9
8438,Jennifer Anderson,tmdpvlyi@gmail.com,Japan,2023-10-17,Basic,24152.55
8439,Christopher Johnson,sbx6yhf6@yahoo.com,UK,2023-06-02,Standard,28552.85
8440,Susan White,e1mykamc@yahoo.com,South Korea,2024-04-14,Basic,14739.16
8441,Donald Garcia,bp5zm1dz@email.com,Mexico,2020-09-02,Basic,26570.06
8442,Jennifer Anderson,vfd73d31@email.com,China,2024-09-18,Standard,2177.61
8443,Susan Williams,6wjrxwoe@mail.com,Canada,2021-07-03,Premium,25080.53
8444,Charles Williams,hm0zjgic@yahoo.com,Japan,2023-11-15,Premium,8597.1
8445,Jessica Roberts,ar6etc14@example.com,USA,2023-09-25,Standard,34072.74
8446,Andrew Collins,0cad3r1d@gmail.com,Spain,2022-11-26,Standard,3611.33
8447,Donna Garcia,j2oekeg7@mail.com,South Korea,2020-05-08,Premium,22671.16
8448,David Thompson,idntz342@test.com,Japan,2023-03-10,Basic,40548.6
8449,Linda Anderson,7pc3o4ap@yahoo.com,India,2021-10-01,Standard,30035.62
8450,Jessica Davis,4gge7dne@test.com,Brazil,2021-01-01,Standard,40800.81
8451,Robert Anderson,bxfp1umj@gmail.com,Canada,2022-05-23,Standard,34527.22
8452,Linda Perez,f05ay111@email.com,USA,2021-11-12,Standard,14960.63
8453,Sandra Edwards,ftx6lpgs@test.com,France,2020-07-17,Premium,28490.26
8454,Andrew Roberts,67f9wu54@gmail.com,Canada,2021-09-01,Basic,40287.83
8455,Mark White,nf6k6qmz@test.com,Germany,2024-08-15,Premium,2205.86
8456,Sarah Smith,et6hp5pe@company.com,Australia,2022-04-25,Standard,19404.21
8457,Sandra Thomas,32eh134c@company.com,Sweden,2024-06-13,Basic,5798.28
8458,Charles Reeves,egx8rern@email.com,USA,2024-04-20,Basic,11163.55
8459,Jennifer Thomas,4ir4egkq@yahoo.com,Netherlands,2020-08-17,Basic,35788.44
8460,Donald Rodriguez,m022akx5@gmail.com,South Korea,2022-06-12,Standard,48637.7
8461,Lisa Taylor,ix9hip8h@mail.com,France,2021-11-02,Standard,22208.88
8462,Mary Martin,iwfzyjt1@yahoo.com,France,2021-12-31,Basic,47385.11
8463,Nancy Edwards,ziscdvl9@yahoo.com,Canada,2021-02-27,Premium,1813.67
8464,Patricia Jones,s7nwl0wl@yahoo.com,France,2020-03-07,Basic,44217.93
8465,Linda Jackson,b0pbsa64@mail.com,Sweden,2020-04-04,Basic,4736.67
8466,Paul Gonzalez,ehv7prot@company.com,Australia,2024-05-03,Basic,38171.95
8467,Michael Lopez,5b4r5rth@yahoo.com,Germany,2020-01-29,Basic,25821.52
8468,Mary Lee,hjwi06s0@example.com,Mexico,2022-10-05,Standard,33321.89
8469,Michael Davis,pvk2sezi@outlook.com,Germany,2023-11-05,Premium,25321.56
8470,Karen Taylor,oueeco25@gmail.com,Japan,2024-02-01,Basic,38417.06
8471,Steven Rodriguez,h0vsqaq2@mail.com,India,2024-12-25,Standard,33802.54
8472,Donna Williams,kcb6v6d1@gmail.com,Germany,2023-04-18,Basic,25098.73
8473,Karen Brown,v9nfx99s@yahoo.com,Norway,2023-11-06,Premium,22415.67
8474,Barbara Reeves,kikam1kl@email.com,UK,2020-05-18,Premium,33557.69
8475,Steven Reeves,slr9t3lu@yahoo.com,France,2022-11-25,Premium,27971.4
8476,William Perez,pa8pj7kw@outlook.com,USA,2021-05-23,Standard,2915.26
8477,Mark Davis,5stbygpe@test.com,India,2023-03-28,Premium,9951.19
8478,Joseph Smith,fgucwu0f@company.com,Sweden,2022-09-05,Basic,5265.82
8479,Charles Taylor,0o9055x8@email.com,Australia,2022-08-22,Premium,4721.56
8480,Emily Moore,ecf0ge3m@company.com,Brazil,2021-02-20,Premium,44344.29
8481,Karen Martinez,ew52xlmj@example.com,UK,2023-02-26,Basic,1714.26
8482,Mary Jones,ok4a4d2s@test.com,UK,2020-02-17,Standard,2515.96
8483,Betty Martinez,ygia10p3@example.com,Germany,2022-08-22,Standard,46477.19
8484,Thomas Edwards,dqqchqks@test.com,China,2020-10-27,Standard,1406.71
8485,John Hernandez,l0yolrd3@mail.com,France,2022-04-23,Standard,28188.76
8486,Thomas Martin,iocyc9ww@company.com,South Korea,2021-08-19,Standard,3330.26
8487,William Brown,hi6pbdqe@gmail.com,UK,2023-06-01,Basic,35195.79
8488,Sarah Hernandez,35srf6sc@example.com,Canada,2021-08-27,Premium,46191.34
8489,Linda Anderson,sfpnyzn6@yahoo.com,Mexico,2021-02-03,Standard,46988.59
8490,Ashley Davis,eqvzl723@mail.com,Canada,2021-02-02,Basic,24685.05
8491,Charles Anderson,plud3k7e@email.com,UK,2020-09-19,Basic,33402.15
8492,Jessica Brown,7t4u2yfc@yahoo.com,China,2020-05-09,Premium,47612.32
8493,Jennifer Wilson,kgb8pwre@email.com,Spain,2020-04-04,Standard,38322.9
8494,James Thomas,vilivi7k@test.com,Brazil,2020-02-05,Standard,10824.12
8495,Steven Jones,lei563hj@yahoo.com,China,2022-06-11,Basic,39787.41
8496,David Rodriguez,kydwj19e@company.com,Norway,2022-06-11,Standard,1372.25
8497,Sarah Jackson,jmrhbqgm@mail.com,Netherlands,2021-02-17,Basic,22422.59
8498,Christopher Brown,6e1c4x6v@email.com,Switzerland,2020-09-28,Basic,31952.84
8499,Nancy Martin,ua1giuz5@email.com,China,2024-05-02,Premium,40313.87
8500,Jennifer Garcia,57v5awzs@gmail.com,Spain,2021-08-25,Standard,26258.43
8501,Jessica Thomas,c915n3lk@example.com,France,2024-11-04,Standard,36278.04
8502,Patricia Martin,ho3xzrzk@mail.com,India,2021-11-18,Basic,29929.56
8503,Robert Taylor,k0sar6ag@outlook.com,Australia,2020-04-22,Standard,10147.42
8504,Christopher Rodriguez,0iz22fd2@email.com,Sweden,2022-05-20,Basic,11412.73
8505,Daniel Martin,b1m0ppo6@test.com,Switzerland,2021-04-06,Basic,34171.43
8506,Donna Garcia,x9woy3am@company.com,Japan,2020-04-03,Basic,13148.51
8507,Matthew Roberts,qxu0gli6@outlook.com,Japan,2020-02-27,Standard,11929.53
8508,Betty Gonzalez,3o3ug6s5@test.com,Italy,2023-02-04,Standard,25311.2
8509,Charles Lopez,zjg8cn7q@gmail.com,Italy,2024-05-16,Basic,27525.1
8510,Robert Williams,yy2702hh@mail.com,Japan,2022-01-11,Basic,23258.69
8511,Nancy Jackson,kf4els11@email.com,India,2021-06-19,Premium,45785.64
8512,Andrew Wilson,bkfetvan@outlook.com,Spain,2024-10-15,Basic,41174.77
8513,Christopher Moore,i7gc7bfm@email.com,Norway,2020-06-17,Premium,18302.19
8514,Mary Gonzalez,wbrwambe@test.com,USA,2022-11-05,Basic,3434.91
8515,Margaret Rodriguez,cvete062@gmail.com,Mexico,2022-01-29,Basic,1733.52
8516,Susan Perez,sizdaqrf@test.com,Germany,2023-02-06,Basic,46161.15
8517,Andrew Harris,6515y4wq@test.com,Spain,2022-09-28,Basic,5499.05
8518,David Smith,yfr1gz6f@company.com,Australia,2023-08-11,Premium,36387.01
8519,James Perez,07snjfac@yahoo.com,Australia,2021-09-28,Standard,25753.85
8520,John Smith,6mhlajgg@mail.com,Norway,2020-06-24,Standard,15996.82
8521,Steven Roberts,kmsiia6t@test.com,Switzerland,2023-08-20,Premium,5812.09
8522,Linda Garcia,2jb6k5ky@gmail.com,Netherlands,2022-08-31,Basic,2731.87
8523,Mark Jones,nn2kits7@gmail.com,Canada,2023-02-08,Standard,3727.79
8524,Daniel Williams,olbguw84@test.com,Sweden,2022-01-24,Basic,45671.37
8525,Patricia Garcia,cb3uuie7@company.com,Australia,2021-02-15,Standard,655.26
8526,Robert Roberts,zybkhphz@outlook.com,India,2020-09-16,Basic,221.89
8527,Karen White,4vtgh4g7@test.com,South Korea,2020-12-13,Standard,2719.62
8528,Kimberly Gonzalez,qwg9s6rj@test.com,USA,2021-03-28,Standard,37752.3
8529,Andrew Edwards,1fjdbhyi@mail.com,Italy,2024-02-27,Basic,27760.52
8530,James Rodriguez,6p9wxqpr@test.com,South Korea,2022-07-27,Premium,23306.11
8531,Matthew Jones,c63dtj4x@mail.com,Germany,2021-10-17,Standard,44525.25
8532,Mary Lee,4g5js815@company.com,South Korea,2021-12-15,Basic,41249.91
8533,Linda Garcia,75s817mp@outlook.com,Japan,2024-01-26,Premium,40611.47
8534,Donna Wilson,ue8i84nw@email.com,Norway,2024-07-16,Basic,11358.37
8535,Mark Rodriguez,qc9idmrw@example.com,Canada,2023-01-02,Standard,45006.54
8536,Betty Perez,xwwl9o7c@outlook.com,Australia,2021-06-06,Standard,16994.36
8537,Christopher Martin,sul4fh8t@mail.com,UK,2024-07-09,Standard,1842.49
8538,Karen Garcia,upcaxp8a@yahoo.com,Spain,2020-08-10,Premium,48841.71
8539,Charles Lopez,6hdbktvp@mail.com,Sweden,2022-10-17,Premium,16094.25
8540,Charles Hernandez,peoaak3t@email.com,China,2021-12-15,Premium,27028.32
8541,Emily Collins,c42outm7@outlook.com,Germany,2023-04-16,Basic,23105.77
8542,Margaret Reeves,psjvyf9p@gmail.com,Germany,2021-01-17,Basic,28916.64
8543,Jennifer Miller,v1fddygw@yahoo.com,UK,2021-06-22,Standard,24480.09
8544,Paul Martinez,t5wph9cc@gmail.com,South Korea,2021-08-04,Basic,25888.8
8545,Paul Harris,cdkjalyu@test.com,Japan,2022-06-24,Standard,25386.72
8546,David Brown,acqafkgp@gmail.com,South Korea,2022-05-22,Basic,44231.45
8547,Charles Roberts,ytmn0zh1@company.com,Spain,2022-10-24,Premium,17937.63
8548,Daniel Jones,uxq4qjeo@yahoo.com,Norway,2022-02-03,Basic,28865.73
8549,Joseph Martin,67k9l8d2@gmail.com,South Korea,2020-01-22,Basic,34294.32
8550,Mary Thomas,ls0w38xo@outlook.com,Mexico,2024-10-22,Standard,18936.84
8551,Robert Perez,wp8cskmr@gmail.com,China,2020-04-03,Standard,14850.17
8552,Mary Martin,ox0sr20o@company.com,Canada,2024-05-24,Basic,16705.41
8553,Linda Rodriguez,sisztfw1@test.com,Spain,2022-07-24,Standard,45781.16
8554,Donna Garcia,yynmznr2@test.com,Netherlands,2023-05-23,Premium,44879.21
8555,Mary Brown,thfuguka@gmail.com,Netherlands,2020-02-09,Standard,609.56
8556,Daniel Williams,pbw749se@mail.com,Canada,2022-12-31,Standard,38988.58
8557,Ashley Moore,gfv6fig0@example.com,Spain,2021-07-07,Basic,27334.22
8558,Mark Anderson,rskwchj8@test.com,Norway,2022-02-17,Standard,23066.77
8559,Jessica Roberts,g24bot5s@gmail.com,Japan,2020-06-12,Standard,42652.46
8560,Steven Edwards,flib7tud@company.com,Italy,2020-03-01,Standard,19341.71
8561,Christopher Perez,uul6lmsb@outlook.com,Brazil,2022-05-26,Standard,47660.55
8562,Barbara Taylor,gjbpc8s3@gmail.com,Australia,2022-04-13,Basic,38206.17
8563,Richard Martinez,gfbtopqr@gmail.com,USA,2020-08-18,Standard,30817.97
8564,Sandra Moore,l3todxrg@gmail.com,China,2021-04-12,Basic,24813.55
8565,William Gonzalez,9i9k4cd0@example.com,Brazil,2020-11-02,Standard,8425.42
8566,Paul Wilson,yfw4cqvh@email.com,Sweden,2022-09-30,Basic,15745.25
8567,John Smith,u7uhtfvk@email.com,Spain,2020-11-13,Basic,19566.86
8568,Joseph Jackson,9kz11fua@mail.com,China,2021-10-26,Premium,8769.47
8569,Sandra Jones,9jqlldiv@mail.com,Sweden,2020-10-17,Basic,49416.39
8570,Barbara Jackson,coafeayn@outlook.com,Germany,2023-08-06,Premium,5925.04
8571,Robert Collins,0nkme0an@yahoo.com,Sweden,2020-06-30,Premium,1138.43
8572,Jessica Perez,st37ghp1@example.com,Spain,2021-08-31,Premium,4487.48
8573,Richard Williams,ovixjwsx@gmail.com,France,2022-08-04,Basic,3649.74
8574,Karen White,c7j6mddg@mail.com,Switzerland,2021-03-11,Premium,31182.37
8575,Emily Moore,13u87m8h@yahoo.com,France,2024-07-19,Basic,32842.44
8576,Daniel Edwards,wsxsakbf@gmail.com,Australia,2020-01-26,Premium,4569.74
8577,Donna Jackson,sap51mzj@company.com,Germany,2021-12-01,Basic,8525.79
8578,Barbara Hernandez,1nny79lp@company.com,China,2022-10-17,Basic,47816.63
8579,William White,ibvazxge@yahoo.com,South Korea,2020-05-05,Basic,41913.63
8580,Mary Martinez,qbj3iplm@yahoo.com,India,2020-01-19,Standard,45512.09
8581,Donna Reeves,zh25rl86@company.com,China,2022-06-26,Basic,47500.17
8582,John Davis,2vc1lq1w@test.com,Italy,2022-12-17,Basic,24767.17
8583,Michael Gonzalez,n0pid8vp@test.com,Netherlands,2023-03-12,Standard,36233.44
8584,Mark Davis,wz1oystd@example.com,Switzerland,2023-11-21,Premium,12605.33
8585,William Moore,3nmj3yh2@gmail.com,Netherlands,2021-09-26,Basic,11393.01
8586,Jessica Thompson,4od2nd6m@mail.com,Spain,2020-09-19,Premium,9051.52
8587,John Jackson,yimosrpi@email.com,Australia,2020-10-16,Basic,18414.31
8588,Matthew Lee,ffu4rcf7@mail.com,India,2024-01-02,Basic,27636.88
8589,Joseph Thompson,tdxeqgir@mail.com,Canada,2022-12-20,Basic,27037.72
8590,Andrew Thompson,1if2tjb9@example.com,Sweden,2022-08-08,Basic,46838.11
8591,Christopher Martin,0p77xlt2@company.com,Canada,2020-09-21,Premium,10465.59
8592,Sandra Harris,bpfiro1z@outlook.com,Spain,2022-10-09,Basic,33973.57
8593,Daniel Edwards,kiqj02gu@test.com,Netherlands,2022-12-31,Standard,44694.84
8594,William Brown,fczu81n5@mail.com,Mexico,2020-06-20,Standard,1304.48
8595,Thomas Johnson,am14il5a@outlook.com,Spain,2023-07-14,Basic,23479.25
8596,Ashley Taylor,62s70fpy@outlook.com,Germany,2024-07-12,Premium,47506.34
8597,Sarah Thompson,m93abugo@test.com,Mexico,2022-09-25,Standard,43067.84
8598,David Smith,v1n25met@example.com,Switzerland,2023-04-23,Premium,49082.0
8599,Jessica Jackson,97dbu49b@outlook.com,Spain,2023-05-14,Standard,21877.11
8600,Linda Martin,8eoime1i@gmail.com,Japan,2023-08-22,Standard,7579.48
8601,Robert Wilson,15z000e4@gmail.com,Japan,2020-01-24,Premium,22340.76
8602,Andrew Martinez,s4cuqg9p@example.com,Germany,2023-05-03,Premium,26583.12
8603,Steven Jones,9ann48ck@outlook.com,South Korea,2023-02-06,Standard,11280.01
8604,Linda Miller,2hrbmy7o@outlook.com,Netherlands,2022-09-08,Basic,41645.57
8605,Linda Rodriguez,sykh85sc@email.com,South Korea,2023-11-29,Premium,48388.37
8606,Thomas Wilson,x8b659bw@example.com,Germany,2023-12-27,Premium,47837.35
8607,Christopher Williams,7nzvs3lu@gmail.com,Australia,2023-03-13,Basic,48150.18
8608,Charles Taylor,r9okat9h@yahoo.com,Brazil,2021-02-01,Premium,2596.71
8609,Ashley Martin,i5ouotn4@gmail.com,UK,2022-05-26,Premium,30174.62
8610,John Martin,vw1cf12p@example.com,Norway,2022-07-18,Basic,14919.17
8611,Steven Miller,pkj6spie@gmail.com,Canada,2021-04-26,Premium,12217.97
8612,Christopher White,i3qblrho@outlook.com,Australia,2021-09-24,Basic,198.69
8613,Richard Martinez,zke2ojb5@outlook.com,France,2022-10-01,Basic,2152.8
8614,Karen Thompson,hrr3xakx@company.com,Italy,2023-09-08,Basic,47428.52
8615,Donald White,1ft36y4l@outlook.com,India,2020-10-07,Standard,28306.65
8616,Mary Thompson,0bb3sjyk@outlook.com,France,2024-04-19,Standard,6137.56
8617,Nancy Roberts,6vjwmpr3@company.com,Brazil,2023-05-30,Premium,5056.78
8618,David Miller,8w7jtspi@yahoo.com,Mexico,2020-03-03,Premium,37818.84
8619,John Harris,sswwc804@test.com,Japan,2021-02-11,Premium,8022.75
8620,Sarah Johnson,treq5jnb@yahoo.com,Switzerland,2023-10-13,Standard,23648.28
8621,John Collins,l7tutxgh@gmail.com,Italy,2022-04-20,Standard,5524.39
8622,Sarah Lee,ou6ugsri@mail.com,Sweden,2023-08-12,Basic,9930.74
8623,Steven Moore,1vdzk83n@company.com,South Korea,2020-04-24,Premium,32999.71
8624,Donald Brown,qrnqykab@outlook.com,Spain,2020-11-11,Premium,15549.61
8625,Joseph Miller,smalvl1x@test.com,Australia,2021-03-17,Standard,46404.9
8626,William Thompson,ou030zhl@email.com,USA,2022-08-28,Basic,9808.39
8627,Sarah Moore,0jpuw1yj@outlook.com,Brazil,2024-01-05,Premium,44654.71
8628,Richard Thomas,jwe7oirt@mail.com,USA,2022-06-04,Basic,26520.24
8629,David Roberts,bdzngzmm@yahoo.com,Norway,2020-02-01,Basic,46224.15
8630,Ashley Reeves,yvqo8ncs@yahoo.com,Mexico,2022-03-27,Basic,5368.46
8631,Donald Garcia,40j7h4ws@test.com,Netherlands,2021-09-15,Basic,28137.41
8632,Betty Gonzalez,aep5bne9@mail.com,USA,2020-12-10,Premium,38108.24
8633,Nancy Collins,txobhbjd@mail.com,India,2022-12-07,Premium,44222.65
8634,Michael Collins,eaymsl5j@example.com,Norway,2024-05-03,Premium,3479.03
8635,James Reeves,ahmddomn@email.com,Netherlands,2021-12-07,Basic,26284.77
8636,Kimberly White,3vs75ia8@email.com,France,2024-03-09,Premium,37823.94
8637,Kimberly Brown,6gbk2lfa@example.com,Sweden,2020-01-09,Standard,47412.68
8638,William Moore,djv66p8c@mail.com,Norway,2023-01-19,Standard,25927.7
8639,Thomas Williams,zp5izw7z@test.com,Germany,2024-06-18,Basic,18357.27
8640,Susan Rodriguez,yjru0woy@outlook.com,Germany,2021-01-14,Standard,40788.99
8641,Jennifer Brown,ru24o3vh@example.com,Mexico,2023-12-14,Basic,971.42
8642,Jennifer Miller,70igmlg9@outlook.com,France,2022-12-26,Standard,10981.71
8643,Mark Taylor,kl7qz4hk@yahoo.com,Switzerland,2023-06-22,Premium,36617.99
8644,Nancy Johnson,kfrybfdo@outlook.com,Norway,2022-09-06,Basic,47934.76
8645,Jessica Davis,0q8bvpnc@outlook.com,Germany,2022-04-14,Standard,21598.99
8646,Jennifer Jones,3pacwqdm@test.com,Switzerland,2022-01-25,Premium,13368.68
8647,John Thompson,v63y4ckq@company.com,Norway,2020-06-13,Standard,37767.26
8648,Thomas Thomas,9mcxiq4o@mail.com,Sweden,2023-04-16,Standard,30208.4
8649,Mary Martin,idz5mega@outlook.com,France,2024-12-28,Standard,32972.07
8650,Patricia Jones,jul46obi@company.com,Sweden,2024-05-17,Premium,45108.34
8651,Paul Reeves,05glki69@mail.com,Canada,2023-04-19,Basic,25954.97
8652,Linda Davis,b4rlxq8g@company.com,USA,2021-12-31,Premium,45196.38
8653,William Lopez,kom91o9d@example.com,Netherlands,2022-05-14,Premium,45612.67
8654,David Jackson,07m3vm6j@outlook.com,China,2024-07-16,Standard,7432.4
8655,Kimberly Davis,ey926t2e@example.com,Japan,2024-05-09,Basic,5106.55
8656,John Miller,hl2cs7p0@gmail.com,Brazil,2023-08-27,Premium,16710.66
8657,Thomas Harris,puxspgkm@company.com,Sweden,2022-10-18,Basic,20889.75
8658,Jennifer Williams,fuwkg9lt@company.com,USA,2021-09-30,Basic,8489.62
8659,Patricia Martin,z4kss2d3@email.com,USA,2020-10-29,Standard,30638.65
8660,Joseph Martin,mpdh3qcc@mail.com,India,2023-11-17,Premium,14735.66
8661,Margaret Davis,fd5hodim@test.com,Sweden,2020-12-26,Standard,9294.86
8662,Kimberly Hernandez,vqpwi4od@test.com,India,2024-07-10,Standard,14733.36
8663,David Lopez,9nwr2jft@mail.com,South Korea,2024-10-16,Standard,10838.08
8664,Donna Roberts,no9hdju1@gmail.com,Italy,2022-05-19,Standard,49681.19
8665,Charles Martinez,szmt43uc@test.com,UK,2020-09-23,Premium,20790.53
8666,Emily Edwards,nsi81zzj@example.com,Germany,2020-09-13,Basic,2199.74
8667,Mary Taylor,acou0oz2@outlook.com,Germany,2020-08-11,Basic,39350.14
8668,Thomas Wilson,cuv54xb9@yahoo.com,China,2024-07-05,Basic,28728.56
8669,Patricia Perez,r10n17uu@example.com,Switzerland,2022-05-25,Premium,12176.46
8670,Steven Martin,eaig7kzz@test.com,India,2024-09-14,Premium,37298.99
8671,Lisa Thomas,0q86unxl@outlook.com,Brazil,2024-01-20,Basic,41286.73
8672,Susan Miller,xqduf1h9@email.com,Mexico,2020-11-30,Standard,6697.91
8673,Donald Thompson,04cp5gt0@gmail.com,India,2022-03-05,Standard,15616.01
8674,Nancy Brown,kkg327q2@mail.com,UK,2021-03-18,Basic,4768.78
8675,Richard Jones,bc4frj2x@gmail.com,Netherlands,2022-08-24,Basic,19610.36
8676,David Jones,45nrqxk9@yahoo.com,Netherlands,2024-10-19,Standard,12025.3
8677,Richard Lee,7m0vic2h@gmail.com,USA,2022-01-04,Standard,40368.92
8678,Margaret Collins,j7pghnta@example.com,Australia,2023-06-17,Basic,8237.79
8679,Richard Jackson,bnqwwar7@yahoo.com,Brazil,2021-08-21,Basic,10904.27
8680,Jennifer Collins,rx0owcl8@company.com,Canada,2020-03-11,Standard,39281.39
8681,Matthew Collins,gmchcvlc@test.com,France,2021-10-28,Basic,22728.01
8682,Donna Miller,zyjr76m3@company.com,USA,2021-04-18,Standard,40129.84
8683,Kimberly Miller,rt7swfan@mail.com,UK,2020-05-14,Basic,7496.41
8684,Emily White,z879uaqx@yahoo.com,Norway,2022-06-28,Standard,33894.46
8685,Nancy Wilson,jzdvrik1@example.com,Brazil,2020-08-15,Basic,27338.52
8686,Thomas Rodriguez,2re5aytf@gmail.com,Brazil,2020-07-17,Standard,13439.27
8687,Ashley White,1nkybq6m@gmail.com,Switzerland,2023-03-09,Standard,15813.43
8688,Kimberly Harris,emoqw24u@yahoo.com,Italy,2023-06-05,Standard,4961.0
8689,Daniel Perez,txk7df5l@mail.com,UK,2021-03-04,Premium,42878.12
8690,Thomas Martin,pyv9kshi@test.com,Japan,2022-09-27,Premium,33344.04
8691,Donald Jones,jt458rdh@mail.com,Japan,2021-07-09,Basic,1632.83
8692,Joseph Johnson,dbsom6b6@example.com,Brazil,2024-03-29,Standard,12175.91
8693,David Hernandez,e5cq8n5u@example.com,Netherlands,2021-10-23,Standard,2026.6
8694,Kimberly Rodriguez,ie19494d@yahoo.com,Brazil,2023-06-28,Standard,37982.96
8695,William Garcia,usl4u56m@test.com,USA,2021-09-09,Standard,8343.11
8696,Patricia Edwards,4mzte2ns@example.com,Mexico,2020-07-15,Basic,47652.5
8697,Sandra Edwards,acc771tl@gmail.com,Canada,2023-10-30,Premium,805.97
8698,Christopher White,pk3he45a@gmail.com,South Korea,2024-05-02,Standard,23894.15
8699,James Jackson,ocomjj8q@mail.com,Australia,2024-05-20,Basic,16589.12
8700,Patricia Martin,93ap0qhg@example.com,Netherlands,2024-12-07,Premium,18185.14
8701,Michael Jackson,a8nbg1x2@email.com,France,2022-10-24,Basic,38445.54
8702,Donald Edwards,pyxxuzpw@outlook.com,France,2023-07-21,Basic,19046.47
8703,Lisa Thomas,q0f8xdym@test.com,India,2020-04-21,Premium,11155.29
8704,Nancy Martinez,m93w883i@test.com,India,2023-03-26,Basic,19256.09
8705,Richard Jackson,mv3p89a4@example.com,Italy,2023-10-28,Basic,32438.44
8706,Lisa Smith,rm0qwdn8@outlook.com,Brazil,2021-10-30,Standard,17218.73
8707,Emily Garcia,s4alt1g4@yahoo.com,Switzerland,2022-03-17,Premium,21185.25
8708,Charles Smith,cxrafk1r@outlook.com,South Korea,2022-08-10,Premium,43259.07
8709,Sarah Anderson,2jcgo0j9@email.com,USA,2020-04-13,Basic,9821.47
8710,Charles Wilson,zrc35wem@gmail.com,Italy,2020-04-06,Basic,16386.55
8711,Patricia Perez,uwqbaxrt@company.com,Switzerland,2021-12-12,Premium,24761.23
8712,Thomas Miller,xorjmqzh@email.com,South Korea,2024-01-20,Standard,26362.82
8713,Daniel Harris,r1uupwlo@outlook.com,Netherlands,2021-05-20,Standard,34598.39
8714,Ashley Garcia,yho5132s@mail.com,India,2021-12-24,Basic,39690.75
8715,Karen Miller,000mkx5r@example.com,Norway,2022-07-12,Premium,45798.12
8716,Andrew Taylor,3fs1mr58@company.com,China,2020-02-19,Premium,4839.0
8717,Daniel Wilson,h2u4bv7h@email.com,Spain,2020-08-30,Basic,45870.84
8718,Nancy Garcia,l1q6ev9y@email.com,South Korea,2023-08-03,Standard,9463.59
8719,Kimberly Williams,7nubecj5@company.com,Switzerland,2022-05-09,Basic,11425.83
8720,James Jackson,qbrzz0s3@test.com,Germany,2021-01-02,Standard,34250.97
8721,James Smith,ukqowauv@mail.com,France,2022-01-14,Basic,22861.18
8722,Charles Hernandez,2zikoztp@yahoo.com,Germany,2024-10-06,Premium,31660.0
8723,Charles Taylor,u7pslqiw@gmail.com,Spain,2022-07-21,Basic,27423.13
8724,Karen Perez,cdeipled@company.com,Spain,2023-02-06,Basic,13110.26
8725,Ashley Smith,e8234dhh@mail.com,Germany,2023-05-22,Standard,30823.88
8726,Daniel Jackson,hb8osgex@test.com,South Korea,2020-05-19,Premium,2947.75
8727,Sandra Smith,xjrnvjjn@mail.com,Australia,2023-11-22,Standard,12348.86
8728,Mark Jones,aq17ykil@mail.com,Sweden,2023-11-06,Standard,22335.53
8729,Margaret Martin,jfsf5zb7@mail.com,Spain,2023-03-31,Premium,36420.8
8730,Donald Gonzalez,64cb9ens@mail.com,Canada,2022-04-08,Basic,2541.94
8731,Sarah Jackson,dzycbz24@test.com,India,2022-12-06,Standard,19326.61
8732,Donald Miller,uaj8qtnn@outlook.com,Netherlands,2020-08-25,Basic,46211.41
8733,Charles Martinez,cef82dl8@company.com,Mexico,2024-08-22,Standard,4345.94
8734,Steven Jones,0ygmw9nb@mail.com,South Korea,2024-05-14,Premium,1021.4
8735,Ashley Martinez,37fd8fp1@mail.com,USA,2022-02-23,Premium,8528.1
8736,Andrew Moore,dbo3v3q3@gmail.com,USA,2022-06-03,Premium,43742.88
8737,Richard Thompson,515212w2@test.com,Germany,2024-04-29,Basic,15513.53
8738,Daniel Smith,sz8putv3@example.com,India,2024-11-19,Premium,28537.74
8739,Kimberly Reeves,i81lttug@company.com,France,2023-11-23,Basic,46263.05
8740,Matthew Moore,ddd0qo20@example.com,Norway,2020-04-27,Basic,49127.5
8741,Jessica Johnson,s84eoejt@email.com,Italy,2023-04-11,Standard,6085.45
8742,Mark Hernandez,9n11xfei@company.com,Netherlands,2020-07-03,Basic,24971.35
8743,Andrew Wilson,fwdcxj8b@example.com,South Korea,2020-11-25,Basic,49556.09
8744,Andrew Martin,tdrb00vt@company.com,Mexico,2021-12-09,Premium,21601.09
8745,Christopher Martinez,nqcldafy@mail.com,Mexico,2021-08-09,Standard,6025.86
8746,Andrew Thompson,6s9a0wt9@example.com,Japan,2020-01-28,Basic,47729.89
8747,Matthew Collins,wrapi6us@example.com,China,2024-02-15,Standard,30418.41
8748,Barbara Wilson,30e3hvw2@company.com,Japan,2023-06-11,Basic,10636.74
8749,Steven Hernandez,bgdzgbqb@outlook.com,Japan,2020-12-24,Standard,40591.43
8750,Michael Jackson,e4ld2m5t@outlook.com,Sweden,2024-04-28,Premium,43121.19
8751,Betty Lopez,r2ang06r@example.com,Sweden,2022-03-07,Premium,3570.89
8752,Richard Rodriguez,rfm6uxyv@company.com,Canada,2020-05-09,Premium,46181.87
8753,Christopher Wilson,qk34yjg3@gmail.com,Mexico,2024-12-24,Basic,43729.15
8754,David Jackson,nuqc4x1g@test.com,Italy,2023-07-22,Premium,33445.03
8755,Mary Jones,sw4djs11@example.com,South Korea,2021-05-27,Basic,27870.74
8756,Andrew Thomas,nibzesmu@outlook.com,South Korea,2022-08-17,Basic,5728.21
8757,Robert Reeves,1wnk9mpe@mail.com,UK,2022-01-13,Premium,48804.02
8758,David Edwards,2fklx68x@email.com,Canada,2023-06-24,Premium,26519.07
8759,Christopher Anderson,pifn405j@outlook.com,Germany,2024-07-26,Basic,43795.5
8760,Andrew Edwards,z42mhg9z@email.com,Brazil,2021-07-17,Basic,42003.16
8761,Karen Harris,s1ktzh0m@gmail.com,Netherlands,2020-07-29,Basic,10929.75
8762,Patricia Jackson,jcnggvby@gmail.com,Switzerland,2024-05-14,Standard,25623.42
8763,Michael Lopez,89r5v5wp@gmail.com,India,2020-10-13,Premium,42412.41
8764,Christopher Gonzalez,cypnl292@mail.com,Brazil,2024-03-08,Premium,26828.44
8765,Joseph Jones,is7xjd3t@example.com,Spain,2024-11-13,Basic,41322.89
8766,Mary Perez,8pecleeh@yahoo.com,China,2022-12-09,Standard,15173.14
8767,Steven Smith,wdtjusqs@yahoo.com,Germany,2023-02-07,Premium,3547.23
8768,Kimberly Martinez,h178dlj1@yahoo.com,USA,2021-12-14,Basic,7785.12
8769,Ashley Lee,rf7cyphw@email.com,Germany,2021-03-20,Standard,8923.0
8770,Donald Thomas,6k47z8zq@example.com,Germany,2023-11-14,Basic,25665.81
8771,Donald Smith,7cv3qmyo@test.com,Germany,2024-09-29,Standard,31626.87
8772,Ashley Collins,bulbrqya@test.com,Germany,2023-04-05,Standard,14030.91
8773,Susan Rodriguez,dwnsk7d9@example.com,Japan,2024-11-06,Premium,12308.12
8774,Nancy Edwards,knfjgtr2@email.com,USA,2022-01-04,Premium,27293.68
8775,David Lopez,49uxdb3p@yahoo.com,Netherlands,2020-04-17,Basic,45356.58
8776,Margaret Lopez,54kzqxke@test.com,Brazil,2023-11-18,Standard,7522.0
8777,Susan Roberts,g54ssagn@outlook.com,Sweden,2022-12-29,Standard,38849.8
8778,Matthew Williams,zxio3hod@email.com,Sweden,2023-08-26,Standard,8852.39
8779,Andrew Lopez,pcf4bkbv@yahoo.com,Australia,2024-01-11,Basic,8164.14
8780,Michael Martin,qti8iyuf@company.com,Italy,2021-04-11,Basic,9645.84
8781,Joseph Thompson,yaa3m3jq@test.com,Germany,2020-09-07,Standard,38283.51
8782,Sarah Harris,dfsrh5s3@company.com,Italy,2020-07-18,Basic,35445.28
8783,James Martin,tp5r5ihz@email.com,Italy,2023-06-24,Premium,22148.25
8784,Michael Hernandez,fpufn2t2@company.com,Mexico,2021-11-26,Basic,32300.09
8785,Sarah Roberts,5an4abao@company.com,Spain,2021-10-28,Standard,19301.19
8786,Joseph Wilson,iocqwxs4@test.com,Italy,2020-05-15,Basic,41901.1
8787,James Taylor,kbjwtoz6@company.com,China,2021-08-20,Basic,28596.31
8788,Emily Miller,k6nv6q6f@gmail.com,France,2021-04-22,Premium,15315.95
8789,Donald Thompson,1j4q3ov3@mail.com,Netherlands,2020-01-01,Premium,49111.36
8790,Michael Lee,00dol4j0@test.com,Japan,2021-12-17,Standard,12033.8
8791,Paul Collins,dhyx9fnc@company.com,Switzerland,2023-05-29,Basic,3926.77
8792,James Thomas,pmwmfeks@yahoo.com,Australia,2023-05-20,Premium,24339.5
8793,Matthew Lee,npxr803g@email.com,Japan,2022-02-08,Basic,18508.42
8794,Linda Martin,9z06qw64@gmail.com,Netherlands,2023-01-02,Premium,15192.47
8795,Joseph Collins,mghv8f3q@test.com,Canada,2023-07-07,Standard,7480.28
8796,Charles Thomas,o5vssbq1@yahoo.com,Mexico,2021-07-22,Basic,19105.51
8797,James Gonzalez,4px9bhjj@gmail.com,UK,2021-08-16,Standard,28969.74
8798,Mark Miller,hr4p2hx7@yahoo.com,Japan,2020-08-05,Basic,932.02
8799,Donald Thomas,e7be8hwm@example.com,Germany,2021-11-10,Premium,22093.0
8800,Joseph Williams,yinb4bb7@email.com,Sweden,2023-06-18,Premium,28305.18
8801,Christopher Wilson,0d1lz6aa@gmail.com,Sweden,2023-09-21,Basic,25035.94
8802,Patricia Johnson,3vrieovu@company.com,Australia,2020-02-20,Basic,34296.47
8803,Karen Jones,0su7ukti@mail.com,Germany,2022-05-28,Basic,939.6
8804,Thomas Hernandez,yljmfb4q@gmail.com,South Korea,2023-11-07,Standard,32959.74
8805,Sarah Smith,vckxjfk0@outlook.com,Mexico,2022-02-04,Premium,45322.43
8806,Sarah Miller,t4fp05pl@yahoo.com,Norway,2023-08-20,Standard,26520.67
8807,Kimberly Anderson,j4bwcht8@company.com,Netherlands,2022-11-17,Basic,27196.55
8808,Margaret Reeves,n3xjr69o@test.com,France,2024-06-07,Basic,37673.47
8809,Charles Martin,45w0pwue@yahoo.com,Canada,2024-04-07,Premium,40026.87
8810,Emily Gonzalez,qy71g4pf@company.com,Sweden,2022-02-22,Standard,3890.86
8811,Nancy Thomas,hzsjdfvl@company.com,Italy,2020-10-17,Premium,29210.49
8812,Robert Taylor,m7flr4j6@outlook.com,France,2022-10-24,Premium,3709.74
8813,John White,wtftef7j@gmail.com,UK,2023-08-01,Standard,34692.96
8814,Joseph Roberts,t7ig2pct@yahoo.com,Japan,2022-08-25,Standard,24093.31
8815,Steven Edwards,s6mhch8u@company.com,USA,2021-08-18,Basic,49088.22
8816,Linda Williams,6u08qn2a@company.com,France,2020-08-25,Premium,1188.28
8817,David Rodriguez,zbmnc1lx@outlook.com,Switzerland,2020-04-14,Standard,37768.08
8818,Paul Thompson,kl5m9uss@example.com,Spain,2020-12-30,Standard,47048.68
8819,Margaret Jackson,1jlkv7ki@test.com,Spain,2023-10-09,Basic,15897.63
8820,John Edwards,oznunrst@outlook.com,Spain,2020-01-26,Standard,1520.2
8821,Sandra Miller,o0bmu2l2@outlook.com,Switzerland,2022-02-21,Standard,44224.79
8822,James Taylor,ef8cla7i@company.com,Netherlands,2024-09-28,Standard,17046.42
8823,Christopher Lopez,1e3nsbvh@outlook.com,Australia,2022-12-27,Basic,17769.4
8824,Ashley Roberts,njqbla64@outlook.com,India,2023-01-22,Basic,35336.53
8825,Steven Rodriguez,8ma2th7e@outlook.com,Norway,2024-12-25,Standard,32358.94
8826,Daniel Moore,ouns83gh@gmail.com,Norway,2022-02-27,Basic,36364.07
8827,Donald Roberts,s32wcrja@email.com,Brazil,2024-05-06,Premium,47373.8
8828,Sarah Thompson,hm6k7036@example.com,Switzerland,2024-04-12,Premium,46131.85
8829,Christopher Garcia,7saqoc11@company.com,USA,2024-07-15,Standard,20618.38
8830,Sarah Williams,zm5ykq2y@example.com,Switzerland,2023-03-05,Premium,7410.45
8831,David Hernandez,cfn1562z@outlook.com,Mexico,2022-12-05,Basic,41415.32
8832,Ashley Garcia,dced4w78@company.com,South Korea,2023-04-04,Basic,145.7
8833,Sarah Johnson,ag4zv0uz@test.com,Japan,2023-03-26,Basic,49476.68
8834,Robert Smith,rv0a0lii@example.com,Germany,2021-05-06,Standard,33456.03
8835,Paul Jones,eb731fdq@yahoo.com,Norway,2022-02-13,Premium,2893.43
8836,Margaret Martin,1ky5n6p6@outlook.com,Australia,2023-05-14,Basic,42458.51
8837,Steven Davis,gqpohh54@mail.com,Spain,2021-08-12,Premium,19081.96
8838,Donna Jones,nukeinl1@mail.com,Germany,2020-03-12,Basic,24054.76
8839,Betty Harris,8gv9bfw3@yahoo.com,France,2020-07-21,Premium,32234.15
8840,Steven Martin,nakr7wca@mail.com,South Korea,2021-12-30,Standard,24016.55
8841,Richard Miller,ym8m4odo@company.com,Japan,2022-12-29,Premium,16350.43
8842,Mary Martin,k80ltbh3@example.com,Australia,2023-05-17,Basic,13753.2
8843,Joseph Perez,bmxp2q7c@company.com,Netherlands,2020-05-14,Standard,38066.05
8844,Michael Wilson,hyzcyl68@example.com,Canada,2023-03-17,Standard,19230.9
8845,Donna Johnson,9kyjjz3f@gmail.com,Switzerland,2023-07-19,Basic,20285.03
8846,Daniel Johnson,8kkh5mco@mail.com,India,2022-03-29,Premium,16800.64
8847,Matthew Lopez,xqqf4sya@company.com,Norway,2023-12-03,Basic,45432.95
8848,Donna Williams,jw6pye20@gmail.com,Switzerland,2022-08-06,Premium,17463.21
8849,Nancy Edwards,mutxzmw7@company.com,Australia,2020-01-25,Premium,48372.02
8850,Joseph Gonzalez,gea7hzr3@yahoo.com,Japan,2020-04-29,Basic,20105.62
8851,Susan Williams,dgncaqwa@gmail.com,Mexico,2022-10-01,Premium,45613.96
8852,Mark Thomas,d5fg03uy@mail.com,Netherlands,2023-05-07,Standard,34462.59
8853,John Smith,t3d4tqk0@outlook.com,Netherlands,2022-12-12,Standard,6449.29
8854,Ashley Lee,a90o08sl@test.com,Mexico,2024-01-27,Premium,46408.37
8855,Ashley Rodriguez,qkei4uqp@outlook.com,Switzerland,2021-04-03,Premium,19537.31
8856,Jessica Brown,a64q7knj@yahoo.com,Germany,2022-05-11,Premium,7630.18
8857,Sandra Williams,rcoxr1tj@gmail.com,Canada,2022-06-26,Premium,11470.24
8858,Kimberly Roberts,pbxq075c@gmail.com,France,2021-05-24,Standard,27942.47
8859,Andrew Gonzalez,up8v3dlk@example.com,India,2022-05-13,Premium,15549.69
8860,Robert Smith,zfdxky6o@test.com,Japan,2021-11-16,Basic,41048.35
8861,David Anderson,kw587g0v@test.com,Brazil,2024-09-14,Basic,37298.93
8862,Richard Martin,akabyi14@outlook.com,China,2021-09-18,Basic,7524.44
8863,Steven Perez,iqa632f6@test.com,China,2022-08-06,Standard,6014.03
8864,Kimberly Harris,pvda72xn@mail.com,Japan,2022-07-14,Premium,14098.52
8865,Daniel Harris,f6wh79o8@example.com,Japan,2023-10-27,Premium,25614.96
8866,Steven Collins,aolttcpt@gmail.com,Japan,2020-02-21,Standard,48713.76
8867,Robert Anderson,z1wiufjk@yahoo.com,UK,2021-05-19,Premium,20154.29
8868,Michael Lee,mgwif20o@email.com,India,2022-01-31,Premium,10323.88
8869,Sarah Martinez,o6597eh7@mail.com,France,2022-03-13,Basic,24873.7
8870,Emily Thompson,4bzfpead@outlook.com,USA,2021-04-14,Standard,46580.43
8871,Charles Johnson,yc2dmd26@test.com,France,2022-01-25,Premium,17479.06
8872,Christopher Lee,phi35l3a@outlook.com,Germany,2021-09-28,Premium,36166.97
8873,Sandra Lee,jfkj3val@email.com,Italy,2020-05-10,Standard,2779.61
8874,Barbara Wilson,onh6fne3@outlook.com,France,2020-05-13,Standard,27690.31
8875,John Lee,79iexb29@email.com,Canada,2021-01-19,Premium,48102.21
8876,Robert Gonzalez,htq000hf@mail.com,South Korea,2024-02-18,Standard,33830.54
8877,Matthew Jackson,6h1w7aq8@gmail.com,Mexico,2020-10-14,Premium,16871.23
8878,Susan Wilson,b6ercqbl@test.com,France,2023-07-31,Basic,36683.88
8879,Susan Thomas,fa158gts@yahoo.com,India,2023-05-28,Standard,40703.63
8880,Jennifer Anderson,crpe4dp1@mail.com,Norway,2023-02-15,Basic,5064.54
8881,Linda Thomas,l72b269j@outlook.com,Canada,2023-11-18,Standard,29057.66
8882,Kimberly Moore,3zwu9ij0@mail.com,Mexico,2021-11-11,Basic,9448.45
8883,Mark Brown,phw25j8q@test.com,Switzerland,2020-08-30,Premium,40708.38
8884,Ashley Hernandez,y6x5pvp4@yahoo.com,Italy,2024-05-26,Basic,28002.13
8885,Patricia Anderson,tpwxgc8l@test.com,Brazil,2021-06-03,Basic,10265.76
8886,Paul Harris,1a77fuz9@company.com,Brazil,2022-05-09,Standard,14239.77
8887,Lisa Brown,xsg3adpz@gmail.com,Australia,2022-01-06,Basic,24056.13
8888,Barbara White,fhk3pa6m@test.com,Brazil,2023-01-26,Premium,49583.63
8889,Emily Wilson,rgv53aok@yahoo.com,Netherlands,2024-07-27,Premium,49229.11
8890,John Thompson,clyy504p@yahoo.com,Mexico,2024-01-28,Basic,26158.27
8891,Thomas White,3fiqjkk0@email.com,India,2022-01-06,Basic,24657.99
8892,Betty Miller,3ret1m4z@gmail.com,Japan,2022-01-08,Premium,7278.55
8893,Richard Thomas,wqwsls8k@email.com,Australia,2023-10-29,Standard,38904.87
8894,Daniel Brown,e161jhuz@email.com,Sweden,2022-10-24,Basic,37450.87
8895,Christopher Davis,obpqxxr0@email.com,Italy,2023-01-12,Premium,18306.8
8896,Susan Gonzalez,dwt196ur@test.com,Italy,2020-08-16,Premium,41263.46
8897,Joseph Moore,kyirkkbs@company.com,Germany,2024-04-02,Premium,42217.23
8898,Jennifer Lee,nriiqg94@example.com,Brazil,2022-10-10,Standard,46297.07
8899,Donna Taylor,g68qv3qv@example.com,Canada,2023-10-06,Standard,20144.29
8900,Robert White,e8wfqaf0@email.com,Mexico,2023-11-22,Premium,41521.55
8901,Robert White,rlm7yfwp@test.com,South Korea,2022-10-11,Premium,34819.46
8902,Robert Garcia,gnvowe9z@outlook.com,Japan,2021-02-17,Standard,34476.4
8903,Donald Reeves,b4mekp6i@email.com,Norway,2024-07-28,Standard,30004.66
8904,Betty Harris,qlp8bhrm@company.com,UK,2023-12-04,Premium,48628.07
8905,Susan Collins,lmnfdfzp@example.com,Brazil,2020-11-25,Basic,26999.32
8906,Donald Smith,rk36428l@yahoo.com,Brazil,2022-03-08,Basic,33090.8
8907,James Lopez,slqyexzv@example.com,Switzerland,2020-05-12,Premium,1955.25
8908,Christopher Perez,16ymbfas@email.com,France,2023-05-09,Premium,28030.15
8909,James Moore,zy2shd1w@company.com,UK,2024-01-07,Standard,5151.15
8910,Kimberly Lee,zf6yu3wz@test.com,France,2023-08-12,Premium,25839.61
8911,David Jones,ws02nuy5@example.com,Spain,2021-12-24,Premium,16490.51
8912,Karen Rodriguez,hu4sryrw@example.com,Germany,2024-10-21,Standard,42572.82
8913,Steven Martin,i3g6h7yr@gmail.com,France,2021-02-18,Standard,18831.55
8914,Thomas Anderson,91u7ce9j@mail.com,South Korea,2024-04-10,Premium,43465.42
8915,Thomas Brown,3mk5u67s@company.com,UK,2024-10-11,Standard,3174.03
8916,Donald Garcia,cdq7b8qa@test.com,China,2021-03-09,Premium,30480.98
8917,Ashley Smith,objawjvc@yahoo.com,Mexico,2023-08-05,Premium,16886.02
8918,Susan Hernandez,fvk2k19z@yahoo.com,Japan,2022-07-29,Premium,48915.45
8919,Jennifer Martin,woj9b9y5@test.com,Spain,2022-05-19,Standard,9975.49
8920,Lisa Gonzalez,yv25410x@email.com,Australia,2024-01-29,Premium,29420.96
8921,Matthew Brown,sfkog258@mail.com,Australia,2023-11-26,Standard,5445.08
8922,Nancy Lee,oxvk9z8u@mail.com,Italy,2022-02-20,Basic,22584.22
8923,Margaret Hernandez,j0sldl5m@mail.com,Germany,2023-09-30,Premium,33404.88
8924,Robert Moore,jo08292t@test.com,UK,2024-01-23,Basic,11593.17
8925,Donna Edwards,bwshyz9k@test.com,Australia,2023-07-20,Premium,8890.45
8926,Christopher Davis,0bz7u7g0@yahoo.com,Netherlands,2021-06-19,Premium,17862.18
8927,William Lopez,q3jwhtyv@company.com,India,2024-04-01,Basic,24176.04
8928,Margaret Perez,ud7dcqy3@example.com,India,2020-04-18,Premium,49159.85
8929,Andrew Johnson,ib94oln5@company.com,Netherlands,2024-11-08,Premium,31316.88
8930,Linda Davis,1zwkcato@outlook.com,Australia,2022-09-12,Premium,39074.33
8931,Steven Lopez,mxend30a@gmail.com,Spain,2023-03-29,Basic,12595.74
8932,Robert Hernandez,ryv6ad6m@example.com,Sweden,2022-03-02,Standard,18186.14
8933,Kimberly Lopez,8bq9hgkq@company.com,Italy,2022-07-26,Standard,43811.97
8934,James Martin,4n31q1yj@outlook.com,China,2024-11-07,Premium,9279.03
8935,Jessica Edwards,aj6pfgq3@mail.com,Netherlands,2023-07-18,Standard,36913.61
8936,William Smith,bafsi0b2@test.com,India,2021-01-26,Basic,23182.06
8937,Margaret Williams,hhft48ps@test.com,Canada,2020-02-19,Standard,47689.4
8938,Karen Edwards,4bpp6q5o@email.com,South Korea,2020-10-13,Basic,16904.26
8939,Kimberly Taylor,6wfzaroh@test.com,Brazil,2020-05-26,Premium,4253.3
8940,Margaret Williams,os0necoo@gmail.com,Japan,2021-03-11,Basic,15920.33
8941,Betty Thomas,dgwbbeps@example.com,Mexico,2023-03-29,Premium,21567.64
8942,John Perez,1slk3edc@gmail.com,South Korea,2024-04-17,Standard,19727.88
8943,Paul Gonzalez,fc2n4env@email.com,Spain,2022-05-24,Premium,11694.01
8944,Sarah Wilson,67ivdq2f@mail.com,China,2020-05-28,Standard,39238.85
8945,Donna Martin,kakebyq7@company.com,Germany,2021-12-27,Basic,27957.36
8946,Daniel Martinez,er2lwkms@email.com,France,2023-05-27,Basic,3658.42
8947,Paul Hernandez,wgay259b@email.com,Canada,2022-09-10,Premium,8432.26
8948,Donna Lopez,49dpmhg0@mail.com,Italy,2020-02-20,Premium,47083.15
8949,William Lee,aw57tb67@gmail.com,UK,2022-09-21,Basic,5850.31
8950,Patricia Roberts,hv2pt562@yahoo.com,Canada,2022-03-09,Premium,47105.05
8951,Nancy Garcia,p2qc9chk@gmail.com,USA,2020-12-18,Basic,43510.18
8952,Susan Davis,16l0ifzt@example.com,Norway,2022-07-23,Standard,46864.28
8953,Donald Thompson,0na7lsxu@outlook.com,India,2024-03-18,Basic,31087.77
8954,Jessica Smith,s0rpokfr@company.com,South Korea,2024-01-29,Basic,4144.99
8955,Linda Johnson,buqpc6lm@outlook.com,Norway,2023-07-05,Premium,38583.94
8956,William Johnson,mgxvxk3r@outlook.com,Japan,2020-01-11,Basic,44995.54
8957,Mark Wilson,5roua7il@email.com,France,2020-03-01,Basic,19740.42
8958,Barbara Lee,kty75rxx@company.com,Germany,2022-04-04,Standard,6489.65
8959,Margaret Hernandez,fn9bvoi3@email.com,Switzerland,2023-01-01,Basic,6015.76
8960,Steven Gonzalez,lj3oip1u@mail.com,Australia,2022-05-17,Standard,17350.22
8961,James Smith,3ob81vc7@test.com,Japan,2021-04-24,Basic,24768.93
8962,Linda Anderson,x3yhel02@mail.com,Mexico,2023-12-09,Premium,18478.25
8963,Mark Williams,q7c8bq1f@company.com,Norway,2020-12-25,Premium,27263.73
8964,Matthew Jackson,4kv4vv0a@example.com,India,2022-03-08,Basic,41950.05
8965,Andrew Martin,cz0b2dtu@outlook.com,Canada,2020-12-16,Standard,18299.21
8966,Charles Thompson,yrob0pp5@gmail.com,UK,2022-05-26,Basic,45242.5
8967,Jennifer Smith,hcv8wvzt@yahoo.com,Australia,2023-03-16,Standard,28228.38
8968,Steven Moore,ua1c2lz5@yahoo.com,France,2022-04-06,Premium,39423.93
8969,Karen Rodriguez,ic5laxb0@mail.com,France,2020-05-17,Standard,1377.6
8970,Donna Perez,umthoj2p@outlook.com,USA,2021-06-27,Standard,2644.01
8971,Richard Perez,vwxz6gef@mail.com,Spain,2021-05-09,Premium,5782.9
8972,Mark Jackson,xpjmzb0z@email.com,USA,2021-04-16,Standard,12426.43
8973,Karen Taylor,4brhp848@outlook.com,Sweden,2024-03-23,Standard,40108.42
8974,Jennifer Hernandez,nvhtoqih@mail.com,France,2020-10-11,Standard,40724.26
8975,Karen Wilson,v7u98xqy@test.com,Norway,2024-02-24,Premium,39520.52
8976,Christopher Collins,krqv0ham@email.com,Germany,2020-06-03,Standard,33231.34
8977,Matthew Gonzalez,q3mhj8ow@mail.com,Switzerland,2020-01-26,Standard,27715.04
8978,Susan White,jhxn0nec@gmail.com,France,2021-10-25,Basic,3851.15
8979,Betty Edwards,m9l3z36d@yahoo.com,South Korea,2023-05-24,Standard,48274.0
8980,Donald Anderson,6mry324c@example.com,Switzerland,2022-11-14,Basic,41365.55
8981,Richard Thompson,ts91yg05@outlook.com,Mexico,2023-06-13,Standard,21355.08
8982,Sandra Collins,6vd4jetg@outlook.com,Japan,2021-12-18,Standard,10373.31
8983,Ashley Miller,xgg6vdt5@company.com,Japan,2020-01-28,Basic,28571.31
8984,Steven Jackson,8j53xp8g@company.com,South Korea,2023-08-12,Premium,15509.45
8985,Steven Hernandez,bqdgm9d4@gmail.com,Japan,2023-04-16,Basic,30085.7
8986,Betty Wilson,l9c1qyc9@gmail.com,Germany,2020-10-19,Basic,15704.4
8987,Barbara Martinez,h8fraf45@email.com,Italy,2024-07-30,Premium,30199.84
8988,Michael Garcia,h4jvebdd@gmail.com,India,2023-06-08,Standard,37999.79
8989,Mary White,986xvirv@example.com,Norway,2024-04-13,Standard,21697.49
8990,Linda Martin,tpdy2p95@example.com,Canada,2022-08-07,Basic,7732.3
8991,Patricia Wilson,ru92kfgh@gmail.com,Spain,2023-05-01,Standard,47071.72
8992,Patricia Anderson,nhj2m96t@outlook.com,USA,2024-11-11,Premium,5106.29
8993,Robert Hernandez,e7kq6kue@email.com,France,2023-01-16,Premium,33264.4
8994,Daniel Hernandez,2jdxrl3s@mail.com,Norway,2021-04-16,Basic,43163.95
8995,Steven Collins,s4wbxkt6@gmail.com,Italy,2022-02-09,Basic,23219.02
8996,Jessica Johnson,o9ndeyoj@email.com,France,2022-11-28,Basic,14208.06
8997,Nancy Johnson,xf1gjiy0@company.com,Germany,2022-10-13,Standard,14097.08
8998,John Williams,5w1n2w10@example.com,India,2020-08-03,Standard,44030.69
8999,Donna Gonzalez,2nkmbgf4@email.com,Australia,2023-06-19,Standard,30910.93
9000,Matthew Johnson,ddh6nv8p@example.com,UK,2021-12-27,Basic,2212.41
9001,Robert Martinez,jnqflxn7@outlook.com,Switzerland,2020-06-28,Premium,17815.41
9002,Kimberly Brown,w1saya4d@mail.com,Germany,2024-05-05,Premium,19810.37
9003,Robert Lopez,81nmp9ai@mail.com,Germany,2023-07-12,Premium,38341.75
9004,David Lopez,t4gvz0b3@test.com,France,2024-08-22,Premium,18442.89
9005,Sandra Gonzalez,gscby9xw@example.com,Netherlands,2023-04-06,Premium,10199.76
9006,Nancy Rodriguez,slsnpj85@example.com,France,2023-10-04,Standard,30753.9
9007,Michael Jones,pq35tyyv@outlook.com,South Korea,2022-04-13,Standard,10454.66
9008,Thomas Jackson,f5vnvgo2@company.com,Sweden,2021-10-21,Premium,42032.61
9009,Jessica Davis,n8e6ggbi@email.com,UK,2023-05-29,Premium,20714.32
9010,Lisa Thomas,93qbimb2@example.com,Norway,2023-04-14,Premium,23115.01
9011,Richard Thompson,96djek1j@example.com,Norway,2021-01-05,Basic,21728.49
9012,William Wilson,bwpomsul@outlook.com,Japan,2024-12-04,Basic,5698.55
9013,Andrew Davis,c9d6zy3d@company.com,Australia,2021-07-25,Standard,15745.03
9014,Kimberly Edwards,7ula3r7r@example.com,Japan,2023-07-23,Standard,14840.46
9015,Christopher Reeves,l8vl34i9@mail.com,Italy,2020-07-31,Standard,42388.37
9016,Thomas Lee,84puy3cc@test.com,France,2021-02-21,Premium,28215.47
9017,James Williams,3sw4w45w@test.com,China,2020-03-30,Premium,44510.39
9018,Charles Smith,whh6n9oo@gmail.com,Italy,2020-11-20,Basic,24253.48
9019,James Martinez,twvlz5ir@email.com,Switzerland,2022-09-05,Standard,30996.83
9020,Richard Smith,dm2tg5iz@email.com,Brazil,2020-01-27,Standard,17563.18
9021,Mark Lopez,uq0sl62p@example.com,Mexico,2024-04-25,Premium,42487.38
9022,Ashley Garcia,95vglmtu@mail.com,Australia,2020-06-10,Premium,22008.17
9023,Emily Jackson,mhum752y@company.com,Sweden,2020-10-19,Basic,14343.32
9024,Joseph Anderson,xm5jwnlx@test.com,India,2023-10-29,Standard,12908.44
9025,Jennifer Lopez,uc06vcvw@outlook.com,Mexico,2022-03-24,Premium,28784.17
9026,James Wilson,e3usy10g@mail.com,Spain,2020-01-22,Premium,14851.13
9027,Linda Anderson,yqaye0io@example.com,Brazil,2022-11-17,Premium,44743.77
9028,Jessica Martinez,ymw8zlr8@test.com,China,2023-05-23,Premium,8968.05
9029,Joseph Jones,iwz9ayx2@example.com,Norway,2023-07-29,Standard,29544.73
9030,David Reeves,eqzf4c5t@email.com,Sweden,2023-04-12,Premium,33390.35
9031,Andrew Thomas,ce6nscqp@mail.com,China,2023-07-04,Standard,14175.71
9032,Margaret Hernandez,96e1tfc3@mail.com,Japan,2021-03-14,Standard,45036.12
9033,James Lopez,swd603yx@email.com,Italy,2020-01-30,Premium,20425.04
9034,Michael Martin,1krtmy7f@company.com,France,2022-12-21,Standard,3287.61
9035,William Thomas,6cxd96wo@company.com,USA,2022-06-13,Standard,49674.7
9036,William Anderson,pe7u4jmv@gmail.com,Japan,2023-06-23,Basic,25358.04
9037,Betty Rodriguez,n9oie1gr@email.com,China,2023-01-15,Basic,30464.71
9038,Charles Hernandez,mdyv4828@test.com,Australia,2021-05-02,Premium,26247.82
9039,Mark Lopez,e239vppd@yahoo.com,Brazil,2024-11-08,Standard,21990.36
9040,Mary Brown,ckoo0ymv@test.com,China,2021-11-07,Standard,26424.6
9041,Emily Harris,aqn9f6dq@company.com,Japan,2023-12-29,Premium,40827.68
9042,Jessica Johnson,tveguesd@mail.com,Australia,2022-04-30,Premium,43363.19
9043,William Collins,na7uwwq3@outlook.com,India,2022-09-02,Standard,40571.92
9044,Steven Martin,bb0co98j@email.com,USA,2020-04-20,Standard,27440.07
9045,Robert Williams,aba7ld70@example.com,Japan,2020-07-10,Premium,10882.46
9046,Barbara Reeves,s8uvpuin@test.com,Brazil,2023-10-31,Basic,49975.75
9047,Margaret Smith,07g5gbey@test.com,Australia,2021-08-31,Premium,8206.7
9048,Jessica Davis,ud5ur5qq@gmail.com,India,2020-06-23,Standard,6535.45
9049,Lisa White,z3oz8adn@test.com,Australia,2023-08-24,Premium,34845.82
9050,Jennifer Brown,v4v6xrfc@gmail.com,Italy,2023-07-22,Standard,10724.07
9051,Paul Jones,zzzouv61@email.com,Norway,2024-01-28,Premium,15396.63
9052,Paul Reeves,l5hd9j0h@email.com,Norway,2024-11-25,Standard,17918.73
9053,Richard Collins,s17p4eiw@outlook.com,Italy,2020-09-13,Basic,39818.84
9054,Andrew Williams,ny1eo1kx@test.com,Norway,2021-06-21,Basic,26033.71
9055,Margaret Perez,0wljvnmh@gmail.com,Netherlands,2021-10-04,Basic,40169.54
9056,Ashley Perez,p3uacycd@outlook.com,UK,2021-06-04,Standard,34935.04
9057,Betty Jones,4jaki9mi@outlook.com,Switzerland,2023-11-20,Standard,22313.89
9058,Linda Gonzalez,fjotdym0@outlook.com,Germany,2023-03-26,Premium,18370.84
9059,Mary Hernandez,6epcpohz@yahoo.com,India,2024-01-22,Premium,49483.69
9060,Donna White,wuviw5u5@email.com,Brazil,2022-10-08,Basic,16869.66
9061,Lisa Anderson,a45w01g0@outlook.com,Canada,2020-05-13,Premium,8846.78
9062,Sarah Martin,rpn1swku@email.com,Sweden,2024-01-11,Premium,37770.82
9063,Paul White,8mcpibw0@gmail.com,Mexico,2023-05-10,Basic,32401.27
9064,Joseph White,idztb26y@outlook.com,Brazil,2022-02-25,Basic,49005.28
9065,Jennifer Davis,ea6oyh5r@mail.com,South Korea,2022-08-06,Premium,15627.1
9066,Jennifer White,oljhrb1x@company.com,Switzerland,2021-04-19,Standard,12900.56
9067,Robert Martinez,w02tqgxm@mail.com,France,2022-02-01,Standard,27659.46
9068,Ashley Taylor,ad3wpkb4@gmail.com,China,2021-08-16,Standard,39397.47
9069,Robert Brown,ghxa3lni@email.com,Norway,2022-11-01,Standard,5233.51
9070,Mark Davis,njp9fyri@gmail.com,Brazil,2024-11-27,Basic,5982.86
9071,Ashley Johnson,s79rphj4@outlook.com,Japan,2021-09-24,Basic,9463.41
9072,Barbara Martinez,yurjnzui@test.com,Norway,2023-06-05,Premium,34517.03
9073,Charles Hernandez,3dfew8rd@company.com,Sweden,2021-05-23,Basic,1418.43
9074,Jennifer Smith,3f52kqfc@gmail.com,Australia,2023-06-14,Standard,22541.37
9075,Patricia Martin,jtpyzbfh@yahoo.com,France,2022-09-22,Premium,5144.47
9076,Emily Davis,2tnfxn51@company.com,Brazil,2024-05-17,Standard,39621.5
9077,Mary Miller,l3ll6wo7@mail.com,Japan,2023-03-15,Premium,36329.18
9078,Richard Davis,45eb2wfn@company.com,Netherlands,2022-04-20,Premium,29367.71
9079,Robert Perez,lkmtm95f@gmail.com,Italy,2020-01-11,Basic,27179.3
9080,Susan Reeves,kykxf52s@email.com,South Korea,2024-04-11,Standard,15794.58
9081,Thomas Brown,wm1m9jqv@test.com,Japan,2020-03-06,Standard,43360.95
9082,Michael Rodriguez,rtmv9v07@email.com,Switzerland,2021-06-27,Standard,36259.5
9083,William Edwards,p21tsv7k@mail.com,Brazil,2024-03-22,Standard,38721.6
9084,Donald Jackson,64s1ytny@test.com,UK,2021-03-13,Basic,26434.07
9085,David Smith,k3q3um0q@email.com,Germany,2021-01-18,Standard,15786.62
9086,Betty Harris,ti5tpduh@outlook.com,Australia,2021-06-13,Premium,19792.19
9087,Andrew Wilson,9je6wsxw@yahoo.com,Japan,2021-05-20,Standard,26374.27
9088,Lisa Rodriguez,l1llsksz@yahoo.com,USA,2022-01-07,Standard,15573.83
9089,Robert Moore,36616jzu@gmail.com,Germany,2022-08-06,Premium,40960.38
9090,Christopher Lee,6ofmxp49@example.com,China,2023-06-28,Standard,4390.93
9091,Lisa Harris,cj37d6rc@test.com,Switzerland,2023-05-07,Standard,25358.49
9092,Robert Johnson,amfefo1r@email.com,China,2023-03-09,Premium,15209.1
9093,Daniel Reeves,wpm2almd@mail.com,South Korea,2024-07-04,Premium,2118.5
9094,James Wilson,ouyz9p9s@mail.com,UK,2021-01-25,Premium,13029.69
9095,Jennifer Wilson,zthtsbgj@email.com,Sweden,2022-10-23,Basic,18218.82
9096,Andrew Davis,8qhoq3il@yahoo.com,Switzerland,2020-11-15,Premium,49475.06
9097,Sarah Williams,cqb8vcij@outlook.com,Japan,2022-12-18,Basic,12773.89
9098,Patricia Garcia,zh2jfe37@email.com,USA,2023-09-28,Basic,33277.98
9099,Lisa Collins,zlzwwysw@email.com,Italy,2020-01-09,Standard,39147.72
9100,Emily Taylor,fd2at5kn@mail.com,Norway,2020-05-25,Premium,3317.85
9101,Ashley Moore,gf2rqp8k@example.com,South Korea,2022-03-02,Standard,5553.4
9102,Susan Thompson,ebpzjqxj@company.com,Germany,2020-07-11,Premium,35890.39
9103,Steven Jones,6asw4onn@gmail.com,South Korea,2024-12-19,Basic,12066.22
9104,Patricia Perez,dx3azsvh@gmail.com,Spain,2022-07-09,Standard,34201.97
9105,Lisa Perez,hkej1ou4@outlook.com,Netherlands,2022-10-15,Standard,6049.99
9106,Joseph Martin,mm3h35sa@yahoo.com,USA,2024-01-17,Basic,47449.2
9107,Ashley Edwards,es1xa0mc@test.com,Germany,2021-05-21,Standard,11316.8
9108,Kimberly Harris,4w4l3mhz@company.com,Norway,2022-10-05,Basic,34319.17
9109,Sarah Martin,5tzkrhtf@company.com,Brazil,2020-12-15,Standard,48779.07
9110,Kimberly Smith,2vvgu3zz@yahoo.com,Brazil,2021-10-04,Premium,33073.14
9111,Sarah Wilson,dulpcz0l@yahoo.com,Norway,2021-07-08,Basic,690.38
9112,Paul Lopez,fqk02j6t@example.com,Australia,2020-02-26,Standard,10782.45
9113,Christopher Anderson,mix3bzup@outlook.com,Switzerland,2020-05-19,Standard,41459.23
9114,Steven Lee,uo4icozk@example.com,Switzerland,2022-07-17,Standard,28207.95
9115,Mark Wilson,exs01hlk@outlook.com,Japan,2023-11-19,Premium,31846.67
9116,Karen White,timtlvju@outlook.com,Italy,2021-09-16,Basic,24636.35
9117,Donald Lopez,s69cjcjc@email.com,UK,2023-01-26,Premium,20654.78
9118,Sandra Lopez,7ozbqycg@mail.com,Netherlands,2021-08-11,Standard,18372.12
9119,Daniel Lee,1jf12pe1@mail.com,France,2021-03-29,Standard,8621.47
9120,Patricia Gonzalez,r6zw6na4@yahoo.com,USA,2024-05-02,Premium,19551.0
9121,Sandra Jackson,1upou3ux@outlook.com,Brazil,2020-09-10,Basic,44533.14
9122,Betty Gonzalez,im8048im@company.com,Brazil,2024-05-15,Standard,3909.72
9123,Joseph Williams,a6tnhue1@mail.com,Mexico,2023-09-29,Premium,46939.08
9124,Donna Lee,1p23ee3x@gmail.com,Australia,2022-08-09,Standard,40756.68
9125,Barbara Miller,0z0ubxuw@test.com,Netherlands,2021-06-29,Standard,34322.78
9126,James Martin,oi0o3ti1@email.com,Brazil,2023-08-15,Standard,43059.99
9127,Nancy Martin,wqey3pmq@outlook.com,Mexico,2023-02-11,Standard,16157.69
9128,Andrew Gonzalez,hkl5uymo@email.com,Netherlands,2022-02-16,Basic,22355.67
9129,Kimberly Martinez,951nqp7l@yahoo.com,India,2020-06-05,Basic,36687.53
9130,Linda Miller,fk2173ti@gmail.com,Canada,2023-10-15,Standard,14365.28
9131,Margaret Thompson,40iek8by@email.com,Australia,2021-01-29,Premium,9041.14
9132,Robert Miller,m9twejb9@yahoo.com,China,2024-04-04,Standard,27880.03
9133,Barbara Harris,gz1sd9ez@company.com,Spain,2024-09-08,Standard,9804.33
9134,Sarah Thompson,o5v3jpn5@yahoo.com,Sweden,2023-12-23,Basic,5403.48
9135,William Johnson,7e2m5xjs@company.com,Switzerland,2022-07-27,Basic,45305.52
9136,Susan Edwards,1oatmqto@yahoo.com,Norway,2023-10-13,Basic,35730.97
9137,Lisa Thompson,knz1h19s@company.com,Switzerland,2024-07-03,Standard,1716.98
9138,Andrew Harris,1xxq6k2u@company.com,Australia,2022-11-02,Premium,12368.04
9139,Sarah Thompson,ntysaacz@outlook.com,Japan,2022-08-23,Standard,3772.52
9140,Linda Taylor,udtg1uk6@outlook.com,Mexico,2023-11-02,Basic,10961.85
9141,Thomas Collins,lp7cm2h4@company.com,France,2022-01-07,Premium,7846.9
9142,James Martinez,0qwhaob8@gmail.com,China,2020-05-01,Premium,18312.09
9143,Mark Johnson,xp1uq2in@test.com,Switzerland,2023-11-15,Premium,15401.63
9144,Mark Jackson,2swsx099@outlook.com,USA,2023-09-10,Basic,49855.86
9145,Mark Davis,a8nqntxh@mail.com,Brazil,2024-01-08,Standard,46520.09
9146,Ashley Miller,g7jqpebb@outlook.com,Canada,2023-05-17,Standard,15475.41
9147,Ashley Taylor,wcgsh3l1@yahoo.com,South Korea,2021-08-12,Premium,48316.28
9148,Daniel Wilson,x3pcns87@example.com,Canada,2022-04-18,Basic,868.22
9149,Michael Lopez,bbfkcnbo@yahoo.com,Mexico,2023-04-18,Premium,48392.48
9150,John Smith,s57xnrwa@email.com,South Korea,2023-09-26,Standard,12530.74
9151,Richard Brown,30hnl2k6@mail.com,Norway,2021-08-06,Premium,14295.71
9152,Joseph Thomas,96qxa2wp@yahoo.com,UK,2020-08-10,Basic,35915.07
9153,Sarah Johnson,mahwwhza@mail.com,South Korea,2022-10-25,Premium,18448.92
9154,Linda Harris,sthw91hq@yahoo.com,Australia,2021-06-13,Premium,33446.26
9155,Lisa Williams,iq891dwi@company.com,Sweden,2022-02-12,Standard,34840.06
9156,Mary Garcia,ybjv87j9@outlook.com,Brazil,2020-02-10,Standard,49791.2
9157,Robert Martin,pm80ji3a@outlook.com,Italy,2024-08-20,Basic,39170.79
9158,Sarah Miller,y2ec118r@yahoo.com,Switzerland,2024-03-04,Basic,15411.76
9159,Christopher Jackson,5hghgkmf@company.com,Italy,2022-04-10,Standard,31577.23
9160,Donna Edwards,w0tnzxq7@mail.com,Germany,2023-08-04,Basic,49186.41
9161,Christopher Martin,gnwjd7fc@example.com,UK,2023-07-08,Standard,30485.46
9162,Mark Smith,s7br8ad0@example.com,Mexico,2020-10-21,Standard,28986.73
9163,Mary Roberts,s9t6s3ip@example.com,USA,2020-01-24,Basic,41534.57
9164,Ashley Taylor,7qk9yefa@test.com,UK,2021-11-10,Premium,49447.44
9165,Christopher Miller,edauaqq0@test.com,Spain,2023-03-21,Standard,8094.9
9166,William Wilson,08d191vc@test.com,Norway,2022-04-06,Basic,32143.21
9167,Donald Miller,i7xcehzv@yahoo.com,Italy,2024-01-27,Standard,45642.41
9168,Kimberly Reeves,s4qbt4oh@test.com,Norway,2021-10-02,Premium,38339.8
9169,Mark Taylor,briugnut@yahoo.com,South Korea,2023-07-27,Basic,20324.79
9170,Mary Reeves,us5vjcvd@email.com,France,2021-10-30,Basic,37185.21
9171,Thomas Rodriguez,suj2c9hp@gmail.com,Japan,2020-02-16,Basic,42132.38
9172,Donna Martinez,ertk1jdf@outlook.com,Australia,2020-05-26,Basic,30922.73
9173,Joseph Jackson,1qc41j2p@email.com,India,2021-01-17,Standard,26906.27
9174,Paul Hernandez,2xuboyio@company.com,Sweden,2020-06-05,Standard,10820.12
9175,Jessica Lopez,v8dy9smf@yahoo.com,Mexico,2021-08-01,Standard,28376.13
9176,Steven Garcia,2gpq0jff@yahoo.com,Brazil,2020-12-07,Basic,42776.2
9177,Emily Lee,tshdti7l@outlook.com,Switzerland,2023-06-08,Premium,11169.75
9178,Christopher Davis,yxp1a0tp@gmail.com,China,2023-04-26,Standard,13912.67
9179,Barbara Taylor,y9kjhqbe@example.com,Norway,2021-07-17,Basic,44709.86
9180,Paul Thomas,zu6ncwor@test.com,Germany,2023-11-27,Standard,46233.24
9181,Lisa Miller,neejy5i3@example.com,Mexico,2024-07-06,Standard,13788.26
9182,Nancy Smith,sqy38ykc@example.com,India,2023-04-21,Premium,31653.13
9183,Christopher Lopez,nkw216k7@company.com,Brazil,2022-06-16,Premium,32379.51
9184,Jessica Garcia,5xe12kqm@yahoo.com,Australia,2022-01-19,Standard,33128.52
9185,Mark Roberts,ehnu2zph@test.com,Canada,2022-05-01,Premium,3679.85
9186,Ashley Smith,gh6cjnn5@outlook.com,Mexico,2022-12-12,Premium,21896.83
9187,Betty Harris,09i0u7o1@outlook.com,Mexico,2021-03-06,Premium,23193.14
9188,Lisa Miller,wb8p8hn6@test.com,India,2020-01-17,Basic,48896.13
9189,Patricia Rodriguez,mtxsn27c@outlook.com,Sweden,2024-03-23,Premium,29256.92
9190,William Thompson,tlzcjijt@gmail.com,Spain,2020-03-05,Standard,41256.02
9191,Robert Thompson,1zvomxlm@company.com,China,2023-09-12,Basic,42858.29
9192,Donna Lopez,lv5scqwa@company.com,Switzerland,2020-06-23,Standard,13576.31
9193,Donald Lee,o9pi5yas@outlook.com,Mexico,2020-11-18,Standard,44925.47
9194,Matthew Gonzalez,2ugyllpb@yahoo.com,China,2024-09-13,Premium,33974.48
9195,Daniel Rodriguez,w72xxdmm@mail.com,Switzerland,2023-08-13,Basic,33345.98
9196,Kimberly Roberts,0so5kqav@test.com,USA,2022-03-21,Standard,7615.36
9197,Linda Perez,lug2kxp0@company.com,Sweden,2024-06-20,Standard,1672.97
9198,Matthew Martinez,3afzzcom@outlook.com,Mexico,2023-05-25,Standard,9381.49
9199,Kimberly Collins,7twfbdhr@example.com,Mexico,2021-05-28,Basic,46288.83
9200,Linda Harris,08c6yqqs@company.com,Germany,2022-05-22,Basic,769.93
9201,Jessica Gonzalez,mpyu0ip1@example.com,Brazil,2022-02-19,Premium,30526.42
9202,Linda Collins,oezn9y9z@mail.com,USA,2023-12-07,Standard,42015.22
9203,Christopher Edwards,xnayhyrc@mail.com,Japan,2022-02-04,Basic,33693.59
9204,Linda Reeves,3o5qry6y@outlook.com,Italy,2024-12-12,Premium,24592.65
9205,Kimberly Hernandez,g6y8e3nx@example.com,Japan,2024-05-01,Premium,27488.09
9206,Patricia Edwards,rqogf6fm@outlook.com,Spain,2024-07-12,Basic,45096.11
9207,Christopher Brown,268rxm8a@outlook.com,India,2020-09-23,Basic,19315.24
9208,Patricia Anderson,vna7069q@gmail.com,France,2024-02-01,Premium,32494.83
9209,Linda Jones,0h9x7oyw@outlook.com,Sweden,2021-11-13,Premium,24825.77
9210,David Wilson,79h6o37q@test.com,USA,2024-03-04,Standard,26562.95
9211,Lisa Brown,spqshp9c@yahoo.com,Canada,2023-02-13,Basic,25520.12
9212,Mary Martin,o70v45jf@outlook.com,Spain,2021-10-04,Premium,11182.95
9213,Robert Williams,b3hdvvp0@yahoo.com,France,2023-07-07,Standard,19834.93
9214,Daniel Taylor,pmr1rw7x@outlook.com,South Korea,2022-03-24,Basic,206.33
9215,Robert Gonzalez,0m0bcpeg@yahoo.com,Brazil,2023-12-21,Basic,1547.54
9216,Matthew Reeves,25waz0gv@test.com,USA,2020-09-22,Standard,35439.08
9217,Christopher Anderson,jjeuofke@outlook.com,UK,2023-06-29,Premium,25943.37
9218,Daniel White,2jwa3gdg@example.com,Canada,2021-03-09,Premium,7283.88
9219,Christopher Wilson,zy4tee6d@yahoo.com,Netherlands,2023-02-17,Premium,20403.89
9220,Karen Hernandez,moscw6ij@email.com,UK,2024-06-06,Premium,32986.02
9221,Thomas Rodriguez,9jz4wnyi@outlook.com,South Korea,2023-08-16,Premium,25056.93
9222,John Lee,261ztmf9@mail.com,UK,2020-02-08,Standard,2104.2
9223,Thomas Edwards,xp57gcf9@outlook.com,Norway,2023-03-13,Standard,14217.79
9224,Linda Anderson,c84o1vim@outlook.com,France,2024-02-27,Premium,44268.42
9225,Jessica Collins,ew8t73bp@company.com,Italy,2022-09-03,Standard,727.82
9226,Sandra Garcia,18iy8hib@yahoo.com,Mexico,2020-05-27,Basic,41676.18
9227,David Taylor,3rk0cyo8@mail.com,Spain,2021-06-18,Basic,223.34
9228,Patricia Jackson,h352m5oi@company.com,France,2020-10-17,Basic,11002.69
9229,Jennifer Reeves,2wjyaroc@company.com,Sweden,2024-02-02,Basic,20158.03
9230,Jennifer Martinez,97jjkg86@company.com,USA,2022-07-06,Basic,26540.48
9231,Mary Jones,27f2wcc5@test.com,Mexico,2020-01-31,Basic,47586.66
9232,Ashley Lopez,2w8g9itr@gmail.com,UK,2022-02-02,Basic,40752.2
9233,Michael Jones,2urj060f@gmail.com,Sweden,2021-05-22,Premium,23866.07
9234,Kimberly Harris,0z1durqm@gmail.com,Norway,2023-04-30,Basic,10318.72
9235,Jennifer Edwards,8qwmqncj@test.com,Brazil,2022-12-17,Standard,18444.35
9236,Thomas Smith,ufpyegz5@company.com,Mexico,2020-03-02,Premium,12612.82
9237,Daniel Lopez,omnrxiog@outlook.com,Switzerland,2022-03-20,Standard,22060.74
9238,Karen Roberts,eu3ye79g@gmail.com,Netherlands,2023-01-03,Basic,38148.21
9239,Lisa Miller,50ltm8y3@email.com,Japan,2022-05-17,Basic,36567.84
9240,Nancy Martin,nghs72df@example.com,Switzerland,2020-02-19,Basic,22847.09
9241,Charles Roberts,ppgzm983@mail.com,Japan,2023-09-30,Standard,49725.12
9242,Andrew Williams,iqhjupt8@email.com,Germany,2024-05-15,Premium,18478.82
9243,Mary White,zrhaext1@email.com,Netherlands,2022-09-24,Basic,14151.27
9244,Thomas Lee,d3umu720@test.com,Japan,2024-01-24,Basic,2828.37
9245,Linda Smith,g1dgl1bz@example.com,Brazil,2024-04-04,Standard,49687.25
9246,Donald Lee,lhd6zezl@mail.com,Netherlands,2023-07-03,Premium,26052.25
9247,Nancy Jackson,vh0wqfxz@test.com,Norway,2022-11-24,Premium,47449.35
9248,Betty Perez,gpn7yez4@company.com,China,2022-12-09,Standard,38899.56
9249,Linda Reeves,bfc39geh@example.com,Switzerland,2021-10-09,Premium,27450.95
9250,Sarah Thompson,ga5efs03@test.com,UK,2022-11-16,Basic,29274.37
9251,Paul Rodriguez,f7wqh11w@yahoo.com,France,2020-08-24,Standard,49335.86
9252,Steven Edwards,s32hz9pl@email.com,UK,2023-02-06,Premium,43810.95
9253,John Roberts,yzxvs1y9@company.com,Italy,2023-12-13,Premium,25802.63
9254,Daniel Thompson,7o1709n7@mail.com,Netherlands,2023-05-03,Standard,27875.62
9255,Emily Miller,2gbgbinm@mail.com,Italy,2021-09-04,Basic,14880.51
9256,Mary Brown,tcv153gv@test.com,Netherlands,2022-12-30,Premium,34015.64
9257,James Miller,k9dlsfhx@gmail.com,UK,2022-05-11,Standard,26740.35
9258,James Roberts,1i8dtepi@company.com,China,2023-10-01,Basic,39341.14
9259,Mark Davis,j409hfqu@yahoo.com,Sweden,2024-03-21,Standard,47560.11
9260,Sarah Jones,ws4tivsu@email.com,Norway,2023-08-25,Basic,47381.66
9261,Steven Lee,vfa2o30a@test.com,Japan,2024-06-28,Basic,43749.69
9262,Susan Jones,yc3uq22z@yahoo.com,Japan,2020-12-18,Basic,20982.9
9263,Sarah Wilson,6kx9s5q7@email.com,Japan,2022-07-28,Premium,17189.45
9264,Susan Reeves,gea3klat@gmail.com,Norway,2024-06-27,Basic,23708.77
9265,Susan White,lv2zln51@email.com,China,2022-03-27,Standard,46478.82
9266,Karen Thompson,5rb74nz3@outlook.com,Canada,2022-01-13,Standard,23983.55
9267,Paul Martinez,4qrhpwut@company.com,Canada,2022-04-17,Premium,15378.57
9268,Linda Hernandez,ldiy03pg@mail.com,Brazil,2020-01-29,Premium,32141.88
9269,Matthew Brown,2d0hjfba@outlook.com,UK,2021-07-14,Standard,49396.06
9270,Emily Hernandez,zv7wlud7@test.com,UK,2024-11-26,Standard,44956.66
9271,Linda Smith,sh5sxd1m@example.com,Netherlands,2022-02-27,Standard,37348.55
9272,Mark Harris,uscwaaw2@example.com,Canada,2023-09-19,Premium,7855.0
9273,David Martinez,hu6upfw8@gmail.com,Brazil,2022-09-01,Standard,25173.67
9274,Donald Wilson,iipus17s@company.com,USA,2024-05-26,Basic,39216.54
9275,Thomas Smith,7woymo7d@company.com,India,2023-02-11,Standard,11380.97
9276,Matthew Perez,d75p7z9z@company.com,UK,2022-11-20,Standard,26743.1
9277,Mary Lee,uwbz2z5x@outlook.com,Sweden,2023-03-31,Standard,40721.2
9278,Karen Jones,b8ysne5f@gmail.com,South Korea,2021-02-03,Standard,32917.73
9279,Kimberly Gonzalez,wy8pzg8y@email.com,Italy,2023-01-13,Standard,7066.1
9280,Margaret Jackson,6cymt7tj@test.com,Australia,2022-03-19,Standard,13327.4
9281,Ashley Anderson,s5eqf8f5@outlook.com,Brazil,2021-06-10,Basic,13677.44
9282,Matthew Johnson,9nu3nrmg@gmail.com,Italy,2024-11-04,Standard,40517.71
9283,Karen Taylor,67tjb5m6@email.com,Australia,2021-06-07,Basic,44824.74
9284,Thomas Martin,xz2fr5hq@mail.com,Italy,2024-10-23,Standard,29851.78
9285,Barbara Thomas,wene56vq@mail.com,USA,2024-04-14,Standard,47144.75
9286,Sandra Wilson,wwum1ynv@mail.com,Australia,2020-04-24,Premium,9787.46
9287,Patricia Taylor,5q4bvr04@email.com,India,2024-03-17,Premium,31795.82
9288,Thomas Edwards,26tcmez8@example.com,Sweden,2023-07-24,Standard,36501.57
9289,Joseph White,2fjjfof3@email.com,Netherlands,2021-05-12,Standard,6181.56
9290,James Martinez,90elckym@test.com,Switzerland,2023-08-17,Premium,34363.3
9291,Paul Lee,lxqhiag9@yahoo.com,China,2020-04-29,Basic,11891.98
9292,Patricia Jackson,lp6cvo6o@yahoo.com,Mexico,2023-08-19,Premium,19482.33
9293,Michael Lee,vl5tcnpw@yahoo.com,Netherlands,2022-05-12,Premium,23183.94
9294,Steven Lee,2gdlr687@outlook.com,Mexico,2020-02-07,Premium,49266.17
9295,Linda Taylor,cd9qfe4t@yahoo.com,UK,2021-05-07,Standard,42872.63
9296,Margaret Collins,uhepnb7l@company.com,Brazil,2021-04-01,Standard,8533.11
9297,Andrew Jones,gxpcnyv7@gmail.com,Italy,2023-06-15,Standard,35111.48
9298,Barbara Jackson,odydlrys@outlook.com,India,2023-07-15,Premium,4261.57
9299,Joseph Davis,t5g7h1me@example.com,China,2024-01-23,Premium,27123.31
9300,Linda White,fxonx5bi@yahoo.com,UK,2023-03-01,Premium,37782.39
9301,Jennifer Moore,3149d8lj@gmail.com,Mexico,2020-04-05,Basic,8429.44
9302,Paul Jackson,7unb9lbu@outlook.com,Netherlands,2024-07-20,Basic,32469.77
9303,Steven Roberts,kpbr4nkj@test.com,France,2022-11-18,Premium,46903.01
9304,Betty Harris,h3st9hv9@outlook.com,UK,2022-11-16,Basic,31633.45
9305,Mark Garcia,155tqowd@outlook.com,Germany,2024-03-04,Basic,28562.44
9306,Susan Martin,x1rac3ig@mail.com,China,2023-02-11,Premium,11350.81
9307,James Miller,fksog7m6@example.com,Sweden,2020-08-02,Basic,4328.32
9308,Ashley Wilson,rfkqmlp7@outlook.com,Brazil,2021-08-09,Basic,19131.91
9309,Ashley Thomas,n57dfqow@gmail.com,Switzerland,2023-04-22,Premium,22117.11
9310,Susan White,bdlahkac@email.com,South Korea,2023-12-12,Standard,3332.77
9311,Susan Thomas,wpbc6gce@outlook.com,Switzerland,2023-09-20,Basic,20323.42
9312,Nancy Moore,q5kvg7go@yahoo.com,Canada,2020-12-21,Basic,7432.74
9313,Sarah Lee,vkwh20d9@email.com,Norway,2021-03-25,Basic,3762.81
9314,John Roberts,ppt83kyo@yahoo.com,India,2022-01-26,Basic,23562.76
9315,Matthew Martin,tsu2k2qj@yahoo.com,Japan,2021-12-17,Standard,19133.93
9316,Daniel Gonzalez,i2sm5e8r@gmail.com,Norway,2023-10-26,Standard,26976.63
9317,Margaret White,45kz6tff@yahoo.com,Norway,2023-08-18,Basic,30808.62
9318,Paul Moore,qzl1qliz@mail.com,Canada,2024-02-11,Premium,41236.98
9319,Margaret Gonzalez,z29jzaun@mail.com,Sweden,2020-11-08,Standard,26311.43
9320,Jennifer White,cu24co5k@email.com,Switzerland,2021-05-09,Premium,32501.1
9321,William Lee,49fl76cy@example.com,Switzerland,2021-03-25,Premium,12787.81
9322,Susan Miller,itmpip1w@company.com,Australia,2021-12-20,Premium,26848.98
9323,David Lee,tl8o7sfp@company.com,Netherlands,2023-12-11,Standard,24695.56
9324,Sandra Johnson,hm6e933q@outlook.com,South Korea,2023-12-13,Premium,26959.72
9325,Donald Collins,bmuuprxl@example.com,Norway,2024-03-07,Basic,17958.28
9326,Matthew White,6039ltyj@example.com,Switzerland,2022-06-21,Basic,23826.46
9327,Joseph Garcia,4wcqjt3k@gmail.com,Sweden,2023-09-17,Standard,22468.96
9328,Michael Wilson,edtrfs21@email.com,Germany,2023-06-05,Standard,4837.54
9329,Mary Gonzalez,clcy69ja@example.com,USA,2021-07-13,Premium,46293.55
9330,Jessica Davis,86t7mt8f@test.com,Sweden,2024-03-11,Basic,24930.06
9331,Mary Hernandez,b2x8xxbi@email.com,Sweden,2023-04-21,Premium,34694.72
9332,Matthew Smith,14jgd66t@test.com,USA,2023-12-20,Premium,34222.48
9333,Kimberly Gonzalez,3l3bckax@test.com,Mexico,2020-08-29,Standard,46569.75
9334,Patricia Davis,bhn7gctw@yahoo.com,Italy,2024-06-18,Basic,23158.18
9335,Jessica Garcia,n4qnq2bd@mail.com,Norway,2021-01-27,Standard,45751.85
9336,Susan Lee,bp05a88f@gmail.com,Germany,2022-10-08,Standard,45619.91
9337,William Smith,2k3xik6n@test.com,Canada,2020-01-11,Premium,26699.61
9338,Paul Jackson,h9g396eg@example.com,UK,2022-11-24,Standard,31661.33
9339,Daniel Edwards,17yqz7er@outlook.com,Spain,2021-06-11,Premium,26716.13
9340,Margaret Davis,2t1kfwq2@company.com,Spain,2021-11-09,Standard,8794.27
9341,Jessica Lee,guebj5he@gmail.com,Sweden,2022-05-20,Basic,36924.5
9342,David Davis,krk8bqeu@email.com,Brazil,2024-04-20,Basic,8891.4
9343,David Martin,ej1mnw3a@gmail.com,Germany,2021-10-19,Premium,20801.41
9344,Daniel Thomas,8kv6itzm@company.com,India,2022-05-17,Basic,49038.1
9345,Steven Thompson,v3zod1fj@test.com,Canada,2022-05-23,Basic,11327.65
9346,Steven Smith,2whv6ggm@test.com,Australia,2022-09-03,Premium,36314.39
9347,Ashley Perez,l7yvmv3u@outlook.com,Mexico,2021-03-12,Standard,2264.33
9348,Richard Johnson,66rohku7@outlook.com,India,2023-09-24,Premium,44507.48
9349,Kimberly Thompson,tyg9uhs0@gmail.com,UK,2024-07-25,Premium,19125.33
9350,Donald Martin,2e0r4ha3@outlook.com,Norway,2024-05-06,Premium,10956.68
9351,Jennifer Martin,cqv5iy9d@outlook.com,Brazil,2022-01-20,Basic,32489.47
9352,Charles Rodriguez,s12qfawl@outlook.com,Netherlands,2020-06-22,Premium,46304.28
9353,Joseph Moore,qqt7re6d@outlook.com,UK,2021-03-06,Basic,17145.08
9354,Mary Edwards,zruo997m@test.com,China,2022-10-31,Standard,41766.98
9355,Jessica Gonzalez,6xqtpwy4@outlook.com,UK,2024-08-28,Basic,24802.44
9356,Emily Martin,z3x39a8f@yahoo.com,Switzerland,2020-05-11,Premium,8922.0
9357,Christopher Harris,lzwhg578@yahoo.com,Netherlands,2023-08-12,Standard,38111.22
9358,David Moore,8a06kare@mail.com,UK,2022-01-16,Premium,39130.79
9359,Robert Martin,mqf4e271@company.com,Switzerland,2020-08-04,Premium,25296.57
9360,Susan Garcia,9og0k1pr@outlook.com,Mexico,2024-04-29,Basic,3621.39
9361,Mary Gonzalez,wc7b8uxs@example.com,China,2022-07-02,Standard,12548.89
9362,Matthew Garcia,uem3oewu@gmail.com,Mexico,2022-01-08,Premium,42175.0
9363,Betty Jones,647ugi9b@gmail.com,Brazil,2022-04-02,Basic,1254.72
9364,Karen Taylor,jk4z9aqz@gmail.com,South Korea,2021-01-17,Premium,32053.09
9365,Ashley Davis,natavlje@yahoo.com,India,2021-05-01,Premium,12556.46
9366,Joseph Johnson,uslr3st0@yahoo.com,Norway,2023-01-18,Basic,37294.03
9367,Emily Collins,jhez951b@example.com,France,2021-10-29,Standard,44504.72
9368,Sarah White,2j4v6g41@mail.com,India,2021-03-05,Standard,6508.29
9369,Richard Roberts,1m5w7g7t@gmail.com,India,2022-09-11,Basic,19133.06
9370,William Wilson,dybeqqvu@mail.com,Norway,2020-12-29,Premium,24867.02
9371,Michael Lee,bdukf9y6@gmail.com,Brazil,2024-07-29,Standard,36603.71
9372,Patricia Martinez,g7t9ie01@outlook.com,Sweden,2020-04-13,Premium,40405.89
9373,Emily Perez,tcjfvwg9@mail.com,Spain,2021-07-07,Premium,35049.67
9374,Donna Martin,xepjmy2x@email.com,UK,2023-04-25,Premium,26528.55
9375,Matthew Taylor,a2oik2zj@test.com,USA,2022-01-17,Premium,36438.66
9376,William Jackson,kpti9sed@test.com,Brazil,2022-09-26,Standard,39767.87
9377,Robert Miller,p9znhfdg@test.com,Switzerland,2021-09-20,Basic,22035.66
9378,John Harris,3uc7s3dz@yahoo.com,Brazil,2021-11-27,Premium,16828.33
9379,Sarah Martin,0jkkvftj@yahoo.com,Switzerland,2020-04-29,Premium,48125.73
9380,Sarah Martin,bq5m4tu0@outlook.com,France,2023-08-31,Basic,43654.49
9381,Andrew Martin,4izwirjk@example.com,South Korea,2024-09-18,Basic,35802.3
9382,Karen Edwards,tbmv7uan@yahoo.com,UK,2022-08-11,Basic,4872.97
9383,Joseph Taylor,clj4f4s7@email.com,Brazil,2023-03-23,Standard,28251.36
9384,Jessica Johnson,hx4r48kq@yahoo.com,India,2021-09-26,Basic,33423.49
9385,Sandra Brown,c97c9w7j@yahoo.com,Japan,2021-09-16,Basic,16388.16
9386,Thomas Wilson,4us3b19e@yahoo.com,China,2022-10-18,Premium,43911.15
9387,Thomas Hernandez,kjst3h2v@test.com,China,2022-07-16,Premium,44592.55
9388,Michael Martinez,2y7qbz3a@yahoo.com,Australia,2020-07-23,Standard,25569.65
9389,Jennifer Collins,j6hnndi1@gmail.com,Brazil,2020-09-20,Basic,44905.53
9390,Joseph Martin,ifa36nh6@yahoo.com,France,2021-03-01,Basic,32282.58
9391,Nancy Jackson,vg8l9cht@gmail.com,Brazil,2024-07-11,Basic,16373.34
9392,Donna Roberts,lvfz5873@test.com,France,2024-09-07,Basic,11309.36
9393,Donna Martinez,dq8jncgb@yahoo.com,Mexico,2022-01-29,Standard,19158.65
9394,Linda Jackson,6kn1s6zx@email.com,USA,2023-07-22,Standard,25387.37
9395,Jessica Edwards,acrgr6f5@example.com,Switzerland,2021-06-12,Basic,42208.74
9396,Susan Moore,askabzpn@example.com,India,2022-06-20,Standard,4739.9
9397,Susan White,x9vu7j1l@test.com,USA,2023-02-09,Premium,21485.9
9398,Robert Gonzalez,e9rsnm03@test.com,Spain,2023-12-16,Standard,33704.94
9399,Michael Garcia,2brur1s0@yahoo.com,India,2020-03-14,Standard,42421.43
9400,Sandra Anderson,71qdkj9v@outlook.com,Australia,2022-01-28,Standard,45342.08
9401,Christopher Miller,hpfv7iax@company.com,Australia,2020-03-09,Standard,8553.54
9402,Patricia Brown,d9ys4v1x@test.com,South Korea,2022-06-23,Premium,37541.64
9403,Paul Thompson,errt8k29@email.com,UK,2022-05-05,Basic,41055.76
9404,Donald Jones,tmy0vkh3@example.com,Italy,2023-08-19,Basic,3244.17
9405,Joseph Wilson,0hdar383@company.com,Sweden,2023-08-30,Basic,16987.7
9406,Andrew Williams,nera23u7@email.com,Norway,2021-04-01,Premium,38136.23
9407,Patricia Perez,lkeiy75c@yahoo.com,Japan,2023-05-10,Basic,20163.83
9408,Mark Wilson,w8rnlt66@outlook.com,France,2024-10-22,Standard,36171.74
9409,Paul Rodriguez,yw2w855f@example.com,Mexico,2021-04-25,Standard,35789.54
9410,Susan Reeves,0x50k5yx@yahoo.com,Brazil,2023-03-26,Basic,11977.43
9411,Margaret Perez,68u4asw4@email.com,Mexico,2020-07-11,Standard,42528.7
9412,Emily Wilson,5mh5xvup@example.com,Brazil,2020-02-03,Standard,28365.39
9413,Lisa Reeves,j312dtwf@outlook.com,India,2022-09-21,Premium,35405.85
9414,Michael Martin,3thy0pdw@gmail.com,Norway,2021-11-10,Premium,15143.91
9415,Barbara Davis,m9zmrxgk@gmail.com,South Korea,2024-01-10,Premium,43874.8
9416,Donald Roberts,la8va3ag@yahoo.com,USA,2022-03-21,Premium,9593.55
9417,Emily White,g9yi9t56@email.com,UK,2022-09-10,Basic,13853.38
9418,Nancy Smith,4nmhjmz5@test.com,Italy,2024-03-08,Basic,22684.07
9419,Barbara Smith,v7rjce9k@email.com,France,2023-10-02,Premium,16076.26
9420,Sandra Roberts,j5ngjwoj@email.com,Mexico,2021-02-12,Basic,46292.93
9421,Patricia Rodriguez,qxspso5y@company.com,China,2024-06-26,Basic,41750.11
9422,Margaret Wilson,k90w1bvx@outlook.com,Norway,2021-04-27,Standard,43353.11
9423,Nancy Edwards,3mhpqi23@outlook.com,China,2023-03-08,Basic,39525.49
9424,Christopher Miller,mm262mtm@gmail.com,France,2023-10-13,Premium,36796.82
9425,Sandra Anderson,wmcv2wph@company.com,Norway,2024-09-19,Basic,17034.77
9426,Thomas Harris,25xbcttn@mail.com,Japan,2023-05-07,Premium,41227.09
9427,Margaret Martin,vgd1uv8b@email.com,Netherlands,2023-12-24,Premium,25878.09
9428,Daniel Wilson,85ye72pq@mail.com,Norway,2022-03-20,Premium,5205.45
9429,Karen Jackson,1d5yaft5@gmail.com,Switzerland,2024-01-21,Premium,43766.11
9430,Jennifer Williams,o07bh2h5@test.com,South Korea,2023-05-18,Standard,14570.52
9431,Emily Jackson,6vp5r3ym@mail.com,Brazil,2020-06-27,Premium,44347.4
9432,Ashley Wilson,ay8fw5h3@email.com,USA,2022-08-24,Standard,40643.14
9433,Sandra Rodriguez,nr449wgl@gmail.com,France,2022-08-14,Premium,27395.47
9434,Margaret Thompson,y2diubxj@example.com,Italy,2024-09-21,Premium,10912.71
9435,Kimberly Wilson,cbghk6tt@outlook.com,Italy,2024-05-02,Standard,31371.97
9436,Andrew Lopez,nevn3ojd@mail.com,Spain,2023-11-06,Premium,45542.68
9437,Sarah Thompson,0mq2pgym@email.com,Netherlands,2020-06-02,Standard,46475.41
9438,William Garcia,i5ite47a@mail.com,Japan,2022-12-18,Premium,4214.09
9439,Richard Brown,uqrs9yut@gmail.com,Australia,2021-03-19,Premium,34107.31
9440,Emily Jackson,84wumi4s@mail.com,Italy,2020-05-14,Premium,38097.87
9441,Charles Smith,pp46462j@example.com,Germany,2022-11-29,Standard,44750.33
9442,Jessica Collins,y30i73z4@example.com,Italy,2023-10-17,Premium,9431.02
9443,Robert Reeves,l6oe10jy@mail.com,Canada,2022-11-12,Premium,5751.95
9444,Donald Garcia,q5uestzk@example.com,Italy,2021-08-22,Standard,4114.05
9445,Margaret Smith,3qktixy5@company.com,Canada,2021-04-10,Standard,11336.24
9446,David Garcia,myfhz99m@outlook.com,Canada,2021-02-28,Standard,14270.67
9447,Betty Garcia,3c7ca52k@gmail.com,China,2024-02-08,Standard,17097.45
9448,Ashley Lopez,4mqgu029@yahoo.com,Germany,2024-11-26,Basic,39141.96
9449,Matthew Lopez,3baq85yl@yahoo.com,Sweden,2022-10-18,Standard,6179.79
9450,Margaret Davis,nqah5jny@company.com,China,2023-03-07,Basic,29593.35
9451,Mark Williams,qqcag3lx@example.com,China,2021-01-31,Standard,19627.08
9452,Thomas Lopez,5p7d8xbg@gmail.com,USA,2024-11-11,Basic,25120.17
9453,Linda Martin,xxkygbnd@email.com,Australia,2024-07-11,Basic,31991.87
9454,Robert Anderson,3pncca5f@company.com,Japan,2020-12-28,Basic,39735.47
9455,Ashley Jackson,lyf3aykn@example.com,USA,2021-03-04,Standard,23099.24
9456,Paul Collins,pm4senoh@mail.com,Canada,2021-01-24,Premium,34257.48
9457,Charles Harris,da70si46@company.com,USA,2020-05-25,Basic,36069.17
9458,Mary Hernandez,axknqq1l@outlook.com,Italy,2020-06-09,Premium,31572.12
9459,Mary Jones,og7bs94c@company.com,Australia,2023-02-12,Standard,19140.23
9460,Matthew Johnson,7vvowmw1@company.com,Italy,2020-06-05,Basic,3339.47
9461,Charles Brown,cdzp8qen@gmail.com,Sweden,2022-05-18,Premium,21526.28
9462,Mary Brown,urscrsxm@outlook.com,France,2022-05-10,Standard,34979.8
9463,Mark Rodriguez,zwkvvetb@email.com,Switzerland,2020-08-06,Standard,32419.91
9464,Ashley White,0lqduhip@test.com,Germany,2024-01-21,Basic,33869.07
9465,Steven Anderson,7etv01kb@gmail.com,Brazil,2024-09-26,Basic,7400.13
9466,Mark Moore,d7d5hzgp@example.com,UK,2021-12-19,Standard,38568.59
9467,Steven Garcia,jz569pbf@email.com,Germany,2023-01-19,Basic,24874.52
9468,John Miller,v87iw8g2@email.com,Spain,2023-12-05,Standard,9391.46
9469,Steven Brown,61a3rmld@gmail.com,Canada,2022-09-10,Premium,34451.81
9470,Richard Rodriguez,xea3bkkq@email.com,South Korea,2022-01-03,Basic,22938.96
9471,Sarah Hernandez,u03v6eg1@mail.com,Mexico,2020-11-12,Basic,16017.26
9472,Nancy Roberts,7pn7ex5u@test.com,Australia,2021-09-03,Basic,40727.25
9473,Joseph Williams,2ap9ri0n@example.com,India,2021-03-31,Premium,29852.32
9474,Patricia Reeves,vnly3fs2@email.com,Japan,2024-02-11,Basic,6351.82
9475,Steven Gonzalez,h4sv07fu@test.com,Switzerland,2023-01-03,Standard,8044.45
9476,Matthew Miller,ismke86b@gmail.com,Norway,2021-09-28,Standard,42207.28
9477,Mary Jones,fpfg0tvm@company.com,Germany,2024-09-23,Premium,44612.42
9478,Linda Thomas,onf2mufa@test.com,Norway,2021-10-22,Standard,37173.41
9479,Richard Hernandez,ll25pple@outlook.com,Netherlands,2023-08-13,Standard,9136.54
9480,Mary Davis,xalnmpwn@test.com,Canada,2021-09-04,Premium,30027.72
9481,Andrew Hernandez,lcy8rojj@test.com,Germany,2022-10-29,Basic,15274.69
9482,Lisa Hernandez,qrve8nqa@mail.com,USA,2024-01-14,Premium,45838.45
9483,Emily Thompson,4v32pr06@mail.com,Japan,2024-01-08,Basic,33824.53
9484,Matthew Lee,wv6stssf@example.com,USA,2020-02-15,Basic,38346.56
9485,Barbara Hernandez,zyxoffge@gmail.com,Spain,2022-09-02,Premium,15156.9
9486,James Rodriguez,oa8nquy2@gmail.com,Switzerland,2024-02-04,Premium,24450.78
9487,Kimberly Moore,6edbzn90@test.com,Mexico,2021-05-29,Premium,38001.62
9488,Matthew Lee,k07qrqf3@mail.com,France,2021-06-23,Basic,23149.54
9489,Jessica Taylor,awqy6j1c@mail.com,Mexico,2024-03-13,Basic,28591.08
9490,Matthew Taylor,iyb4g3rj@company.com,France,2021-12-21,Standard,3331.07
9491,Thomas Wilson,t4rdlu4v@gmail.com,Germany,2024-04-08,Basic,48645.56
9492,Thomas Edwards,hdofeuk4@example.com,Switzerland,2024-04-02,Standard,8950.65
9493,Nancy Thomas,2a1k74w0@test.com,UK,2023-01-17,Premium,37843.73
9494,Joseph Martin,8rmiu26z@outlook.com,Spain,2020-10-10,Standard,14157.76
9495,Daniel Lee,nb2liclq@mail.com,UK,2023-10-17,Premium,12540.56
9496,David Thompson,v7zydbol@mail.com,Norway,2023-08-25,Premium,7756.48
9497,Jessica Wilson,aqaledzl@outlook.com,India,2021-08-20,Basic,22938.16
9498,Donald Collins,1aplfaxa@email.com,Spain,2023-04-21,Standard,15798.67
9499,Ashley Jackson,awpkwib8@outlook.com,Netherlands,2023-09-02,Standard,29195.16
9500,Donna Lopez,iw5gc0id@example.com,Switzerland,2024-12-21,Premium,2643.37
9501,John Davis,laft5ewi@email.com,Norway,2022-11-23,Standard,38363.57
9502,Kimberly Reeves,tq1a0xdc@test.com,Netherlands,2022-08-11,Standard,19351.0
9503,Sandra Johnson,pk5gtn6h@yahoo.com,Netherlands,2021-10-28,Premium,3005.05
9504,Nancy Collins,en729mic@email.com,Brazil,2020-02-02,Basic,39713.25
9505,Jessica Johnson,yuolxnfb@outlook.com,Italy,2022-11-13,Standard,36829.61
9506,Thomas Jackson,36teuoz5@example.com,China,2020-01-01,Basic,5489.46
9507,Donald Rodriguez,f6i1odlt@example.com,Mexico,2021-07-16,Basic,24163.89
9508,Karen Miller,dluq682k@yahoo.com,USA,2021-05-01,Premium,32147.82
9509,John Davis,8fn708fo@outlook.com,Australia,2022-12-03,Basic,6862.96
9510,Donald Smith,q0oebql3@test.com,Norway,2022-05-17,Premium,20680.73
9511,Jessica Wilson,lx0noixv@outlook.com,UK,2022-03-20,Standard,26457.67
9512,Sandra Perez,dv81w6kf@yahoo.com,Japan,2023-12-03,Premium,21930.41
9513,Paul Jones,mi96avo8@email.com,South Korea,2022-01-06,Standard,6124.51
9514,Thomas Anderson,g7ax4bao@yahoo.com,USA,2023-10-25,Basic,9328.64
9515,Karen Johnson,s2ue57a5@mail.com,Canada,2022-05-17,Standard,42837.26
9516,Jessica Jackson,kuj339pv@email.com,UK,2023-03-03,Standard,32651.86
9517,Betty Hernandez,9usov557@outlook.com,India,2022-04-26,Basic,30508.78
9518,Richard Wilson,p9esg35l@company.com,South Korea,2023-06-21,Premium,9706.49
9519,John Martinez,a2ya9plx@mail.com,China,2022-06-01,Basic,7673.92
9520,Susan Johnson,0uoo5k4p@yahoo.com,Spain,2021-11-03,Premium,18764.31
9521,Thomas Miller,rfu92gge@test.com,Australia,2022-12-28,Premium,22537.26
9522,Nancy Thompson,fjpe4lgm@yahoo.com,South Korea,2021-08-21,Basic,49867.62
9523,Betty Thompson,lh57cqfk@company.com,Sweden,2023-07-26,Basic,17642.77
9524,Charles Harris,wtuh3sgs@company.com,Netherlands,2022-11-07,Premium,148.21
9525,Steven Collins,h2gfti12@company.com,Japan,2023-07-31,Premium,37962.05
9526,Mary Martin,sgloxxiy@mail.com,USA,2023-11-15,Standard,48597.55
9527,Sarah Jones,b67x3ige@example.com,South Korea,2024-09-22,Premium,42707.6
9528,Nancy Perez,xuxcvx04@mail.com,Canada,2024-06-06,Standard,9838.47
9529,Susan Martinez,fmijc725@yahoo.com,Canada,2024-01-25,Standard,40835.84
9530,Betty Thomas,4h9yk62r@mail.com,Switzerland,2020-02-14,Premium,25826.68
9531,Mark Garcia,f2pu40fm@example.com,Italy,2021-10-05,Premium,49271.01
9532,Linda Garcia,stmlcqm5@yahoo.com,South Korea,2023-04-28,Premium,29471.19
9533,Betty Martin,eb2e2twd@email.com,Mexico,2022-12-26,Premium,21094.61
9534,Emily Garcia,8a2vpzl5@example.com,UK,2024-04-05,Standard,45628.39
9535,Susan Roberts,8w37ltez@test.com,Japan,2024-07-11,Standard,36029.02
9536,Charles Davis,lowfo1yo@outlook.com,Brazil,2020-07-04,Standard,25508.18
9537,Andrew Wilson,fmj7yikq@gmail.com,UK,2021-11-25,Premium,28025.23
9538,Richard Collins,8gtzsuqz@gmail.com,Mexico,2020-10-28,Standard,16499.48
9539,Mark Harris,6d32sd23@gmail.com,Germany,2021-06-01,Premium,31679.12
9540,Kimberly Jones,p5b8257a@outlook.com,Spain,2020-06-11,Standard,31628.43
9541,Patricia Martin,4zx8xkn3@mail.com,Sweden,2021-11-24,Premium,45731.28
9542,Nancy Gonzalez,zksbm2zs@test.com,Norway,2022-01-11,Basic,48712.08
9543,Donald Hernandez,w8ywr99s@email.com,Mexico,2021-05-18,Standard,41567.56
9544,Steven Thomas,bjcp2im7@example.com,India,2022-06-07,Standard,33325.44
9545,Barbara White,lkcg6dat@company.com,Brazil,2023-02-07,Standard,40810.79
9546,Ashley Roberts,xzykuqr0@mail.com,Japan,2024-08-11,Premium,14765.71
9547,Christopher Martin,v84meqf1@gmail.com,Germany,2020-08-28,Standard,39505.39
9548,Karen Anderson,f2ud3g7i@email.com,India,2020-04-05,Premium,10211.67
9549,Christopher Harris,0ipph8un@company.com,Italy,2021-05-14,Standard,9131.34
9550,Matthew Taylor,4mcw2by9@company.com,Germany,2020-05-03,Standard,4217.02
9551,Steven Martin,dx2txab2@test.com,USA,2020-04-02,Standard,515.52
9552,Jessica Perez,9hmpkdtj@gmail.com,South Korea,2020-07-05,Basic,18573.88
9553,Mark Anderson,mucrwmcs@yahoo.com,Canada,2021-05-25,Basic,40272.43
9554,Sandra Roberts,s436glxr@mail.com,Australia,2023-08-29,Standard,39232.81
9555,Sandra Hernandez,h5c7aqtg@gmail.com,India,2023-12-31,Premium,15687.27
9556,Sandra Jones,9bmxzr9m@email.com,Spain,2024-04-16,Premium,23277.19
9557,Joseph Reeves,na9zpig5@yahoo.com,Norway,2021-12-26,Premium,10515.53
9558,Donna Smith,b33xn2su@gmail.com,Switzerland,2023-11-01,Premium,36117.4
9559,Robert Hernandez,iw981q0g@test.com,France,2022-03-27,Premium,9643.94
9560,Andrew Smith,29hjkhf0@example.com,India,2020-05-16,Basic,26343.99
9561,Linda Anderson,4leehjst@gmail.com,USA,2024-05-22,Standard,12271.17
9562,Patricia Taylor,1x5jywis@outlook.com,Sweden,2023-01-10,Standard,34199.48
9563,Paul Thomas,vzn2d1yg@gmail.com,Canada,2021-04-22,Standard,4425.0
9564,Matthew Lee,gu4swd5w@yahoo.com,USA,2021-06-27,Basic,11632.53
9565,Emily Martinez,ojxug4qv@outlook.com,Norway,2021-10-27,Premium,8592.38
9566,Steven White,jkv8plq7@test.com,Sweden,2022-09-07,Standard,49133.22
9567,Jennifer Rodriguez,5bvis9xe@test.com,Australia,2022-02-15,Standard,38923.4
9568,Jennifer Williams,c43j8q2t@mail.com,Brazil,2023-04-29,Premium,36812.64
9569,Joseph Gonzalez,vj0j9mvy@gmail.com,Japan,2021-09-10,Premium,4775.4
9570,Barbara Collins,g34osf1u@test.com,France,2021-02-26,Standard,16495.35
9571,Kimberly Miller,xnga4k81@company.com,Brazil,2020-05-04,Premium,22783.38
9572,Thomas Williams,krabbnap@yahoo.com,Germany,2021-09-17,Standard,39483.67
9573,Donna Roberts,d5pe8i73@outlook.com,Mexico,2022-03-05,Standard,26387.18
9574,David Davis,xhxq8ta8@test.com,Netherlands,2022-08-08,Premium,26925.97
9575,Matthew White,3jq5pl5j@mail.com,Switzerland,2022-12-29,Premium,5533.65
9576,Donna Anderson,j2ooq6kx@gmail.com,France,2024-10-07,Basic,5063.32
9577,Donald White,aoebq6wv@company.com,Sweden,2023-06-14,Basic,34286.82
9578,William Moore,qfwq8tw0@yahoo.com,India,2024-06-05,Basic,2759.5
9579,Thomas Garcia,5o0xlx3d@yahoo.com,Spain,2023-07-18,Basic,25722.61
9580,Betty Perez,5qxbwdgr@outlook.com,Spain,2023-05-13,Basic,3315.08
9581,James Hernandez,z56t7wkz@gmail.com,Norway,2021-12-18,Basic,4914.67
9582,Charles Martin,ygoqaddd@email.com,Brazil,2024-04-21,Premium,41800.9
9583,Mary Johnson,m6fc82m1@mail.com,South Korea,2023-11-23,Standard,16121.65
9584,Nancy Martin,b94b49rp@email.com,Australia,2020-10-18,Basic,21459.1
9585,Susan Thomas,w8hf9mvi@email.com,Netherlands,2022-08-14,Standard,24550.6
9586,Mary Davis,dudbw5ss@test.com,Brazil,2024-06-13,Basic,21458.68
9587,David Gonzalez,5s5bf7zb@outlook.com,Canada,2021-07-05,Standard,22133.94
9588,Kimberly White,7i1gd0nt@company.com,UK,2022-01-08,Standard,47143.85
9589,David Thomas,v880e97n@gmail.com,USA,2020-03-02,Basic,28214.95
9590,Margaret Collins,970uchsa@gmail.com,Netherlands,2023-01-20,Basic,29696.78
9591,Betty White,yyrbhqs6@test.com,USA,2020-08-28,Premium,17086.91
9592,Patricia Anderson,f35b5mg5@email.com,Spain,2021-03-16,Basic,14253.9
9593,Paul Lee,5ue0aa7e@company.com,Japan,2022-04-05,Basic,43859.68
9594,Emily Gonzalez,p50glxm1@company.com,India,2024-01-25,Basic,21699.56
9595,Emily White,ufuha6wt@outlook.com,Italy,2021-08-30,Standard,9631.91
9596,Linda Jackson,cjsy2wlk@email.com,Switzerland,2022-07-22,Premium,46516.87
9597,Sandra Perez,t0req7l8@example.com,Australia,2023-08-25,Standard,7529.21
9598,Thomas Lee,x5qyytzo@gmail.com,Canada,2022-01-10,Basic,21776.47
9599,Jessica Thomas,zpliufly@yahoo.com,Japan,2023-10-14,Basic,17390.85
9600,Lisa Lee,g5opk0py@outlook.com,Sweden,2020-10-17,Premium,12373.62
9601,Robert Davis,gzxjhbjj@company.com,UK,2024-08-07,Standard,20110.83
9602,Karen Lopez,1bwh0e92@example.com,Canada,2024-12-09,Standard,19452.22
9603,Karen Anderson,4b9ygy51@yahoo.com,China,2024-04-28,Basic,29144.5
9604,Nancy Martin,f9ryr6ia@outlook.com,Norway,2022-02-13,Basic,5480.94
9605,Michael Wilson,5z3m5twl@yahoo.com,Germany,2023-08-30,Premium,39201.47
9606,Sandra Roberts,udwdu4r7@test.com,Brazil,2020-09-21,Standard,11332.1
9607,Patricia Lee,ts4oe1ls@yahoo.com,Germany,2023-02-18,Premium,14842.1
9608,Sarah Brown,pnz04y0j@gmail.com,Italy,2023-05-11,Premium,29014.44
9609,Mary White,gfy946en@yahoo.com,Japan,2020-03-01,Standard,17620.9
9610,Mary Williams,qrrqes5i@outlook.com,South Korea,2023-06-18,Standard,30950.73
9611,Margaret Miller,iht5dacj@yahoo.com,USA,2024-05-24,Standard,15300.78
9612,David Martinez,p9wjs8sb@gmail.com,Netherlands,2022-05-18,Premium,2408.07
9613,David Collins,82zikqmg@yahoo.com,Japan,2021-10-28,Standard,15087.27
9614,Donna Perez,6eqjyqp3@example.com,Netherlands,2021-01-06,Basic,44243.84
9615,Jessica Thomas,g2rw7ml1@gmail.com,Sweden,2022-03-13,Standard,32363.62
9616,William Lee,5ia5da8v@mail.com,Norway,2021-11-09,Premium,44538.56
9617,Joseph Williams,6ou9sbgb@example.com,Switzerland,2020-04-25,Premium,7964.74
9618,Barbara Lee,pmgts5zr@test.com,South Korea,2021-05-15,Premium,24770.48
9619,Mark Johnson,j712slbn@test.com,USA,2021-04-04,Standard,202.44
9620,Lisa Johnson,8nm3d3au@gmail.com,Italy,2022-12-08,Standard,49884.06
9621,Joseph Garcia,9d5aqox6@test.com,Sweden,2023-03-28,Standard,9841.5
9622,Sandra Johnson,f0nkt33w@mail.com,Japan,2020-04-05,Standard,40375.97
9623,Margaret Thompson,bw6kc24g@example.com,Norway,2022-06-17,Basic,14097.83
9624,Betty Martin,itmahkzp@yahoo.com,Mexico,2023-09-28,Basic,34347.46
9625,Margaret Jackson,5gyy8mij@test.com,Canada,2023-01-26,Basic,41497.5
9626,Susan Smith,b5pauk7a@company.com,India,2020-05-01,Premium,22756.63
9627,David Moore,3g5pjblt@gmail.com,Brazil,2022-07-25,Basic,23899.14
9628,John Martin,8vgx1xyh@yahoo.com,France,2022-02-22,Basic,16766.24
9629,Daniel Moore,9lioinr9@example.com,Germany,2020-07-22,Basic,25487.23
9630,Kimberly Rodriguez,wv6yzb8o@example.com,USA,2020-11-14,Standard,45371.75
9631,Jessica Moore,kv80siuh@company.com,Italy,2020-03-21,Standard,25288.76
9632,Ashley Martinez,vrwjt9i3@company.com,Japan,2024-03-29,Basic,34505.86
9633,Nancy Taylor,oqbpoz3f@test.com,USA,2020-06-03,Basic,25957.46
9634,Charles Davis,es1lex0i@example.com,China,2021-12-03,Standard,41967.95
9635,Susan Anderson,i6t0t9ey@email.com,UK,2024-12-22,Basic,26508.82
9636,Matthew Johnson,9l9m9ftu@company.com,Mexico,2020-11-06,Premium,22878.41
9637,Christopher Gonzalez,tzcgyzxa@yahoo.com,India,2022-01-20,Basic,46103.86
9638,Steven Garcia,y2594bna@yahoo.com,India,2021-11-17,Standard,48172.12
9639,Ashley Martinez,hdncef1n@gmail.com,UK,2024-01-19,Premium,39882.7
9640,Andrew Jones,xl85fdb4@gmail.com,Canada,2022-07-30,Premium,25934.33
9641,John Gonzalez,5m6sbf0e@example.com,Spain,2023-01-06,Premium,43714.82
9642,Kimberly Roberts,d5h4tvsd@company.com,Sweden,2020-12-01,Premium,14734.01
9643,Susan Wilson,enusef9a@mail.com,Spain,2023-02-17,Basic,20588.94
9644,Robert Harris,one0k1d3@yahoo.com,France,2022-04-27,Basic,699.84
9645,Paul Williams,ok4yfyl5@mail.com,Mexico,2023-12-16,Basic,46741.52
9646,Michael Hernandez,ki0jqwl1@email.com,Norway,2023-05-01,Basic,39021.47
9647,Betty Jackson,e1d6znan@mail.com,Italy,2023-05-26,Basic,20723.5
9648,Michael Thompson,182xhxoc@example.com,Mexico,2023-01-07,Standard,5795.9
9649,Karen Garcia,ym1aywuk@company.com,South Korea,2024-06-16,Standard,38837.03
9650,Karen Brown,98inghpp@outlook.com,France,2023-06-06,Basic,11412.57
9651,Kimberly Harris,0bjfcv6q@example.com,Mexico,2023-04-16,Premium,31206.23
9652,Betty Wilson,8q2jt12i@example.com,Switzerland,2020-03-11,Basic,30418.12
9653,Paul Garcia,o46gw2ng@gmail.com,Mexico,2020-06-07,Standard,10008.68
9654,Robert Martin,fya8b44r@company.com,Netherlands,2023-10-31,Basic,29085.15
9655,Karen Hernandez,5mnrrly1@gmail.com,Japan,2020-06-14,Standard,14580.59
9656,Jennifer Thomas,hg6zyd7h@example.com,India,2021-12-24,Basic,10133.62
9657,Emily Garcia,atxw7w80@gmail.com,Canada,2023-10-06,Standard,29080.94
9658,Karen Taylor,54q4vvg5@example.com,Switzerland,2022-06-06,Basic,30042.37
9659,Robert Perez,bo8yfaig@email.com,Australia,2021-02-03,Premium,18055.28
9660,Mary White,ax4jzmmb@test.com,France,2023-03-28,Standard,6114.7
9661,Paul Taylor,zgbwak7j@email.com,South Korea,2022-04-10,Premium,15059.62
9662,Mark Rodriguez,38zbo2it@gmail.com,Switzerland,2021-09-27,Standard,31869.56
9663,William Anderson,vk1ud45x@outlook.com,India,2022-07-12,Premium,46277.0
9664,Lisa Reeves,jlb3f03n@example.com,Sweden,2021-12-04,Basic,33769.96
9665,Matthew Williams,r50qfs4e@test.com,France,2020-05-08,Basic,36625.41
9666,Donna Jackson,rzzpv5oj@email.com,India,2023-06-15,Standard,2997.37
9667,Ashley Martin,zubcg04p@outlook.com,Canada,2020-04-27,Standard,23640.04
9668,Patricia Miller,uwtuzqn7@email.com,Switzerland,2021-12-25,Standard,681.12
9669,Michael Hernandez,i4ilkoz6@gmail.com,Switzerland,2021-01-13,Premium,49258.21
9670,Karen Gonzalez,906wvyzp@mail.com,Italy,2020-04-21,Standard,30781.6
9671,Daniel Edwards,imn8vzib@example.com,UK,2021-04-09,Premium,6719.27
9672,Thomas Wilson,j1zw98us@company.com,Netherlands,2020-07-23,Premium,30662.71
9673,Christopher Collins,t6e6ubsx@email.com,Sweden,2021-07-18,Standard,8674.56
9674,Donna Perez,d82tqols@example.com,Netherlands,2023-02-20,Premium,14441.41
9675,Emily Davis,fz4mu7sm@company.com,Australia,2021-11-06,Basic,48765.9
9676,Betty Martinez,2qwmsf7l@gmail.com,China,2021-09-15,Basic,36986.78
9677,James Garcia,4c6mibv4@example.com,Italy,2024-11-18,Premium,34708.27
9678,Steven Jones,and90atw@gmail.com,Spain,2021-04-01,Premium,34629.73
9679,Steven Rodriguez,syg8aeal@company.com,Japan,2023-08-10,Standard,33208.02
9680,William Anderson,7j4fzxwt@gmail.com,Mexico,2024-01-03,Basic,11979.47
9681,Steven Garcia,mxw1zyiv@test.com,South Korea,2020-03-05,Premium,35776.22
9682,Nancy Collins,yxadxg5p@test.com,Switzerland,2021-01-08,Basic,42998.72
9683,Margaret White,i1nexnpk@test.com,Spain,2023-07-13,Standard,33238.51
9684,William Moore,kaqq2r1c@company.com,Australia,2020-04-19,Standard,24872.9
9685,Jessica Hernandez,rvdopt8x@email.com,Brazil,2024-05-16,Basic,19936.34
9686,Linda Garcia,hjaqc7ko@gmail.com,Sweden,2023-08-11,Premium,23472.24
9687,Karen White,7bcnd865@email.com,Germany,2024-09-01,Basic,25084.01
9688,Donna Wilson,wxe4bpib@email.com,Mexico,2020-05-20,Basic,30026.82
9689,Nancy Martinez,pen6dfgv@yahoo.com,USA,2024-02-19,Premium,39971.67
9690,Paul White,vxps2q88@email.com,USA,2020-02-21,Premium,40497.69
9691,Susan Garcia,g11vua1q@test.com,Mexico,2024-04-02,Standard,1651.13
9692,Jessica Jones,w9hidut0@company.com,Japan,2023-04-03,Premium,11545.2
9693,Susan Rodriguez,th8qgv1t@email.com,UK,2023-11-07,Standard,45909.23
9694,Mary Lee,0qplsiwh@gmail.com,Norway,2024-04-22,Basic,33777.47
9695,Michael Rodriguez,xfobfttr@email.com,India,2021-09-08,Standard,35397.59
9696,Nancy Garcia,o5sb2tux@email.com,Netherlands,2024-04-05,Standard,38037.66
9697,Lisa Lee,wzlg0m1x@yahoo.com,India,2020-11-24,Standard,41803.71
9698,Jessica Thompson,5f1g6lb6@mail.com,Spain,2023-06-12,Standard,32550.51
9699,Michael Davis,m1smj0l4@test.com,South Korea,2023-11-14,Premium,44750.84
9700,Paul Brown,oav1zgpb@mail.com,Italy,2023-08-16,Premium,24187.67
9701,Patricia Jones,yjk1u6wz@example.com,Norway,2023-09-06,Premium,1697.52
9702,Daniel Edwards,pidbjm1y@mail.com,Netherlands,2022-06-11,Standard,11286.32
9703,Robert Anderson,n95wwty3@mail.com,India,2023-06-18,Basic,10289.64
9704,Jessica Collins,g9ezfwiw@email.com,India,2024-09-12,Basic,33263.31
9705,Matthew Martin,4iq6vpxw@test.com,Brazil,2020-02-01,Basic,41656.62
9706,Susan Rodriguez,cld8tag3@gmail.com,Brazil,2024-03-07,Premium,9201.55
9707,Daniel Thomas,4yymd5k0@yahoo.com,South Korea,2021-01-16,Premium,45641.25
9708,Sarah Brown,eyk1nyn0@test.com,Japan,2023-02-07,Basic,40050.16
9709,Donna Smith,hzcjlzhi@test.com,Netherlands,2022-05-29,Basic,28463.55
9710,Margaret White,g0vv837a@outlook.com,South Korea,2020-02-24,Premium,17158.8
9711,Barbara Davis,ise1jcnf@yahoo.com,South Korea,2021-09-14,Standard,4751.83
9712,Charles Martinez,xr47nob2@company.com,UK,2021-11-26,Standard,17437.64
9713,Steven Martin,374853xc@yahoo.com,Netherlands,2023-08-09,Premium,36041.43
9714,Mary Perez,dgfxhycj@mail.com,South Korea,2023-06-05,Premium,23004.78
9715,Donald Thompson,j30pjl5v@test.com,Australia,2020-05-30,Premium,20968.18
9716,Joseph Thompson,mavbi7i5@example.com,Italy,2021-02-21,Basic,21052.83
9717,Christopher Roberts,g2n9gztn@gmail.com,South Korea,2024-10-18,Premium,15493.14
9718,Sarah Lopez,9gzkpt8c@yahoo.com,Switzerland,2022-01-21,Standard,41304.24
9719,Joseph Collins,0vdw5k3z@company.com,Spain,2021-09-19,Standard,652.0
9720,Steven Collins,nla8ljky@test.com,UK,2022-03-25,Basic,17635.39
9721,Christopher Jackson,72ivjz5z@example.com,China,2024-11-14,Standard,36140.54
9722,Mark Miller,xskqar12@email.com,China,2024-09-24,Premium,17113.16
9723,Nancy Lopez,yzu4knl8@example.com,Brazil,2022-03-16,Standard,28169.74
9724,Jennifer Thomas,dixrqrkg@company.com,Italy,2024-08-25,Premium,42467.37
9725,Matthew Anderson,r8nvpp3l@outlook.com,Mexico,2023-04-23,Premium,29559.47
9726,Michael Rodriguez,cl07omp1@gmail.com,Mexico,2022-04-17,Premium,16353.03
9727,William Martin,lrmb2un3@gmail.com,Italy,2023-12-07,Standard,43682.27
9728,Andrew Roberts,mtn30qq4@outlook.com,Mexico,2024-10-06,Standard,23339.26
9729,Lisa Edwards,u1ue4uxt@test.com,Sweden,2023-04-02,Basic,23385.44
9730,Paul Lopez,2t61oroe@email.com,Mexico,2022-03-27,Premium,15953.0
9731,Betty Reeves,0iwoie0v@example.com,Netherlands,2021-12-19,Standard,9403.09
9732,Donald Moore,jodu3rr8@mail.com,India,2023-07-24,Basic,6498.86
9733,Joseph Lee,ugdrcz4o@mail.com,South Korea,2023-01-11,Standard,2488.17
9734,Mary Davis,a1805f08@outlook.com,Canada,2021-10-19,Standard,19014.26
9735,James Lee,rl8tfyte@outlook.com,Australia,2020-01-09,Premium,28121.03
9736,Paul Jackson,sc0kxinh@company.com,Japan,2021-06-18,Basic,30358.66
9737,Robert Taylor,6i4pnxhv@example.com,Mexico,2022-11-30,Basic,20812.45
9738,Margaret Brown,dj70j4df@company.com,Australia,2020-11-17,Basic,37689.28
9739,Karen Martin,omuov0qg@email.com,India,2021-05-07,Standard,26275.05
9740,Daniel Jones,cv4m728b@example.com,Canada,2021-01-18,Premium,41249.65
9741,Ashley Hernandez,u6f32qla@yahoo.com,Germany,2024-03-28,Standard,41445.87
9742,Betty Perez,inel37q0@email.com,Canada,2020-06-23,Standard,47378.03
9743,Ashley Collins,kzte4u8c@yahoo.com,Spain,2020-05-08,Basic,44196.21
9744,Linda Johnson,8akmgx08@example.com,Canada,2024-07-06,Basic,19498.8
9745,Patricia Smith,70somlnk@gmail.com,Switzerland,2022-10-09,Basic,26903.73
9746,Daniel Lopez,0136leot@gmail.com,Italy,2023-01-13,Premium,38242.96
9747,Matthew Jones,4xkh7xh7@gmail.com,Switzerland,2020-12-03,Basic,36319.09
9748,Richard Roberts,up7xr3ba@company.com,China,2020-04-11,Basic,42039.45
9749,William Taylor,y81mvmaf@company.com,South Korea,2022-04-24,Standard,32619.31
9750,Ashley Edwards,ohp7jmwl@yahoo.com,Japan,2021-01-26,Standard,7500.62
9751,William Collins,q9olp8mj@company.com,Spain,2020-04-03,Basic,25943.02
9752,Jessica Edwards,s2ugyw52@yahoo.com,China,2020-11-16,Basic,7250.45
9753,Mark Gonzalez,t7ivbtxd@mail.com,China,2020-04-17,Standard,38697.77
9754,Lisa Gonzalez,ll1ngcos@test.com,USA,2020-12-08,Premium,14316.78
9755,John Anderson,3vb0wudv@company.com,Mexico,2023-08-09,Premium,38056.82
9756,James Thompson,oyxa3prt@company.com,Germany,2021-02-24,Standard,12167.67
9757,Donna Brown,7gjp1ps7@email.com,Mexico,2020-02-11,Basic,14220.93
9758,Lisa Hernandez,xxss0k0f@email.com,India,2022-10-05,Basic,45451.76
9759,Mark Edwards,yhirp8ci@company.com,Germany,2024-02-22,Premium,26384.18
9760,Margaret Garcia,06otxxut@email.com,Brazil,2022-09-23,Premium,1930.84
9761,Sarah Lopez,909nm0lq@test.com,Italy,2020-10-10,Basic,21887.0
9762,James Edwards,qtvu77jl@gmail.com,Spain,2021-08-23,Premium,42061.9
9763,Charles Taylor,yu0uc8g8@mail.com,Brazil,2021-03-18,Standard,29293.62
9764,Charles Wilson,6x87xpr3@test.com,Canada,2023-05-19,Basic,6182.9
9765,Barbara Edwards,87lchjt9@gmail.com,Switzerland,2024-12-10,Premium,39892.26
9766,Mark Brown,07vt8mui@mail.com,Italy,2021-07-06,Basic,17650.29
9767,Jennifer Anderson,45ruw3jd@gmail.com,India,2021-08-15,Basic,25711.21
9768,Barbara Martin,3off334u@example.com,Germany,2022-09-10,Standard,38493.87
9769,Linda Taylor,oezfvvhj@company.com,Australia,2024-07-15,Standard,33066.63
9770,Michael Johnson,ymefz4v0@gmail.com,Brazil,2023-07-11,Standard,29660.06
9771,Robert Davis,0o28as8a@outlook.com,Sweden,2022-10-02,Standard,18321.34
9772,James Rodriguez,qorgnlho@mail.com,Mexico,2020-11-19,Premium,39232.16
9773,Thomas Martinez,vbqg6tgy@test.com,Mexico,2023-08-22,Standard,2304.91
9774,Kimberly Wilson,irkvol8f@example.com,USA,2023-12-20,Standard,49011.74
9775,Jennifer Martin,71syam9o@company.com,Germany,2020-09-16,Premium,4177.75
9776,Kimberly Brown,9pbhp3r3@gmail.com,Japan,2020-06-20,Basic,31840.17
9777,Mark Jones,ypei7j8j@outlook.com,USA,2021-03-20,Premium,26661.78
9778,Emily Edwards,3f07aj7b@outlook.com,India,2022-12-31,Premium,37125.86
9779,David Miller,tzqllndq@test.com,Japan,2022-11-17,Premium,22404.82
9780,John Lee,2dqu0lbk@test.com,Switzerland,2021-09-06,Premium,14976.86
9781,Christopher White,5uu0nzoe@yahoo.com,India,2022-05-23,Standard,28960.14
9782,Betty Anderson,z57jxv7p@yahoo.com,China,2022-12-12,Basic,39159.71
9783,Donna Lopez,0duxq7a1@example.com,Australia,2020-07-13,Premium,5643.46
9784,Betty Roberts,v67w1qmc@yahoo.com,Australia,2020-10-06,Basic,26304.67
9785,Steven Lee,gawz894a@gmail.com,Germany,2020-04-26,Standard,45854.99
9786,Linda Jones,wypiopj3@example.com,Germany,2021-02-25,Premium,8827.19
9787,Michael Johnson,rjpjqld3@gmail.com,Switzerland,2023-09-11,Premium,42718.95
9788,Jennifer Edwards,ouowtvoh@company.com,China,2020-05-31,Basic,8367.38
9789,Matthew Miller,5ogbi7i5@example.com,Brazil,2022-12-03,Standard,26086.38
9790,Mark Thomas,gmubueca@gmail.com,Norway,2023-06-02,Basic,12453.61
9791,Jessica Harris,qne3al9u@gmail.com,Norway,2021-01-18,Standard,49509.17
9792,Richard Collins,dck715i0@outlook.com,UK,2022-12-28,Basic,45347.18
9793,Robert White,i3nlq9ff@outlook.com,Norway,2022-03-13,Standard,39049.99
9794,Nancy Taylor,zeo74i60@email.com,Italy,2024-03-12,Premium,17972.25
9795,Joseph Harris,wm0kyd65@mail.com,USA,2024-04-12,Standard,5435.11
9796,John Lee,qfqdttrm@example.com,India,2024-09-28,Standard,33716.12
9797,Michael Miller,viqwv225@mail.com,Sweden,2023-09-11,Premium,10738.92
9798,Daniel Hernandez,b2tztxd6@yahoo.com,Germany,2023-10-15,Premium,42467.16
9799,Linda Wilson,xuk2h61r@test.com,Spain,2022-09-15,Premium,17642.12
9800,William Miller,ewkmwral@yahoo.com,Japan,2021-06-24,Basic,29037.22
9801,Christopher Garcia,n2lwqv1u@test.com,Netherlands,2022-10-01,Basic,41000.85
9802,Matthew Williams,m45gazvv@mail.com,Italy,2023-10-09,Basic,46106.49
9803,Ashley Brown,80ndc174@email.com,Japan,2021-12-05,Basic,30466.02
9804,Christopher Jones,ejdvt65j@email.com,Netherlands,2023-03-13,Basic,39637.76
9805,James Thompson,vo1fbzdj@gmail.com,Germany,2021-06-24,Basic,12620.32
9806,James Martin,xvhzwv2m@company.com,Germany,2020-07-16,Basic,7301.11
9807,James Miller,fva3sd0z@company.com,Sweden,2024-08-28,Standard,20403.08
9808,Thomas Rodriguez,cv7hcgf0@gmail.com,USA,2022-11-12,Standard,49178.1
9809,Charles Collins,hvq1kn5c@email.com,Mexico,2023-01-06,Basic,8447.04
9810,Karen Martin,11sas1f9@gmail.com,Germany,2024-12-19,Basic,42126.33
9811,Joseph Brown,25q6emmf@email.com,Spain,2022-06-26,Basic,48220.96
9812,Matthew Reeves,uzg4qbxu@company.com,Spain,2021-12-08,Standard,28723.83
9813,Sarah Collins,pjvul6xs@yahoo.com,China,2024-05-12,Standard,22647.54
9814,Kimberly Gonzalez,0bta09ru@test.com,Canada,2023-11-09,Basic,27482.04
9815,Emily Miller,2td29kvs@company.com,China,2021-07-22,Standard,41794.69
9816,Barbara Brown,51fnj4tx@gmail.com,Mexico,2023-07-05,Premium,28172.72
9817,Daniel Thompson,x3i72m26@mail.com,Canada,2022-10-24,Premium,1471.02
9818,Michael Collins,2bzyxtjm@company.com,India,2024-08-02,Standard,4441.84
9819,James Perez,y0t3qgpf@test.com,Germany,2022-10-20,Basic,12826.68
9820,Matthew Martin,vpno8gfj@test.com,Norway,2022-11-02,Standard,13375.93
9821,Margaret Perez,r2ax02cx@yahoo.com,Spain,2023-11-27,Premium,20594.19
9822,Christopher Reeves,yiee8zf3@mail.com,India,2024-01-25,Standard,47875.92
9823,Christopher Gonzalez,9l1bsl7p@mail.com,Brazil,2021-05-26,Basic,8819.99
9824,Betty Davis,8rycmoh5@gmail.com,Spain,2024-02-14,Standard,9935.72
9825,Sarah Brown,02ai1rj7@yahoo.com,Norway,2020-02-10,Premium,30190.35
9826,Emily Smith,jld7l52e@test.com,Norway,2023-03-29,Basic,41293.32
9827,Mary Johnson,8mvu9i5e@example.com,Canada,2022-04-13,Basic,28758.16
9828,Daniel Lopez,5idcjr2n@gmail.com,Spain,2020-01-16,Standard,5563.4
9829,David Brown,pifguoqg@company.com,Sweden,2024-02-27,Standard,20297.16
9830,David Jones,itrq62ug@email.com,UK,2020-07-19,Premium,10559.15
9831,Susan Thomas,ul9ez36e@email.com,Germany,2022-10-01,Basic,49346.91
9832,Betty Gonzalez,5fpin3of@mail.com,Italy,2020-09-06,Premium,46345.83
9833,Michael Moore,18dq5syd@mail.com,Japan,2021-11-22,Premium,38479.88
9834,Margaret White,davdrmqu@gmail.com,Japan,2023-04-16,Premium,18041.56
9835,Nancy Reeves,y3k3t9wa@example.com,Germany,2024-04-22,Premium,16328.94
9836,Kimberly Wilson,gvf1taxj@gmail.com,Italy,2022-02-24,Standard,13177.29
9837,Paul Taylor,w2bf2nan@outlook.com,India,2024-11-24,Standard,27652.55
9838,Kimberly Gonzalez,qa60zdwo@company.com,China,2021-08-21,Standard,7696.13
9839,Karen Roberts,gg8af6he@company.com,Germany,2024-02-11,Premium,22472.57
9840,Christopher Thompson,0a18hygj@test.com,USA,2023-07-24,Basic,10855.47
9841,Nancy Johnson,o23czudz@yahoo.com,France,2020-09-20,Premium,26975.49
9842,Margaret Jackson,4rvw46hx@gmail.com,Switzerland,2020-07-24,Basic,26200.53
9843,Michael Edwards,27eptcwf@example.com,Canada,2021-02-26,Basic,23814.25
9844,Ashley Garcia,juyhtzor@example.com,Norway,2024-01-13,Basic,26283.77
9845,Andrew Taylor,t4fjpqp6@example.com,Sweden,2020-04-04,Premium,49647.62
9846,Christopher Reeves,5fg1ilun@gmail.com,Sweden,2021-12-10,Standard,1605.9
9847,John Reeves,rauauagb@mail.com,Norway,2021-11-07,Premium,44599.72
9848,Donna Gonzalez,iv3jp4hy@gmail.com,Germany,2022-09-02,Basic,19639.07
9849,Linda Martinez,1yobnhbc@yahoo.com,Spain,2024-11-12,Premium,25403.08
9850,Sarah Reeves,vvifkmbp@mail.com,India,2021-09-08,Basic,26393.81
9851,Thomas Martin,r3gqcaib@example.com,Japan,2020-10-02,Basic,48911.66
9852,Richard Miller,uei468n5@example.com,Australia,2021-05-28,Premium,21970.56
9853,Thomas Davis,6lbc54yo@gmail.com,Japan,2022-06-28,Premium,15671.47
9854,Steven Garcia,5vbgsgll@yahoo.com,Germany,2020-09-06,Basic,43763.83
9855,Jennifer Collins,gx4xvut7@email.com,Norway,2022-08-17,Standard,10650.43
9856,Kimberly Rodriguez,9i2c1lnd@outlook.com,Brazil,2023-09-22,Premium,21652.32
9857,Robert Collins,yq35iyil@gmail.com,Sweden,2020-03-01,Standard,469.29
9858,Paul Martinez,jk490ghy@yahoo.com,USA,2023-08-02,Basic,28242.68
9859,Donald Taylor,f57q2n6h@example.com,Germany,2021-09-27,Basic,11800.93
9860,Joseph Jones,zu8exuzv@yahoo.com,UK,2022-12-20,Basic,15401.25
9861,Matthew Lopez,ulweymzk@gmail.com,Norway,2020-04-14,Basic,18548.72
9862,Donald Williams,2m319uhe@company.com,Italy,2023-09-21,Standard,42414.61
9863,Barbara Thompson,pwpg1zl3@test.com,Mexico,2023-04-01,Standard,17832.06
9864,Richard Perez,u7phfocs@company.com,China,2021-10-17,Basic,37991.65
9865,Matthew Smith,qzldd2h9@gmail.com,UK,2020-02-05,Standard,43050.68
9866,Donna Martinez,aolk6alt@email.com,Brazil,2023-06-08,Premium,12390.96
9867,Kimberly Taylor,5364e1a7@example.com,USA,2022-02-19,Basic,287.56
9868,Sandra White,881369n0@company.com,South Korea,2021-11-30,Basic,2145.75
9869,Sandra Roberts,wnesbogh@test.com,France,2020-03-26,Standard,9158.67
9870,John White,md3m2nz2@outlook.com,France,2020-09-28,Basic,41536.32
9871,Matthew Davis,e5jul60v@mail.com,France,2023-03-29,Premium,6993.86
9872,Margaret Williams,jsii63ax@gmail.com,Netherlands,2024-12-02,Premium,32689.27
9873,Jennifer Gonzalez,y21cj2cy@yahoo.com,Germany,2020-04-02,Premium,41658.76
9874,Linda Roberts,tiocvqcy@test.com,Norway,2023-11-17,Standard,18099.35
9875,Michael Williams,nnf25t44@yahoo.com,France,2024-10-19,Standard,16966.48
9876,Lisa Moore,aztyg10x@email.com,Norway,2022-12-23,Standard,14208.49
9877,Daniel Lee,yv7fjiq0@gmail.com,Japan,2022-08-22,Basic,18714.74
9878,Nancy Thompson,8b27p360@company.com,Mexico,2023-02-20,Standard,6079.51
9879,Emily Roberts,9dk9qwsw@email.com,Brazil,2020-01-07,Premium,4070.67
9880,Emily Lee,pe7ei7ow@company.com,Australia,2020-12-26,Premium,27587.47
9881,Sandra Hernandez,nwymqfpc@gmail.com,France,2024-08-21,Basic,47909.62
9882,Robert Perez,kb4pcyn6@company.com,Germany,2024-01-02,Standard,29279.63
9883,Patricia Moore,yhj038pz@example.com,Australia,2021-12-14,Standard,12307.52
9884,Linda Gonzalez,6t8y1n9m@yahoo.com,Japan,2020-02-28,Standard,18383.98
9885,Susan Harris,6qz46ran@email.com,Spain,2023-06-28,Premium,38789.88
9886,Paul Moore,bgm5i8wn@test.com,Germany,2023-07-31,Standard,1874.22
9887,Donald Roberts,zou68n52@email.com,Japan,2021-08-18,Standard,29503.82
9888,Daniel Taylor,8grersjn@yahoo.com,Sweden,2020-06-10,Premium,15718.97
9889,Michael Williams,5r0jxxvy@outlook.com,Netherlands,2020-02-11,Standard,48445.09
9890,Thomas Anderson,yl258xxg@mail.com,France,2023-07-03,Basic,48359.63
9891,Nancy Reeves,od60d6ce@yahoo.com,China,2022-09-14,Standard,35512.14
9892,Paul Brown,6pjpsl5f@outlook.com,USA,2023-08-09,Basic,20241.75
9893,William Davis,x5i3ucl0@example.com,UK,2021-01-17,Basic,37342.87
9894,Susan Johnson,7lau6ndg@company.com,India,2024-03-26,Basic,33979.47
9895,Betty Moore,67a2iid9@outlook.com,France,2023-05-20,Premium,4261.81
9896,David Davis,m0l935df@example.com,South Korea,2020-12-17,Basic,30468.38
9897,William Harris,m0l8bydj@email.com,Spain,2024-01-27,Standard,29210.88
9898,Andrew Reeves,eexrpozb@mail.com,Japan,2023-11-27,Standard,5359.15
9899,Matthew Smith,0orvxbpr@outlook.com,UK,2023-03-30,Premium,33095.28
9900,James Thompson,8nhp8v3q@yahoo.com,Germany,2023-12-02,Standard,22552.14
9901,Paul Miller,0480h6ug@email.com,Italy,2024-02-28,Basic,1384.14
9902,Daniel Moore,cdqzz2u6@company.com,Netherlands,2020-10-24,Standard,35366.82
9903,Betty Edwards,fq2yr6o4@mail.com,France,2023-11-19,Standard,16067.29
9904,Christopher Jones,i7ukgu2u@mail.com,Switzerland,2020-09-21,Standard,31385.83
9905,Mary Wilson,uvrd3ukh@company.com,Brazil,2022-11-13,Basic,8959.65
9906,James Thompson,sm3neexs@gmail.com,Mexico,2024-02-20,Basic,45510.88
9907,Richard Brown,nkyiih5g@outlook.com,India,2024-08-07,Standard,12960.19
9908,Emily Jones,r7jisdvj@outlook.com,Spain,2021-08-28,Basic,13954.77
9909,David Wilson,azyw40jn@company.com,Brazil,2024-09-02,Standard,29179.86
9910,Kimberly Anderson,5mvgj4yz@gmail.com,Canada,2021-01-18,Standard,11098.55
9911,Paul Harris,8qv0nur0@test.com,Canada,2021-12-04,Premium,5568.24
9912,Michael Martin,l366c291@company.com,Spain,2022-07-24,Standard,45332.16
9913,James Martin,jfu9u8f4@outlook.com,UK,2023-06-01,Standard,2913.95
9914,Thomas Harris,6jcz48zi@mail.com,Japan,2023-10-13,Standard,45395.1
9915,David Brown,n1xrh8pz@outlook.com,Switzerland,2021-07-22,Basic,16968.4
9916,Mark Wilson,qk4gt6pb@email.com,Germany,2022-11-21,Standard,23305.68
9917,Mary Williams,lpvtfqmo@yahoo.com,Brazil,2020-03-15,Premium,2029.03
9918,Betty Perez,e0hdwfj3@outlook.com,China,2020-12-03,Standard,13171.99
9919,Christopher Martin,6k7cfu69@email.com,USA,2024-10-23,Standard,7934.25
9920,Michael Reeves,gjtrvhpr@email.com,Australia,2020-02-09,Basic,37357.98
9921,Margaret Harris,b6wvsw2m@gmail.com,Mexico,2021-07-03,Standard,26284.86
9922,William Miller,6fiz791r@gmail.com,India,2022-10-04,Premium,21458.68
9923,Daniel Gonzalez,vtp97nrj@mail.com,France,2024-01-07,Premium,30197.41
9924,Richard White,p8h7ljxp@example.com,Japan,2024-01-21,Premium,19447.29
9925,Donald Rodriguez,e54aet0b@mail.com,Italy,2020-03-23,Basic,49475.41
9926,Karen Wilson,ztxx16g7@yahoo.com,Netherlands,2023-04-24,Standard,14373.37
9927,Emily Wilson,503kf1ff@yahoo.com,Switzerland,2021-10-11,Basic,39694.0
9928,Emily Martinez,1qdw8s9p@mail.com,Norway,2021-04-24,Premium,3076.35
9929,Ashley Johnson,c05fwizh@gmail.com,Italy,2021-06-26,Standard,36079.08
9930,Steven Thompson,ir48pzm3@yahoo.com,Australia,2020-10-25,Premium,1667.85
9931,Ashley Taylor,pflyixva@example.com,Sweden,2023-07-16,Basic,47242.92
9932,Betty Jackson,4ko0vg16@gmail.com,South Korea,2020-10-20,Standard,33862.91
9933,Matthew Collins,3kn4plkk@yahoo.com,Italy,2020-03-28,Premium,26986.41
9934,Lisa Roberts,obxyyk68@test.com,Norway,2020-10-01,Premium,24444.45
9935,Karen Williams,c3rprh1r@example.com,India,2024-02-18,Standard,34083.73
9936,Daniel Rodriguez,x4oge5lb@example.com,Spain,2020-04-28,Standard,9673.14
9937,Donald Jackson,f265agmu@outlook.com,Germany,2020-06-06,Standard,47484.0
9938,Ashley Johnson,cs41tpcc@yahoo.com,China,2022-09-27,Standard,2115.86
9939,Richard Martin,3eheutal@gmail.com,Italy,2023-01-12,Premium,47901.42
9940,Thomas Perez,y0otlitg@mail.com,Australia,2023-10-19,Premium,27873.53
9941,William White,,UK,2022-05-19,Basic,36194.79
9942,Charles Garcia,,Australia,2020-01-07,Standard,6838.13
9943,Michael Collins,,Switzerland,2023-08-08,Basic,24528.55
9944,Paul Jackson,,Switzerland,2020-05-01,Basic,12166.87
9945,Donald Jackson,,Australia,2020-03-19,Standard,8255.62
9946,Karen Roberts,,Japan,2022-04-02,Basic,2875.23
9947,Andrew Lee,,Sweden,2024-09-05,Basic,23724.22
9948,Steven Gonzalez,,Germany,2022-06-26,Standard,14467.49
9949,Barbara Lopez,,China,2020-03-02,Standard,4177.77
9950,Donna Martinez,,Spain,2020-01-23,Basic,49507.46
9951,Barbara Roberts,,Switzerland,2021-05-06,Premium,6163.88
9952,Steven Moore,,Netherlands,2023-06-10,Basic,213.5
9953,Linda Smith,,Australia,2024-07-23,Premium,9310.01
9954,Susan Hernandez,,UK,2024-03-29,Standard,1880.34
9955,John Martin,,China,2023-12-02,Basic,32518.09
9956,Michael Thomas,,Sweden,2021-12-04,Basic,45737.7
9957,Lisa Davis,,Netherlands,2022-09-27,Premium,15123.98
9958,Jennifer Hernandez,,Germany,2020-07-05,Basic,522.86
9959,Jennifer Garcia,,Canada,2022-10-07,Basic,3974.26
9960,Nancy Collins,,Brazil,2020-03-13,Basic,1726.25
9961,John Perez,,Spain,2020-06-06,Basic,45601.98
9962,Barbara Taylor,,Germany,2021-08-24,Standard,48357.08
9963,Ashley Davis,,Japan,2023-05-16,Premium,35003.55
9964,Charles Lee,,Canada,2023-04-12,Standard,14851.43
9965,Mark Edwards,,Canada,2024-10-12,Premium,29315.62
9966,Ashley Roberts,,Spain,2024-04-10,Standard,29404.6
9967,John Thomas,,China,2023-01-16,Basic,10548.8
9968,Kimberly Taylor,,UK,2020-08-23,Premium,31374.22
9969,Michael Moore,,India,2024-05-01,Premium,37131.81
9970,Jessica Edwards,,Brazil,2023-07-12,Premium,48885.03
9971,Matthew Garcia,,Sweden,2023-08-13,Standard,10795.19
9972,Donna Brown,,Canada,2023-05-21,Basic,22228.82
9973,Michael Taylor,,Australia,2021-07-28,Premium,30508.61
9974,Barbara Williams,,USA,2021-03-12,Premium,17534.88
9975,Thomas Wilson,,China,2022-03-09,Premium,33524.15
9976,William Garcia,,Mexico,2020-11-22,Standard,22920.58
9977,Emily Thomas,,South Korea,2021-12-12,Basic,33499.44
9978,Charles Williams,,Switzerland,2024-07-27,Basic,5231.9
9979,Daniel White,,UK,2022-12-31,Basic,48653.0
9980,Ashley Lopez,,Netherlands,2022-06-12,Standard,9131.99
9981,Patricia Moore,,Switzerland,2021-10-16,Basic,25440.85
9982,Nancy Thomas,,South Korea,2020-06-05,Basic,8201.79
9983,Donna Thomas,,Switzerland,2022-11-22,Basic,12564.59
9984,Mary Jackson,,Australia,2021-03-18,Standard,39688.1
9985,James Anderson,,China,2021-04-09,Basic,22830.08
9986,Andrew Jones,,USA,2023-01-08,Premium,18761.7
9987,Robert Lee,,UK,2024-11-26,Standard,45888.18
9988,Matthew White,,Norway,2020-06-15,Basic,33019.94
9989,Mary Thompson,,Spain,2023-12-29,Premium,40754.65
9990,Ashley Rodriguez,,USA,2024-09-22,Basic,45984.92
8973,Emily Moore,1dvtx565@email.com,India,2022-12-27,Basic,13295.8
5572,John White,8f3487fd@yahoo.com,China,2023-08-16,Standard,46169.91
9657,Andrew Lee,oyfiiffa@company.com,Mexico,2024-07-20,Premium,49127.06
7154,Donald Thomas,wd8gdlz5@company.com,Australia,2021-03-05,Standard,46824.24
7492,Thomas Martin,iagy967y@test.com,Mexico,2024-08-14,Basic,20162.06
2935,Sarah Brown,uk1ot1sz@example.com,France,2022-08-04,Premium,34010.49
6458,Nancy Taylor,cbfucul4@mail.com,UK,2022-05-31,Basic,27714.05
2295,Donna Edwards,0qxyy4px@test.com,Canada,2021-07-10,Standard,11560.53
1345,Betty Lee,2387s9u0@email.com,China,2020-01-08,Premium,9219.08
2360,William Gonzalez,i21xcbb1@gmail.com,South Korea,2023-11-30,Standard,21406.43
